data,concelho,var,n
2007/1 Trimestre,Cascais,Fogos em Oferta,2820
2007/1 Trimestre,Lisboa,Fogos em Oferta,6303
2007/1 Trimestre,Loures,Fogos em Oferta,593
2007/1 Trimestre,Mafra,Fogos em Oferta,271
2007/1 Trimestre,Oeiras,Fogos em Oferta,2319
2007/1 Trimestre,Sintra,Fogos em Oferta,3653
2007/1 Trimestre,Vila Franca de Xira,Fogos em Oferta,755
2007/1 Trimestre,Amadora,Fogos em Oferta,1927
2007/1 Trimestre,Odivelas,Fogos em Oferta,897
2007/1 Trimestre,Alcochete,Fogos em Oferta,333
2007/1 Trimestre,Almada,Fogos em Oferta,2503
2007/1 Trimestre,Barreiro,Fogos em Oferta,251
2007/1 Trimestre,Moita,Fogos em Oferta,272
2007/1 Trimestre,Montijo,Fogos em Oferta,547
2007/1 Trimestre,Palmela,Fogos em Oferta,673
2007/1 Trimestre,Seixal,Fogos em Oferta,2018
2007/1 Trimestre,Sesimbra,Fogos em Oferta,1123
2007/1 Trimestre,Setúbal,Fogos em Oferta,2085
2007/1 Trimestre,Espinho,Fogos em Oferta,22
2007/1 Trimestre,Gondomar,Fogos em Oferta,1422
2007/1 Trimestre,Maia,Fogos em Oferta,1533
2007/1 Trimestre,Matosinhos,Fogos em Oferta,2601
2007/1 Trimestre,Porto,Fogos em Oferta,3921
2007/1 Trimestre,Póvoa de Varzim,Fogos em Oferta,74
2007/1 Trimestre,Valongo,Fogos em Oferta,676
2007/1 Trimestre,Vila do Conde,Fogos em Oferta,149
2007/1 Trimestre,Vila Nova de Gaia,Fogos em Oferta,3965
2007/1 Trimestre,Cascais,Valor de Oferta / m2,2188
2007/1 Trimestre,Lisboa,Valor de Oferta / m2,2622
2007/1 Trimestre,Loures,Valor de Oferta / m2,1747
2007/1 Trimestre,Mafra,Valor de Oferta / m2,1395
2007/1 Trimestre,Oeiras,Valor de Oferta / m2,2089
2007/1 Trimestre,Sintra,Valor de Oferta / m2,1428
2007/1 Trimestre,Vila Franca de Xira,Valor de Oferta / m2,1540
2007/1 Trimestre,Amadora,Valor de Oferta / m2,1724
2007/1 Trimestre,Odivelas,Valor de Oferta / m2,1632
2007/1 Trimestre,Alcochete,Valor de Oferta / m2,1198
2007/1 Trimestre,Almada,Valor de Oferta / m2,1596
2007/1 Trimestre,Barreiro,Valor de Oferta / m2,1093
2007/1 Trimestre,Moita,Valor de Oferta / m2,1033
2007/1 Trimestre,Montijo,Valor de Oferta / m2,1256
2007/1 Trimestre,Palmela,Valor de Oferta / m2,1188
2007/1 Trimestre,Seixal,Valor de Oferta / m2,1377
2007/1 Trimestre,Sesimbra,Valor de Oferta / m2,1433
2007/1 Trimestre,Setúbal,Valor de Oferta / m2,1238
2007/1 Trimestre,Espinho,Valor de Oferta / m2,1478
2007/1 Trimestre,Gondomar,Valor de Oferta / m2,1001
2007/1 Trimestre,Maia,Valor de Oferta / m2,1118
2007/1 Trimestre,Matosinhos,Valor de Oferta / m2,1559
2007/1 Trimestre,Porto,Valor de Oferta / m2,1872
2007/1 Trimestre,Póvoa de Varzim,Valor de Oferta / m2,1328
2007/1 Trimestre,Valongo,Valor de Oferta / m2,970
2007/1 Trimestre,Vila do Conde,Valor de Oferta / m2,1295
2007/1 Trimestre,Vila Nova de Gaia,Valor de Oferta / m2,1173
2007/2 Trimestre,Cascais,Fogos em Oferta,3113
2007/2 Trimestre,Lisboa,Fogos em Oferta,6406
2007/2 Trimestre,Loures,Fogos em Oferta,713
2007/2 Trimestre,Mafra,Fogos em Oferta,353
2007/2 Trimestre,Oeiras,Fogos em Oferta,2108
2007/2 Trimestre,Sintra,Fogos em Oferta,2816
2007/2 Trimestre,Vila Franca de Xira,Fogos em Oferta,779
2007/2 Trimestre,Amadora,Fogos em Oferta,2237
2007/2 Trimestre,Odivelas,Fogos em Oferta,1022
2007/2 Trimestre,Alcochete,Fogos em Oferta,357
2007/2 Trimestre,Almada,Fogos em Oferta,2032
2007/2 Trimestre,Barreiro,Fogos em Oferta,242
2007/2 Trimestre,Moita,Fogos em Oferta,273
2007/2 Trimestre,Montijo,Fogos em Oferta,586
2007/2 Trimestre,Palmela,Fogos em Oferta,677
2007/2 Trimestre,Seixal,Fogos em Oferta,1652
2007/2 Trimestre,Sesimbra,Fogos em Oferta,925
2007/2 Trimestre,Setúbal,Fogos em Oferta,2155
2007/2 Trimestre,Espinho,Fogos em Oferta,26
2007/2 Trimestre,Gondomar,Fogos em Oferta,1473
2007/2 Trimestre,Maia,Fogos em Oferta,1585
2007/2 Trimestre,Matosinhos,Fogos em Oferta,2760
2007/2 Trimestre,Porto,Fogos em Oferta,4303
2007/2 Trimestre,Póvoa de Varzim,Fogos em Oferta,210
2007/2 Trimestre,Valongo,Fogos em Oferta,679
2007/2 Trimestre,Vila do Conde,Fogos em Oferta,139
2007/2 Trimestre,Vila Nova de Gaia,Fogos em Oferta,3560
2007/2 Trimestre,Cascais,Valor de Oferta / m2,2229
2007/2 Trimestre,Lisboa,Valor de Oferta / m2,2657
2007/2 Trimestre,Loures,Valor de Oferta / m2,1764
2007/2 Trimestre,Mafra,Valor de Oferta / m2,1435
2007/2 Trimestre,Oeiras,Valor de Oferta / m2,2102
2007/2 Trimestre,Sintra,Valor de Oferta / m2,1468
2007/2 Trimestre,Vila Franca de Xira,Valor de Oferta / m2,1539
2007/2 Trimestre,Amadora,Valor de Oferta / m2,1750
2007/2 Trimestre,Odivelas,Valor de Oferta / m2,1652
2007/2 Trimestre,Alcochete,Valor de Oferta / m2,1191
2007/2 Trimestre,Almada,Valor de Oferta / m2,1560
2007/2 Trimestre,Barreiro,Valor de Oferta / m2,1096
2007/2 Trimestre,Moita,Valor de Oferta / m2,1032
2007/2 Trimestre,Montijo,Valor de Oferta / m2,1240
2007/2 Trimestre,Palmela,Valor de Oferta / m2,1189
2007/2 Trimestre,Seixal,Valor de Oferta / m2,1394
2007/2 Trimestre,Sesimbra,Valor de Oferta / m2,1455
2007/2 Trimestre,Setúbal,Valor de Oferta / m2,1238
2007/2 Trimestre,Espinho,Valor de Oferta / m2,1482
2007/2 Trimestre,Gondomar,Valor de Oferta / m2,1001
2007/2 Trimestre,Maia,Valor de Oferta / m2,1107
2007/2 Trimestre,Matosinhos,Valor de Oferta / m2,1534
2007/2 Trimestre,Porto,Valor de Oferta / m2,1856
2007/2 Trimestre,Póvoa de Varzim,Valor de Oferta / m2,1388
2007/2 Trimestre,Valongo,Valor de Oferta / m2,950
2007/2 Trimestre,Vila do Conde,Valor de Oferta / m2,1328
2007/2 Trimestre,Vila Nova de Gaia,Valor de Oferta / m2,1155
2007/3 Trimestre,Cascais,Fogos em Oferta,3251
2007/3 Trimestre,Lisboa,Fogos em Oferta,6348
2007/3 Trimestre,Loures,Fogos em Oferta,1191
2007/3 Trimestre,Mafra,Fogos em Oferta,391
2007/3 Trimestre,Oeiras,Fogos em Oferta,2292
2007/3 Trimestre,Sintra,Fogos em Oferta,3261
2007/3 Trimestre,Vila Franca de Xira,Fogos em Oferta,1971
2007/3 Trimestre,Amadora,Fogos em Oferta,2599
2007/3 Trimestre,Odivelas,Fogos em Oferta,1979
2007/3 Trimestre,Alcochete,Fogos em Oferta,450
2007/3 Trimestre,Almada,Fogos em Oferta,2326
2007/3 Trimestre,Barreiro,Fogos em Oferta,327
2007/3 Trimestre,Moita,Fogos em Oferta,374
2007/3 Trimestre,Montijo,Fogos em Oferta,714
2007/3 Trimestre,Palmela,Fogos em Oferta,708
2007/3 Trimestre,Seixal,Fogos em Oferta,1720
2007/3 Trimestre,Sesimbra,Fogos em Oferta,966
2007/3 Trimestre,Setúbal,Fogos em Oferta,2235
2007/3 Trimestre,Espinho,Fogos em Oferta,24
2007/3 Trimestre,Gondomar,Fogos em Oferta,1553
2007/3 Trimestre,Maia,Fogos em Oferta,1700
2007/3 Trimestre,Matosinhos,Fogos em Oferta,3035
2007/3 Trimestre,Porto,Fogos em Oferta,3795
2007/3 Trimestre,Póvoa de Varzim,Fogos em Oferta,63
2007/3 Trimestre,Valongo,Fogos em Oferta,683
2007/3 Trimestre,Vila do Conde,Fogos em Oferta,123
2007/3 Trimestre,Vila Nova de Gaia,Fogos em Oferta,3674
2007/3 Trimestre,Cascais,Valor de Oferta / m2,2264
2007/3 Trimestre,Lisboa,Valor de Oferta / m2,2661
2007/3 Trimestre,Loures,Valor de Oferta / m2,1690
2007/3 Trimestre,Mafra,Valor de Oferta / m2,1438
2007/3 Trimestre,Oeiras,Valor de Oferta / m2,2112
2007/3 Trimestre,Sintra,Valor de Oferta / m2,1438
2007/3 Trimestre,Vila Franca de Xira,Valor de Oferta / m2,1465
2007/3 Trimestre,Amadora,Valor de Oferta / m2,1747
2007/3 Trimestre,Odivelas,Valor de Oferta / m2,1626
2007/3 Trimestre,Alcochete,Valor de Oferta / m2,1161
2007/3 Trimestre,Almada,Valor de Oferta / m2,1569
2007/3 Trimestre,Barreiro,Valor de Oferta / m2,1090
2007/3 Trimestre,Moita,Valor de Oferta / m2,1049
2007/3 Trimestre,Montijo,Valor de Oferta / m2,1224
2007/3 Trimestre,Palmela,Valor de Oferta / m2,1187
2007/3 Trimestre,Seixal,Valor de Oferta / m2,1360
2007/3 Trimestre,Sesimbra,Valor de Oferta / m2,1429
2007/3 Trimestre,Setúbal,Valor de Oferta / m2,1242
2007/3 Trimestre,Espinho,Valor de Oferta / m2,1347
2007/3 Trimestre,Gondomar,Valor de Oferta / m2,995
2007/3 Trimestre,Maia,Valor de Oferta / m2,1123
2007/3 Trimestre,Matosinhos,Valor de Oferta / m2,1646
2007/3 Trimestre,Porto,Valor de Oferta / m2,1852
2007/3 Trimestre,Póvoa de Varzim,Valor de Oferta / m2,1339
2007/3 Trimestre,Valongo,Valor de Oferta / m2,959
2007/3 Trimestre,Vila do Conde,Valor de Oferta / m2,1307
2007/3 Trimestre,Vila Nova de Gaia,Valor de Oferta / m2,1150
2007/4 Trimestre,Cascais,Fogos em Oferta,3617
2007/4 Trimestre,Lisboa,Fogos em Oferta,6936
2007/4 Trimestre,Loures,Fogos em Oferta,1312
2007/4 Trimestre,Mafra,Fogos em Oferta,411
2007/4 Trimestre,Oeiras,Fogos em Oferta,2284
2007/4 Trimestre,Sintra,Fogos em Oferta,3138
2007/4 Trimestre,Vila Franca de Xira,Fogos em Oferta,2152
2007/4 Trimestre,Amadora,Fogos em Oferta,2719
2007/4 Trimestre,Odivelas,Fogos em Oferta,2080
2007/4 Trimestre,Alcochete,Fogos em Oferta,452
2007/4 Trimestre,Almada,Fogos em Oferta,2315
2007/4 Trimestre,Barreiro,Fogos em Oferta,227
2007/4 Trimestre,Moita,Fogos em Oferta,311
2007/4 Trimestre,Montijo,Fogos em Oferta,1009
2007/4 Trimestre,Palmela,Fogos em Oferta,671
2007/4 Trimestre,Seixal,Fogos em Oferta,1784
2007/4 Trimestre,Sesimbra,Fogos em Oferta,1017
2007/4 Trimestre,Setúbal,Fogos em Oferta,2094
2007/4 Trimestre,Espinho,Fogos em Oferta,45
2007/4 Trimestre,Gondomar,Fogos em Oferta,1666
2007/4 Trimestre,Maia,Fogos em Oferta,1768
2007/4 Trimestre,Matosinhos,Fogos em Oferta,2950
2007/4 Trimestre,Porto,Fogos em Oferta,3793
2007/4 Trimestre,Póvoa de Varzim,Fogos em Oferta,61
2007/4 Trimestre,Valongo,Fogos em Oferta,707
2007/4 Trimestre,Vila do Conde,Fogos em Oferta,133
2007/4 Trimestre,Vila Nova de Gaia,Fogos em Oferta,3853
2007/4 Trimestre,Cascais,Valor de Oferta / m2,2260
2007/4 Trimestre,Lisboa,Valor de Oferta / m2,2700
2007/4 Trimestre,Loures,Valor de Oferta / m2,1717
2007/4 Trimestre,Mafra,Valor de Oferta / m2,1454
2007/4 Trimestre,Oeiras,Valor de Oferta / m2,2159
2007/4 Trimestre,Sintra,Valor de Oferta / m2,1488
2007/4 Trimestre,Vila Franca de Xira,Valor de Oferta / m2,1481
2007/4 Trimestre,Amadora,Valor de Oferta / m2,1732
2007/4 Trimestre,Odivelas,Valor de Oferta / m2,1634
2007/4 Trimestre,Alcochete,Valor de Oferta / m2,1158
2007/4 Trimestre,Almada,Valor de Oferta / m2,1572
2007/4 Trimestre,Barreiro,Valor de Oferta / m2,1142
2007/4 Trimestre,Moita,Valor de Oferta / m2,1089
2007/4 Trimestre,Montijo,Valor de Oferta / m2,1264
2007/4 Trimestre,Palmela,Valor de Oferta / m2,1196
2007/4 Trimestre,Seixal,Valor de Oferta / m2,1369
2007/4 Trimestre,Sesimbra,Valor de Oferta / m2,1441
2007/4 Trimestre,Setúbal,Valor de Oferta / m2,1234
2007/4 Trimestre,Espinho,Valor de Oferta / m2,1306
2007/4 Trimestre,Gondomar,Valor de Oferta / m2,987
2007/4 Trimestre,Maia,Valor de Oferta / m2,1119
2007/4 Trimestre,Matosinhos,Valor de Oferta / m2,1589
2007/4 Trimestre,Porto,Valor de Oferta / m2,1845
2007/4 Trimestre,Póvoa de Varzim,Valor de Oferta / m2,1341
2007/4 Trimestre,Valongo,Valor de Oferta / m2,970
2007/4 Trimestre,Vila do Conde,Valor de Oferta / m2,1313
2007/4 Trimestre,Vila Nova de Gaia,Valor de Oferta / m2,1153
2008/1 Trimestre,Cascais,Fogos em Oferta,4229
2008/1 Trimestre,Lisboa,Fogos em Oferta,7440
2008/1 Trimestre,Loures,Fogos em Oferta,1391
2008/1 Trimestre,Mafra,Fogos em Oferta,433
2008/1 Trimestre,Oeiras,Fogos em Oferta,2841
2008/1 Trimestre,Sintra,Fogos em Oferta,5556
2008/1 Trimestre,Vila Franca de Xira,Fogos em Oferta,2409
2008/1 Trimestre,Amadora,Fogos em Oferta,3203
2008/1 Trimestre,Odivelas,Fogos em Oferta,2238
2008/1 Trimestre,Alcochete,Fogos em Oferta,448
2008/1 Trimestre,Almada,Fogos em Oferta,2289
2008/1 Trimestre,Barreiro,Fogos em Oferta,293
2008/1 Trimestre,Moita,Fogos em Oferta,342
2008/1 Trimestre,Montijo,Fogos em Oferta,1076
2008/1 Trimestre,Palmela,Fogos em Oferta,717
2008/1 Trimestre,Seixal,Fogos em Oferta,2004
2008/1 Trimestre,Sesimbra,Fogos em Oferta,1136
2008/1 Trimestre,Setúbal,Fogos em Oferta,2260
2008/1 Trimestre,Espinho,Fogos em Oferta,41
2008/1 Trimestre,Gondomar,Fogos em Oferta,1221
2008/1 Trimestre,Maia,Fogos em Oferta,1632
2008/1 Trimestre,Matosinhos,Fogos em Oferta,3056
2008/1 Trimestre,Porto,Fogos em Oferta,4220
2008/1 Trimestre,Póvoa de Varzim,Fogos em Oferta,66
2008/1 Trimestre,Valongo,Fogos em Oferta,537
2008/1 Trimestre,Vila do Conde,Fogos em Oferta,143
2008/1 Trimestre,Vila Nova de Gaia,Fogos em Oferta,3611
2008/1 Trimestre,Cascais,Valor de Oferta / m2,2207
2008/1 Trimestre,Lisboa,Valor de Oferta / m2,2690
2008/1 Trimestre,Loures,Valor de Oferta / m2,1644
2008/1 Trimestre,Mafra,Valor de Oferta / m2,1397
2008/1 Trimestre,Oeiras,Valor de Oferta / m2,2035
2008/1 Trimestre,Sintra,Valor de Oferta / m2,1364
2008/1 Trimestre,Vila Franca de Xira,Valor de Oferta / m2,1394
2008/1 Trimestre,Amadora,Valor de Oferta / m2,1696
2008/1 Trimestre,Odivelas,Valor de Oferta / m2,1555
2008/1 Trimestre,Alcochete,Valor de Oferta / m2,1277
2008/1 Trimestre,Almada,Valor de Oferta / m2,1579
2008/1 Trimestre,Barreiro,Valor de Oferta / m2,1156
2008/1 Trimestre,Moita,Valor de Oferta / m2,1073
2008/1 Trimestre,Montijo,Valor de Oferta / m2,1272
2008/1 Trimestre,Palmela,Valor de Oferta / m2,1244
2008/1 Trimestre,Seixal,Valor de Oferta / m2,1370
2008/1 Trimestre,Sesimbra,Valor de Oferta / m2,1562
2008/1 Trimestre,Setúbal,Valor de Oferta / m2,1242
2008/1 Trimestre,Espinho,Valor de Oferta / m2,1342
2008/1 Trimestre,Gondomar,Valor de Oferta / m2,1147
2008/1 Trimestre,Maia,Valor de Oferta / m2,1217
2008/1 Trimestre,Matosinhos,Valor de Oferta / m2,1676
2008/1 Trimestre,Porto,Valor de Oferta / m2,1941
2008/1 Trimestre,Póvoa de Varzim,Valor de Oferta / m2,1620
2008/1 Trimestre,Valongo,Valor de Oferta / m2,1146
2008/1 Trimestre,Vila do Conde,Valor de Oferta / m2,1483
2008/1 Trimestre,Vila Nova de Gaia,Valor de Oferta / m2,1260
2008/2 Trimestre,Cascais,Fogos em Oferta,4584
2008/2 Trimestre,Lisboa,Fogos em Oferta,7555
2008/2 Trimestre,Loures,Fogos em Oferta,1504
2008/2 Trimestre,Mafra,Fogos em Oferta,499
2008/2 Trimestre,Oeiras,Fogos em Oferta,2715
2008/2 Trimestre,Sintra,Fogos em Oferta,3856
2008/2 Trimestre,Vila Franca de Xira,Fogos em Oferta,2468
2008/2 Trimestre,Amadora,Fogos em Oferta,3318
2008/2 Trimestre,Odivelas,Fogos em Oferta,2319
2008/2 Trimestre,Alcochete,Fogos em Oferta,466
2008/2 Trimestre,Almada,Fogos em Oferta,2487
2008/2 Trimestre,Barreiro,Fogos em Oferta,465
2008/2 Trimestre,Moita,Fogos em Oferta,320
2008/2 Trimestre,Montijo,Fogos em Oferta,1195
2008/2 Trimestre,Palmela,Fogos em Oferta,666
2008/2 Trimestre,Seixal,Fogos em Oferta,2343
2008/2 Trimestre,Sesimbra,Fogos em Oferta,1212
2008/2 Trimestre,Setúbal,Fogos em Oferta,2001
2008/2 Trimestre,Espinho,Fogos em Oferta,40
2008/2 Trimestre,Gondomar,Fogos em Oferta,1485
2008/2 Trimestre,Maia,Fogos em Oferta,1768
2008/2 Trimestre,Matosinhos,Fogos em Oferta,3368
2008/2 Trimestre,Porto,Fogos em Oferta,4899
2008/2 Trimestre,Póvoa de Varzim,Fogos em Oferta,356
2008/2 Trimestre,Valongo,Fogos em Oferta,614
2008/2 Trimestre,Vila do Conde,Fogos em Oferta,352
2008/2 Trimestre,Vila Nova de Gaia,Fogos em Oferta,3454
2008/2 Trimestre,Cascais,Valor de Oferta / m2,2090
2008/2 Trimestre,Lisboa,Valor de Oferta / m2,2618
2008/2 Trimestre,Loures,Valor de Oferta / m2,1587
2008/2 Trimestre,Mafra,Valor de Oferta / m2,1390
2008/2 Trimestre,Oeiras,Valor de Oferta / m2,1934
2008/2 Trimestre,Sintra,Valor de Oferta / m2,1369
2008/2 Trimestre,Vila Franca de Xira,Valor de Oferta / m2,1383
2008/2 Trimestre,Amadora,Valor de Oferta / m2,1644
2008/2 Trimestre,Odivelas,Valor de Oferta / m2,1511
2008/2 Trimestre,Alcochete,Valor de Oferta / m2,1275
2008/2 Trimestre,Almada,Valor de Oferta / m2,1568
2008/2 Trimestre,Barreiro,Valor de Oferta / m2,1144
2008/2 Trimestre,Moita,Valor de Oferta / m2,1069
2008/2 Trimestre,Montijo,Valor de Oferta / m2,1271
2008/2 Trimestre,Palmela,Valor de Oferta / m2,1233
2008/2 Trimestre,Seixal,Valor de Oferta / m2,1368
2008/2 Trimestre,Sesimbra,Valor de Oferta / m2,1541
2008/2 Trimestre,Setúbal,Valor de Oferta / m2,1266
2008/2 Trimestre,Espinho,Valor de Oferta / m2,1381
2008/2 Trimestre,Gondomar,Valor de Oferta / m2,988
2008/2 Trimestre,Maia,Valor de Oferta / m2,1106
2008/2 Trimestre,Matosinhos,Valor de Oferta / m2,1553
2008/2 Trimestre,Porto,Valor de Oferta / m2,1843
2008/2 Trimestre,Póvoa de Varzim,Valor de Oferta / m2,1345
2008/2 Trimestre,Valongo,Valor de Oferta / m2,910
2008/2 Trimestre,Vila do Conde,Valor de Oferta / m2,1211
2008/2 Trimestre,Vila Nova de Gaia,Valor de Oferta / m2,1162
2008/3 Trimestre,Cascais,Fogos em Oferta,4611
2008/3 Trimestre,Lisboa,Fogos em Oferta,7832
2008/3 Trimestre,Loures,Fogos em Oferta,1560
2008/3 Trimestre,Mafra,Fogos em Oferta,505
2008/3 Trimestre,Oeiras,Fogos em Oferta,2901
2008/3 Trimestre,Sintra,Fogos em Oferta,4310
2008/3 Trimestre,Vila Franca de Xira,Fogos em Oferta,1758
2008/3 Trimestre,Amadora,Fogos em Oferta,3196
2008/3 Trimestre,Odivelas,Fogos em Oferta,2275
2008/3 Trimestre,Alcochete,Fogos em Oferta,462
2008/3 Trimestre,Almada,Fogos em Oferta,2453
2008/3 Trimestre,Barreiro,Fogos em Oferta,483
2008/3 Trimestre,Moita,Fogos em Oferta,346
2008/3 Trimestre,Montijo,Fogos em Oferta,1045
2008/3 Trimestre,Palmela,Fogos em Oferta,707
2008/3 Trimestre,Seixal,Fogos em Oferta,2444
2008/3 Trimestre,Sesimbra,Fogos em Oferta,1216
2008/3 Trimestre,Setúbal,Fogos em Oferta,2125
2008/3 Trimestre,Espinho,Fogos em Oferta,43
2008/3 Trimestre,Gondomar,Fogos em Oferta,1454
2008/3 Trimestre,Maia,Fogos em Oferta,1250
2008/3 Trimestre,Matosinhos,Fogos em Oferta,2600
2008/3 Trimestre,Porto,Fogos em Oferta,4149
2008/3 Trimestre,Póvoa de Varzim,Fogos em Oferta,368
2008/3 Trimestre,Valongo,Fogos em Oferta,547
2008/3 Trimestre,Vila do Conde,Fogos em Oferta,337
2008/3 Trimestre,Vila Nova de Gaia,Fogos em Oferta,2462
2008/3 Trimestre,Cascais,Valor de Oferta / m2,2116
2008/3 Trimestre,Lisboa,Valor de Oferta / m2,2613
2008/3 Trimestre,Loures,Valor de Oferta / m2,1562
2008/3 Trimestre,Mafra,Valor de Oferta / m2,1352
2008/3 Trimestre,Oeiras,Valor de Oferta / m2,1929
2008/3 Trimestre,Sintra,Valor de Oferta / m2,1363
2008/3 Trimestre,Vila Franca de Xira,Valor de Oferta / m2,1374
2008/3 Trimestre,Amadora,Valor de Oferta / m2,1639
2008/3 Trimestre,Odivelas,Valor de Oferta / m2,1472
2008/3 Trimestre,Alcochete,Valor de Oferta / m2,1156
2008/3 Trimestre,Almada,Valor de Oferta / m2,1583
2008/3 Trimestre,Barreiro,Valor de Oferta / m2,1144
2008/3 Trimestre,Moita,Valor de Oferta / m2,1091
2008/3 Trimestre,Montijo,Valor de Oferta / m2,1279
2008/3 Trimestre,Palmela,Valor de Oferta / m2,1236
2008/3 Trimestre,Seixal,Valor de Oferta / m2,1365
2008/3 Trimestre,Sesimbra,Valor de Oferta / m2,1475
2008/3 Trimestre,Setúbal,Valor de Oferta / m2,1274
2008/3 Trimestre,Espinho,Valor de Oferta / m2,1362
2008/3 Trimestre,Gondomar,Valor de Oferta / m2,1013
2008/3 Trimestre,Maia,Valor de Oferta / m2,1098
2008/3 Trimestre,Matosinhos,Valor de Oferta / m2,1615
2008/3 Trimestre,Porto,Valor de Oferta / m2,1923
2008/3 Trimestre,Póvoa de Varzim,Valor de Oferta / m2,1335
2008/3 Trimestre,Valongo,Valor de Oferta / m2,882
2008/3 Trimestre,Vila do Conde,Valor de Oferta / m2,1191
2008/3 Trimestre,Vila Nova de Gaia,Valor de Oferta / m2,1153
2008/4 Trimestre,Cascais,Fogos em Oferta,5040
2008/4 Trimestre,Lisboa,Fogos em Oferta,8530
2008/4 Trimestre,Loures,Fogos em Oferta,1782
2008/4 Trimestre,Mafra,Fogos em Oferta,538
2008/4 Trimestre,Oeiras,Fogos em Oferta,3402
2008/4 Trimestre,Sintra,Fogos em Oferta,4262
2008/4 Trimestre,Vila Franca de Xira,Fogos em Oferta,2023
2008/4 Trimestre,Amadora,Fogos em Oferta,3716
2008/4 Trimestre,Odivelas,Fogos em Oferta,2527
2008/4 Trimestre,Alcochete,Fogos em Oferta,498
2008/4 Trimestre,Almada,Fogos em Oferta,2650
2008/4 Trimestre,Barreiro,Fogos em Oferta,504
2008/4 Trimestre,Moita,Fogos em Oferta,350
2008/4 Trimestre,Montijo,Fogos em Oferta,1103
2008/4 Trimestre,Palmela,Fogos em Oferta,636
2008/4 Trimestre,Seixal,Fogos em Oferta,3235
2008/4 Trimestre,Sesimbra,Fogos em Oferta,1230
2008/4 Trimestre,Setúbal,Fogos em Oferta,2066
2008/4 Trimestre,Espinho,Fogos em Oferta,53
2008/4 Trimestre,Gondomar,Fogos em Oferta,1260
2008/4 Trimestre,Maia,Fogos em Oferta,1186
2008/4 Trimestre,Matosinhos,Fogos em Oferta,2692
2008/4 Trimestre,Porto,Fogos em Oferta,4585
2008/4 Trimestre,Póvoa de Varzim,Fogos em Oferta,684
2008/4 Trimestre,Valongo,Fogos em Oferta,551
2008/4 Trimestre,Vila do Conde,Fogos em Oferta,403
2008/4 Trimestre,Vila Nova de Gaia,Fogos em Oferta,3066
2008/4 Trimestre,Cascais,Valor de Oferta / m2,2114
2008/4 Trimestre,Lisboa,Valor de Oferta / m2,2579
2008/4 Trimestre,Loures,Valor de Oferta / m2,1543
2008/4 Trimestre,Mafra,Valor de Oferta / m2,1358
2008/4 Trimestre,Oeiras,Valor de Oferta / m2,1905
2008/4 Trimestre,Sintra,Valor de Oferta / m2,1357
2008/4 Trimestre,Vila Franca de Xira,Valor de Oferta / m2,1398
2008/4 Trimestre,Amadora,Valor de Oferta / m2,1608
2008/4 Trimestre,Odivelas,Valor de Oferta / m2,1475
2008/4 Trimestre,Alcochete,Valor de Oferta / m2,1176
2008/4 Trimestre,Almada,Valor de Oferta / m2,1571
2008/4 Trimestre,Barreiro,Valor de Oferta / m2,1141
2008/4 Trimestre,Moita,Valor de Oferta / m2,1071
2008/4 Trimestre,Montijo,Valor de Oferta / m2,1279
2008/4 Trimestre,Palmela,Valor de Oferta / m2,1249
2008/4 Trimestre,Seixal,Valor de Oferta / m2,1319
2008/4 Trimestre,Sesimbra,Valor de Oferta / m2,1457
2008/4 Trimestre,Setúbal,Valor de Oferta / m2,1281
2008/4 Trimestre,Espinho,Valor de Oferta / m2,1322
2008/4 Trimestre,Gondomar,Valor de Oferta / m2,1035
2008/4 Trimestre,Maia,Valor de Oferta / m2,1128
2008/4 Trimestre,Matosinhos,Valor de Oferta / m2,1658
2008/4 Trimestre,Porto,Valor de Oferta / m2,1931
2008/4 Trimestre,Póvoa de Varzim,Valor de Oferta / m2,1309
2008/4 Trimestre,Valongo,Valor de Oferta / m2,954
2008/4 Trimestre,Vila do Conde,Valor de Oferta / m2,1265
2008/4 Trimestre,Vila Nova de Gaia,Valor de Oferta / m2,1163
2009/1 Trimestre,Cascais,Fogos em Oferta,4969
2009/1 Trimestre,Lisboa,Fogos em Oferta,8635
2009/1 Trimestre,Loures,Fogos em Oferta,1827
2009/1 Trimestre,Mafra,Fogos em Oferta,466
2009/1 Trimestre,Oeiras,Fogos em Oferta,3373
2009/1 Trimestre,Sintra,Fogos em Oferta,4565
2009/1 Trimestre,Vila Franca de Xira,Fogos em Oferta,2557
2009/1 Trimestre,Amadora,Fogos em Oferta,3676
2009/1 Trimestre,Odivelas,Fogos em Oferta,1547
2009/1 Trimestre,Alcochete,Fogos em Oferta,326
2009/1 Trimestre,Almada,Fogos em Oferta,2203
2009/1 Trimestre,Barreiro,Fogos em Oferta,79
2009/1 Trimestre,Moita,Fogos em Oferta,52
2009/1 Trimestre,Montijo,Fogos em Oferta,1126
2009/1 Trimestre,Palmela,Fogos em Oferta,629
2009/1 Trimestre,Seixal,Fogos em Oferta,3519
2009/1 Trimestre,Sesimbra,Fogos em Oferta,1245
2009/1 Trimestre,Setúbal,Fogos em Oferta,2099
2009/1 Trimestre,Espinho,Fogos em Oferta,94
2009/1 Trimestre,Gondomar,Fogos em Oferta,1577
2009/1 Trimestre,Maia,Fogos em Oferta,1500
2009/1 Trimestre,Matosinhos,Fogos em Oferta,3095
2009/1 Trimestre,Porto,Fogos em Oferta,6328
2009/1 Trimestre,Póvoa de Varzim,Fogos em Oferta,956
2009/1 Trimestre,Valongo,Fogos em Oferta,694
2009/1 Trimestre,Vila do Conde,Fogos em Oferta,695
2009/1 Trimestre,Vila Nova de Gaia,Fogos em Oferta,3946
2009/1 Trimestre,Cascais,Valor de Oferta / m2,2131
2009/1 Trimestre,Lisboa,Valor de Oferta / m2,2566
2009/1 Trimestre,Loures,Valor de Oferta / m2,1492
2009/1 Trimestre,Mafra,Valor de Oferta / m2,1381
2009/1 Trimestre,Oeiras,Valor de Oferta / m2,1899
2009/1 Trimestre,Sintra,Valor de Oferta / m2,1361
2009/1 Trimestre,Vila Franca de Xira,Valor de Oferta / m2,1326
2009/1 Trimestre,Amadora,Valor de Oferta / m2,1600
2009/1 Trimestre,Odivelas,Valor de Oferta / m2,1448
2009/1 Trimestre,Alcochete,Valor de Oferta / m2,1264
2009/1 Trimestre,Almada,Valor de Oferta / m2,1601
2009/1 Trimestre,Barreiro,Valor de Oferta / m2,1223
2009/1 Trimestre,Moita,Valor de Oferta / m2,1000
2009/1 Trimestre,Montijo,Valor de Oferta / m2,1276
2009/1 Trimestre,Palmela,Valor de Oferta / m2,1209
2009/1 Trimestre,Seixal,Valor de Oferta / m2,1304
2009/1 Trimestre,Sesimbra,Valor de Oferta / m2,1459
2009/1 Trimestre,Setúbal,Valor de Oferta / m2,1276
2009/1 Trimestre,Espinho,Valor de Oferta / m2,1408
2009/1 Trimestre,Gondomar,Valor de Oferta / m2,1020
2009/1 Trimestre,Maia,Valor de Oferta / m2,1120
2009/1 Trimestre,Matosinhos,Valor de Oferta / m2,1584
2009/1 Trimestre,Porto,Valor de Oferta / m2,1828
2009/1 Trimestre,Póvoa de Varzim,Valor de Oferta / m2,1279
2009/1 Trimestre,Valongo,Valor de Oferta / m2,943
2009/1 Trimestre,Vila do Conde,Valor de Oferta / m2,1205
2009/1 Trimestre,Vila Nova de Gaia,Valor de Oferta / m2,1156
2009/2 Trimestre,Cascais,Fogos em Oferta,4690
2009/2 Trimestre,Lisboa,Fogos em Oferta,10125
2009/2 Trimestre,Loures,Fogos em Oferta,2011
2009/2 Trimestre,Mafra,Fogos em Oferta,496
2009/2 Trimestre,Oeiras,Fogos em Oferta,3869
2009/2 Trimestre,Sintra,Fogos em Oferta,3909
2009/2 Trimestre,Vila Franca de Xira,Fogos em Oferta,2479
2009/2 Trimestre,Amadora,Fogos em Oferta,3307
2009/2 Trimestre,Odivelas,Fogos em Oferta,2206
2009/2 Trimestre,Alcochete,Fogos em Oferta,279
2009/2 Trimestre,Almada,Fogos em Oferta,2923
2009/2 Trimestre,Barreiro,Fogos em Oferta,80
2009/2 Trimestre,Moita,Fogos em Oferta,53
2009/2 Trimestre,Montijo,Fogos em Oferta,874
2009/2 Trimestre,Palmela,Fogos em Oferta,537
2009/2 Trimestre,Seixal,Fogos em Oferta,3612
2009/2 Trimestre,Sesimbra,Fogos em Oferta,1134
2009/2 Trimestre,Setúbal,Fogos em Oferta,1665
2009/2 Trimestre,Espinho,Fogos em Oferta,172
2009/2 Trimestre,Gondomar,Fogos em Oferta,2008
2009/2 Trimestre,Maia,Fogos em Oferta,2115
2009/2 Trimestre,Matosinhos,Fogos em Oferta,3551
2009/2 Trimestre,Porto,Fogos em Oferta,6535
2009/2 Trimestre,Póvoa de Varzim,Fogos em Oferta,767
2009/2 Trimestre,Valongo,Fogos em Oferta,897
2009/2 Trimestre,Vila do Conde,Fogos em Oferta,682
2009/2 Trimestre,Vila Nova de Gaia,Fogos em Oferta,4705
2009/2 Trimestre,Cascais,Valor de Oferta / m2,2101
2009/2 Trimestre,Lisboa,Valor de Oferta / m2,2521
2009/2 Trimestre,Loures,Valor de Oferta / m2,1512
2009/2 Trimestre,Mafra,Valor de Oferta / m2,1304
2009/2 Trimestre,Oeiras,Valor de Oferta / m2,1893
2009/2 Trimestre,Sintra,Valor de Oferta / m2,1348
2009/2 Trimestre,Vila Franca de Xira,Valor de Oferta / m2,1278
2009/2 Trimestre,Amadora,Valor de Oferta / m2,1544
2009/2 Trimestre,Odivelas,Valor de Oferta / m2,1424
2009/2 Trimestre,Alcochete,Valor de Oferta / m2,1185
2009/2 Trimestre,Almada,Valor de Oferta / m2,1459
2009/2 Trimestre,Barreiro,Valor de Oferta / m2,1216
2009/2 Trimestre,Moita,Valor de Oferta / m2,915
2009/2 Trimestre,Montijo,Valor de Oferta / m2,1210
2009/2 Trimestre,Palmela,Valor de Oferta / m2,1182
2009/2 Trimestre,Seixal,Valor de Oferta / m2,1286
2009/2 Trimestre,Sesimbra,Valor de Oferta / m2,1300
2009/2 Trimestre,Setúbal,Valor de Oferta / m2,1261
2009/2 Trimestre,Espinho,Valor de Oferta / m2,1469
2009/2 Trimestre,Gondomar,Valor de Oferta / m2,980
2009/2 Trimestre,Maia,Valor de Oferta / m2,1099
2009/2 Trimestre,Matosinhos,Valor de Oferta / m2,1560
2009/2 Trimestre,Porto,Valor de Oferta / m2,1750
2009/2 Trimestre,Póvoa de Varzim,Valor de Oferta / m2,1250
2009/2 Trimestre,Valongo,Valor de Oferta / m2,939
2009/2 Trimestre,Vila do Conde,Valor de Oferta / m2,1196
2009/2 Trimestre,Vila Nova de Gaia,Valor de Oferta / m2,1140
2009/3 Trimestre,Cascais,Fogos em Oferta,5511
2009/3 Trimestre,Lisboa,Fogos em Oferta,11325
2009/3 Trimestre,Loures,Fogos em Oferta,2321
2009/3 Trimestre,Mafra,Fogos em Oferta,671
2009/3 Trimestre,Oeiras,Fogos em Oferta,4258
2009/3 Trimestre,Sintra,Fogos em Oferta,4388
2009/3 Trimestre,Vila Franca de Xira,Fogos em Oferta,3385
2009/3 Trimestre,Amadora,Fogos em Oferta,3735
2009/3 Trimestre,Odivelas,Fogos em Oferta,2682
2009/3 Trimestre,Alcochete,Fogos em Oferta,141
2009/3 Trimestre,Almada,Fogos em Oferta,3300
2009/3 Trimestre,Barreiro,Fogos em Oferta,159
2009/3 Trimestre,Moita,Fogos em Oferta,224
2009/3 Trimestre,Montijo,Fogos em Oferta,936
2009/3 Trimestre,Palmela,Fogos em Oferta,637
2009/3 Trimestre,Seixal,Fogos em Oferta,3478
2009/3 Trimestre,Sesimbra,Fogos em Oferta,1120
2009/3 Trimestre,Setúbal,Fogos em Oferta,1550
2009/3 Trimestre,Espinho,Fogos em Oferta,195
2009/3 Trimestre,Gondomar,Fogos em Oferta,3285
2009/3 Trimestre,Maia,Fogos em Oferta,2408
2009/3 Trimestre,Matosinhos,Fogos em Oferta,4172
2009/3 Trimestre,Porto,Fogos em Oferta,8483
2009/3 Trimestre,Póvoa de Varzim,Fogos em Oferta,730
2009/3 Trimestre,Valongo,Fogos em Oferta,1316
2009/3 Trimestre,Vila do Conde,Fogos em Oferta,713
2009/3 Trimestre,Vila Nova de Gaia,Fogos em Oferta,5104
2009/3 Trimestre,Cascais,Valor de Oferta / m2,2100
2009/3 Trimestre,Lisboa,Valor de Oferta / m2,2569
2009/3 Trimestre,Loures,Valor de Oferta / m2,1498
2009/3 Trimestre,Mafra,Valor de Oferta / m2,1290
2009/3 Trimestre,Oeiras,Valor de Oferta / m2,1896
2009/3 Trimestre,Sintra,Valor de Oferta / m2,1337
2009/3 Trimestre,Vila Franca de Xira,Valor de Oferta / m2,1293
2009/3 Trimestre,Amadora,Valor de Oferta / m2,1569
2009/3 Trimestre,Odivelas,Valor de Oferta / m2,1434
2009/3 Trimestre,Alcochete,Valor de Oferta / m2,1377
2009/3 Trimestre,Almada,Valor de Oferta / m2,1523
2009/3 Trimestre,Barreiro,Valor de Oferta / m2,1127
2009/3 Trimestre,Moita,Valor de Oferta / m2,1038
2009/3 Trimestre,Montijo,Valor de Oferta / m2,1271
2009/3 Trimestre,Palmela,Valor de Oferta / m2,1192
2009/3 Trimestre,Seixal,Valor de Oferta / m2,1324
2009/3 Trimestre,Sesimbra,Valor de Oferta / m2,1446
2009/3 Trimestre,Setúbal,Valor de Oferta / m2,1256
2009/3 Trimestre,Espinho,Valor de Oferta / m2,1460
2009/3 Trimestre,Gondomar,Valor de Oferta / m2,981
2009/3 Trimestre,Maia,Valor de Oferta / m2,1098
2009/3 Trimestre,Matosinhos,Valor de Oferta / m2,1555
2009/3 Trimestre,Porto,Valor de Oferta / m2,1769
2009/3 Trimestre,Póvoa de Varzim,Valor de Oferta / m2,1246
2009/3 Trimestre,Valongo,Valor de Oferta / m2,958
2009/3 Trimestre,Vila do Conde,Valor de Oferta / m2,1200
2009/3 Trimestre,Vila Nova de Gaia,Valor de Oferta / m2,1152
2009/4 Trimestre,Cascais,Fogos em Oferta,6204
2009/4 Trimestre,Lisboa,Fogos em Oferta,10784
2009/4 Trimestre,Loures,Fogos em Oferta,2681
2009/4 Trimestre,Mafra,Fogos em Oferta,748
2009/4 Trimestre,Oeiras,Fogos em Oferta,4361
2009/4 Trimestre,Sintra,Fogos em Oferta,4468
2009/4 Trimestre,Vila Franca de Xira,Fogos em Oferta,3873
2009/4 Trimestre,Amadora,Fogos em Oferta,4177
2009/4 Trimestre,Odivelas,Fogos em Oferta,2703
2009/4 Trimestre,Alcochete,Fogos em Oferta,106
2009/4 Trimestre,Almada,Fogos em Oferta,2489
2009/4 Trimestre,Barreiro,Fogos em Oferta,332
2009/4 Trimestre,Moita,Fogos em Oferta,291
2009/4 Trimestre,Montijo,Fogos em Oferta,564
2009/4 Trimestre,Palmela,Fogos em Oferta,656
2009/4 Trimestre,Seixal,Fogos em Oferta,3479
2009/4 Trimestre,Sesimbra,Fogos em Oferta,1025
2009/4 Trimestre,Setúbal,Fogos em Oferta,1355
2009/4 Trimestre,Espinho,Fogos em Oferta,201
2009/4 Trimestre,Gondomar,Fogos em Oferta,3175
2009/4 Trimestre,Maia,Fogos em Oferta,2389
2009/4 Trimestre,Matosinhos,Fogos em Oferta,4150
2009/4 Trimestre,Porto,Fogos em Oferta,8129
2009/4 Trimestre,Póvoa de Varzim,Fogos em Oferta,708
2009/4 Trimestre,Valongo,Fogos em Oferta,1279
2009/4 Trimestre,Vila do Conde,Fogos em Oferta,756
2009/4 Trimestre,Vila Nova de Gaia,Fogos em Oferta,5317
2009/4 Trimestre,Cascais,Valor de Oferta / m2,2087
2009/4 Trimestre,Lisboa,Valor de Oferta / m2,2628
2009/4 Trimestre,Loures,Valor de Oferta / m2,1528
2009/4 Trimestre,Mafra,Valor de Oferta / m2,1236
2009/4 Trimestre,Oeiras,Valor de Oferta / m2,1920
2009/4 Trimestre,Sintra,Valor de Oferta / m2,1317
2009/4 Trimestre,Vila Franca de Xira,Valor de Oferta / m2,1289
2009/4 Trimestre,Amadora,Valor de Oferta / m2,1574
2009/4 Trimestre,Odivelas,Valor de Oferta / m2,1440
2009/4 Trimestre,Alcochete,Valor de Oferta / m2,1392
2009/4 Trimestre,Almada,Valor de Oferta / m2,1508
2009/4 Trimestre,Barreiro,Valor de Oferta / m2,1074
2009/4 Trimestre,Moita,Valor de Oferta / m2,1002
2009/4 Trimestre,Montijo,Valor de Oferta / m2,1282
2009/4 Trimestre,Palmela,Valor de Oferta / m2,1176
2009/4 Trimestre,Seixal,Valor de Oferta / m2,1277
2009/4 Trimestre,Sesimbra,Valor de Oferta / m2,1458
2009/4 Trimestre,Setúbal,Valor de Oferta / m2,1223
2009/4 Trimestre,Espinho,Valor de Oferta / m2,1448
2009/4 Trimestre,Gondomar,Valor de Oferta / m2,977
2009/4 Trimestre,Maia,Valor de Oferta / m2,1092
2009/4 Trimestre,Matosinhos,Valor de Oferta / m2,1557
2009/4 Trimestre,Porto,Valor de Oferta / m2,1773
2009/4 Trimestre,Póvoa de Varzim,Valor de Oferta / m2,1246
2009/4 Trimestre,Valongo,Valor de Oferta / m2,950
2009/4 Trimestre,Vila do Conde,Valor de Oferta / m2,1250
2009/4 Trimestre,Vila Nova de Gaia,Valor de Oferta / m2,1146
2010/1 Trimestre,Cascais,Fogos em Oferta,6670
2010/1 Trimestre,Lisboa,Fogos em Oferta,11061
2010/1 Trimestre,Loures,Fogos em Oferta,2828
2010/1 Trimestre,Mafra,Fogos em Oferta,973
2010/1 Trimestre,Oeiras,Fogos em Oferta,4440
2010/1 Trimestre,Sintra,Fogos em Oferta,5086
2010/1 Trimestre,Vila Franca de Xira,Fogos em Oferta,3852
2010/1 Trimestre,Amadora,Fogos em Oferta,4370
2010/1 Trimestre,Odivelas,Fogos em Oferta,3094
2010/1 Trimestre,Alcochete,Fogos em Oferta,214
2010/1 Trimestre,Almada,Fogos em Oferta,3151
2010/1 Trimestre,Barreiro,Fogos em Oferta,689
2010/1 Trimestre,Moita,Fogos em Oferta,437
2010/1 Trimestre,Montijo,Fogos em Oferta,1321
2010/1 Trimestre,Palmela,Fogos em Oferta,1059
2010/1 Trimestre,Seixal,Fogos em Oferta,3791
2010/1 Trimestre,Sesimbra,Fogos em Oferta,1775
2010/1 Trimestre,Setúbal,Fogos em Oferta,2740
2010/1 Trimestre,Espinho,Fogos em Oferta,154
2010/1 Trimestre,Gondomar,Fogos em Oferta,2389
2010/1 Trimestre,Maia,Fogos em Oferta,1831
2010/1 Trimestre,Matosinhos,Fogos em Oferta,3455
2010/1 Trimestre,Porto,Fogos em Oferta,7449
2010/1 Trimestre,Póvoa de Varzim,Fogos em Oferta,547
2010/1 Trimestre,Valongo,Fogos em Oferta,1048
2010/1 Trimestre,Vila do Conde,Fogos em Oferta,603
2010/1 Trimestre,Vila Nova de Gaia,Fogos em Oferta,4296
2010/1 Trimestre,Cascais,Valor de Oferta / m2,2105
2010/1 Trimestre,Lisboa,Valor de Oferta / m2,2641
2010/1 Trimestre,Loures,Valor de Oferta / m2,1552
2010/1 Trimestre,Mafra,Valor de Oferta / m2,1219
2010/1 Trimestre,Oeiras,Valor de Oferta / m2,1932
2010/1 Trimestre,Sintra,Valor de Oferta / m2,1358
2010/1 Trimestre,Vila Franca de Xira,Valor de Oferta / m2,1286
2010/1 Trimestre,Amadora,Valor de Oferta / m2,1557
2010/1 Trimestre,Odivelas,Valor de Oferta / m2,1458
2010/1 Trimestre,Alcochete,Valor de Oferta / m2,1256
2010/1 Trimestre,Almada,Valor de Oferta / m2,1499
2010/1 Trimestre,Barreiro,Valor de Oferta / m2,1130
2010/1 Trimestre,Moita,Valor de Oferta / m2,1022
2010/1 Trimestre,Montijo,Valor de Oferta / m2,1137
2010/1 Trimestre,Palmela,Valor de Oferta / m2,1137
2010/1 Trimestre,Seixal,Valor de Oferta / m2,1283
2010/1 Trimestre,Sesimbra,Valor de Oferta / m2,1582
2010/1 Trimestre,Setúbal,Valor de Oferta / m2,1174
2010/1 Trimestre,Espinho,Valor de Oferta / m2,1485
2010/1 Trimestre,Gondomar,Valor de Oferta / m2,984
2010/1 Trimestre,Maia,Valor de Oferta / m2,1085
2010/1 Trimestre,Matosinhos,Valor de Oferta / m2,1546
2010/1 Trimestre,Porto,Valor de Oferta / m2,1794
2010/1 Trimestre,Póvoa de Varzim,Valor de Oferta / m2,1230
2010/1 Trimestre,Valongo,Valor de Oferta / m2,956
2010/1 Trimestre,Vila do Conde,Valor de Oferta / m2,1264
2010/1 Trimestre,Vila Nova de Gaia,Valor de Oferta / m2,1183
2010/2 Trimestre,Cascais,Fogos em Oferta,6174
2010/2 Trimestre,Lisboa,Fogos em Oferta,10538
2010/2 Trimestre,Loures,Fogos em Oferta,2843
2010/2 Trimestre,Mafra,Fogos em Oferta,860
2010/2 Trimestre,Oeiras,Fogos em Oferta,4006
2010/2 Trimestre,Sintra,Fogos em Oferta,4598
2010/2 Trimestre,Vila Franca de Xira,Fogos em Oferta,3821
2010/2 Trimestre,Amadora,Fogos em Oferta,3920
2010/2 Trimestre,Odivelas,Fogos em Oferta,2988
2010/2 Trimestre,Alcochete,Fogos em Oferta,231
2010/2 Trimestre,Almada,Fogos em Oferta,2785
2010/2 Trimestre,Barreiro,Fogos em Oferta,721
2010/2 Trimestre,Moita,Fogos em Oferta,477
2010/2 Trimestre,Montijo,Fogos em Oferta,1223
2010/2 Trimestre,Palmela,Fogos em Oferta,1092
2010/2 Trimestre,Seixal,Fogos em Oferta,3432
2010/2 Trimestre,Sesimbra,Fogos em Oferta,1761
2010/2 Trimestre,Setúbal,Fogos em Oferta,2896
2010/2 Trimestre,Espinho,Fogos em Oferta,153
2010/2 Trimestre,Gondomar,Fogos em Oferta,2533
2010/2 Trimestre,Maia,Fogos em Oferta,1821
2010/2 Trimestre,Matosinhos,Fogos em Oferta,3182
2010/2 Trimestre,Porto,Fogos em Oferta,7283
2010/2 Trimestre,Póvoa de Varzim,Fogos em Oferta,570
2010/2 Trimestre,Valongo,Fogos em Oferta,1075
2010/2 Trimestre,Vila do Conde,Fogos em Oferta,634
2010/2 Trimestre,Vila Nova de Gaia,Fogos em Oferta,4192
2010/2 Trimestre,Cascais,Valor de Oferta / m2,2111
2010/2 Trimestre,Lisboa,Valor de Oferta / m2,2681
2010/2 Trimestre,Loures,Valor de Oferta / m2,1537
2010/2 Trimestre,Mafra,Valor de Oferta / m2,1198
2010/2 Trimestre,Oeiras,Valor de Oferta / m2,1954
2010/2 Trimestre,Sintra,Valor de Oferta / m2,1376
2010/2 Trimestre,Vila Franca de Xira,Valor de Oferta / m2,1278
2010/2 Trimestre,Amadora,Valor de Oferta / m2,1513
2010/2 Trimestre,Odivelas,Valor de Oferta / m2,1451
2010/2 Trimestre,Alcochete,Valor de Oferta / m2,1255
2010/2 Trimestre,Almada,Valor de Oferta / m2,1473
2010/2 Trimestre,Barreiro,Valor de Oferta / m2,1140
2010/2 Trimestre,Moita,Valor de Oferta / m2,1004
2010/2 Trimestre,Montijo,Valor de Oferta / m2,1094
2010/2 Trimestre,Palmela,Valor de Oferta / m2,1127
2010/2 Trimestre,Seixal,Valor de Oferta / m2,1279
2010/2 Trimestre,Sesimbra,Valor de Oferta / m2,1535
2010/2 Trimestre,Setúbal,Valor de Oferta / m2,1176
2010/2 Trimestre,Espinho,Valor de Oferta / m2,1478
2010/2 Trimestre,Gondomar,Valor de Oferta / m2,982
2010/2 Trimestre,Maia,Valor de Oferta / m2,1087
2010/2 Trimestre,Matosinhos,Valor de Oferta / m2,1563
2010/2 Trimestre,Porto,Valor de Oferta / m2,1786
2010/2 Trimestre,Póvoa de Varzim,Valor de Oferta / m2,1226
2010/2 Trimestre,Valongo,Valor de Oferta / m2,952
2010/2 Trimestre,Vila do Conde,Valor de Oferta / m2,1240
2010/2 Trimestre,Vila Nova de Gaia,Valor de Oferta / m2,1172
2010/3 Trimestre,Cascais,Fogos em Oferta,4987
2010/3 Trimestre,Lisboa,Fogos em Oferta,10638
2010/3 Trimestre,Loures,Fogos em Oferta,2263
2010/3 Trimestre,Mafra,Fogos em Oferta,941
2010/3 Trimestre,Oeiras,Fogos em Oferta,3974
2010/3 Trimestre,Sintra,Fogos em Oferta,4621
2010/3 Trimestre,Vila Franca de Xira,Fogos em Oferta,2954
2010/3 Trimestre,Amadora,Fogos em Oferta,3698
2010/3 Trimestre,Odivelas,Fogos em Oferta,2116
2010/3 Trimestre,Alcochete,Fogos em Oferta,195
2010/3 Trimestre,Almada,Fogos em Oferta,2995
2010/3 Trimestre,Barreiro,Fogos em Oferta,460
2010/3 Trimestre,Moita,Fogos em Oferta,388
2010/3 Trimestre,Montijo,Fogos em Oferta,1016
2010/3 Trimestre,Palmela,Fogos em Oferta,1053
2010/3 Trimestre,Seixal,Fogos em Oferta,3507
2010/3 Trimestre,Sesimbra,Fogos em Oferta,1751
2010/3 Trimestre,Setúbal,Fogos em Oferta,2643
2010/3 Trimestre,Espinho,Fogos em Oferta,136
2010/3 Trimestre,Gondomar,Fogos em Oferta,2491
2010/3 Trimestre,Maia,Fogos em Oferta,1786
2010/3 Trimestre,Matosinhos,Fogos em Oferta,3178
2010/3 Trimestre,Porto,Fogos em Oferta,7237
2010/3 Trimestre,Póvoa de Varzim,Fogos em Oferta,624
2010/3 Trimestre,Valongo,Fogos em Oferta,1076
2010/3 Trimestre,Vila do Conde,Fogos em Oferta,730
2010/3 Trimestre,Vila Nova de Gaia,Fogos em Oferta,4109
2010/3 Trimestre,Cascais,Valor de Oferta / m2,2125
2010/3 Trimestre,Lisboa,Valor de Oferta / m2,2683
2010/3 Trimestre,Loures,Valor de Oferta / m2,1535
2010/3 Trimestre,Mafra,Valor de Oferta / m2,1200
2010/3 Trimestre,Oeiras,Valor de Oferta / m2,1950
2010/3 Trimestre,Sintra,Valor de Oferta / m2,1356
2010/3 Trimestre,Vila Franca de Xira,Valor de Oferta / m2,1274
2010/3 Trimestre,Amadora,Valor de Oferta / m2,1503
2010/3 Trimestre,Odivelas,Valor de Oferta / m2,1431
2010/3 Trimestre,Alcochete,Valor de Oferta / m2,1294
2010/3 Trimestre,Almada,Valor de Oferta / m2,1464
2010/3 Trimestre,Barreiro,Valor de Oferta / m2,1097
2010/3 Trimestre,Moita,Valor de Oferta / m2,1009
2010/3 Trimestre,Montijo,Valor de Oferta / m2,1083
2010/3 Trimestre,Palmela,Valor de Oferta / m2,1124
2010/3 Trimestre,Seixal,Valor de Oferta / m2,1277
2010/3 Trimestre,Sesimbra,Valor de Oferta / m2,1547
2010/3 Trimestre,Setúbal,Valor de Oferta / m2,1180
2010/3 Trimestre,Espinho,Valor de Oferta / m2,1484
2010/3 Trimestre,Gondomar,Valor de Oferta / m2,992
2010/3 Trimestre,Maia,Valor de Oferta / m2,1088
2010/3 Trimestre,Matosinhos,Valor de Oferta / m2,1566
2010/3 Trimestre,Porto,Valor de Oferta / m2,1784
2010/3 Trimestre,Póvoa de Varzim,Valor de Oferta / m2,1163
2010/3 Trimestre,Valongo,Valor de Oferta / m2,952
2010/3 Trimestre,Vila do Conde,Valor de Oferta / m2,1174
2010/3 Trimestre,Vila Nova de Gaia,Valor de Oferta / m2,1181
2010/4 Trimestre,Cascais,Fogos em Oferta,5240
2010/4 Trimestre,Lisboa,Fogos em Oferta,10301
2010/4 Trimestre,Loures,Fogos em Oferta,2213
2010/4 Trimestre,Mafra,Fogos em Oferta,987
2010/4 Trimestre,Oeiras,Fogos em Oferta,3997
2010/4 Trimestre,Sintra,Fogos em Oferta,4441
2010/4 Trimestre,Vila Franca de Xira,Fogos em Oferta,2468
2010/4 Trimestre,Amadora,Fogos em Oferta,3248
2010/4 Trimestre,Odivelas,Fogos em Oferta,2147
2010/4 Trimestre,Alcochete,Fogos em Oferta,206
2010/4 Trimestre,Almada,Fogos em Oferta,3048
2010/4 Trimestre,Barreiro,Fogos em Oferta,465
2010/4 Trimestre,Moita,Fogos em Oferta,381
2010/4 Trimestre,Montijo,Fogos em Oferta,992
2010/4 Trimestre,Palmela,Fogos em Oferta,976
2010/4 Trimestre,Seixal,Fogos em Oferta,3324
2010/4 Trimestre,Sesimbra,Fogos em Oferta,1558
2010/4 Trimestre,Setúbal,Fogos em Oferta,2585
2010/4 Trimestre,Espinho,Fogos em Oferta,90
2010/4 Trimestre,Gondomar,Fogos em Oferta,2014
2010/4 Trimestre,Maia,Fogos em Oferta,1347
2010/4 Trimestre,Matosinhos,Fogos em Oferta,2634
2010/4 Trimestre,Porto,Fogos em Oferta,5667
2010/4 Trimestre,Póvoa de Varzim,Fogos em Oferta,611
2010/4 Trimestre,Valongo,Fogos em Oferta,640
2010/4 Trimestre,Vila do Conde,Fogos em Oferta,512
2010/4 Trimestre,Vila Nova de Gaia,Fogos em Oferta,2533
2010/4 Trimestre,Cascais,Valor de Oferta / m2,2048
2010/4 Trimestre,Lisboa,Valor de Oferta / m2,2668
2010/4 Trimestre,Loures,Valor de Oferta / m2,1504
2010/4 Trimestre,Mafra,Valor de Oferta / m2,1146
2010/4 Trimestre,Oeiras,Valor de Oferta / m2,1918
2010/4 Trimestre,Sintra,Valor de Oferta / m2,1358
2010/4 Trimestre,Vila Franca de Xira,Valor de Oferta / m2,1265
2010/4 Trimestre,Amadora,Valor de Oferta / m2,1512
2010/4 Trimestre,Odivelas,Valor de Oferta / m2,1446
2010/4 Trimestre,Alcochete,Valor de Oferta / m2,1274
2010/4 Trimestre,Almada,Valor de Oferta / m2,1450
2010/4 Trimestre,Barreiro,Valor de Oferta / m2,1102
2010/4 Trimestre,Moita,Valor de Oferta / m2,1007
2010/4 Trimestre,Montijo,Valor de Oferta / m2,1100
2010/4 Trimestre,Palmela,Valor de Oferta / m2,1121
2010/4 Trimestre,Seixal,Valor de Oferta / m2,1275
2010/4 Trimestre,Sesimbra,Valor de Oferta / m2,1543
2010/4 Trimestre,Setúbal,Valor de Oferta / m2,1178
2010/4 Trimestre,Espinho,Valor de Oferta / m2,1326
2010/4 Trimestre,Gondomar,Valor de Oferta / m2,1016
2010/4 Trimestre,Maia,Valor de Oferta / m2,1118
2010/4 Trimestre,Matosinhos,Valor de Oferta / m2,1563
2010/4 Trimestre,Porto,Valor de Oferta / m2,1833
2010/4 Trimestre,Póvoa de Varzim,Valor de Oferta / m2,1113
2010/4 Trimestre,Valongo,Valor de Oferta / m2,942
2010/4 Trimestre,Vila do Conde,Valor de Oferta / m2,1065
2010/4 Trimestre,Vila Nova de Gaia,Valor de Oferta / m2,1182
2011/1 Trimestre,Lisboa,Fogos em Oferta,10164
2011/1 Trimestre,Cascais,Fogos em Oferta,4961
2011/1 Trimestre,Loures,Fogos em Oferta,2251
2011/1 Trimestre,Mafra,Fogos em Oferta,1063
2011/1 Trimestre,Oeiras,Fogos em Oferta,3699
2011/1 Trimestre,Sintra,Fogos em Oferta,4413
2011/1 Trimestre,Vila Franca de Xira,Fogos em Oferta,2266
2011/1 Trimestre,Amadora,Fogos em Oferta,2942
2011/1 Trimestre,Odivelas,Fogos em Oferta,2013
2011/1 Trimestre,Alcochete,Fogos em Oferta,100
2011/1 Trimestre,Almada,Fogos em Oferta,2864
2011/1 Trimestre,Barreiro,Fogos em Oferta,176
2011/1 Trimestre,Moita,Fogos em Oferta,246
2011/1 Trimestre,Montijo,Fogos em Oferta,739
2011/1 Trimestre,Palmela,Fogos em Oferta,939
2011/1 Trimestre,Seixal,Fogos em Oferta,3454
2011/1 Trimestre,Sesimbra,Fogos em Oferta,1838
2011/1 Trimestre,Setúbal,Fogos em Oferta,2712
2011/1 Trimestre,Espinho,Fogos em Oferta,121
2011/1 Trimestre,Gondomar,Fogos em Oferta,3291
2011/1 Trimestre,Maia,Fogos em Oferta,1936
2011/1 Trimestre,Matosinhos,Fogos em Oferta,3746
2011/1 Trimestre,Porto,Fogos em Oferta,8040
2011/1 Trimestre,Póvoa de Varzim,Fogos em Oferta,675
2011/1 Trimestre,Valongo,Fogos em Oferta,1222
2011/1 Trimestre,Vila do Conde,Fogos em Oferta,652
2011/1 Trimestre,Vila Nova de Gaia,Fogos em Oferta,4268
2011/1 Trimestre,Cascais,Valor de Oferta / m2,2102
2011/1 Trimestre,Lisboa,Valor de Oferta / m2,2667
2011/1 Trimestre,Loures,Valor de Oferta / m2,1485
2011/1 Trimestre,Mafra,Valor de Oferta / m2,1143
2011/1 Trimestre,Oeiras,Valor de Oferta / m2,1914
2011/1 Trimestre,Sintra,Valor de Oferta / m2,1352
2011/1 Trimestre,Vila Franca de Xira,Valor de Oferta / m2,1253
2011/1 Trimestre,Amadora,Valor de Oferta / m2,1516
2011/1 Trimestre,Odivelas,Valor de Oferta / m2,1432
2011/1 Trimestre,Alcochete,Valor de Oferta / m2,1227
2011/1 Trimestre,Almada,Valor de Oferta / m2,1423
2011/1 Trimestre,Barreiro,Valor de Oferta / m2,1159
2011/1 Trimestre,Moita,Valor de Oferta / m2,994
2011/1 Trimestre,Montijo,Valor de Oferta / m2,1066
2011/1 Trimestre,Palmela,Valor de Oferta / m2,1144
2011/1 Trimestre,Seixal,Valor de Oferta / m2,1263
2011/1 Trimestre,Sesimbra,Valor de Oferta / m2,1474
2011/1 Trimestre,Setúbal,Valor de Oferta / m2,1174
2011/1 Trimestre,Espinho,Valor de Oferta / m2,1281
2011/1 Trimestre,Gondomar,Valor de Oferta / m2,999
2011/1 Trimestre,Maia,Valor de Oferta / m2,1085
2011/1 Trimestre,Matosinhos,Valor de Oferta / m2,1593
2011/1 Trimestre,Porto,Valor de Oferta / m2,1822
2011/1 Trimestre,Póvoa de Varzim,Valor de Oferta / m2,1084
2011/1 Trimestre,Valongo,Valor de Oferta / m2,909
2011/1 Trimestre,Vila do Conde,Valor de Oferta / m2,1038
2011/1 Trimestre,Vila Nova de Gaia,Valor de Oferta / m2,1149
2011/2 Trimestre,Cascais,Fogos em Oferta,5086
2011/2 Trimestre,Lisboa,Fogos em Oferta,11127
2011/2 Trimestre,Loures,Fogos em Oferta,2837
2011/2 Trimestre,Mafra,Fogos em Oferta,1271
2011/2 Trimestre,Oeiras,Fogos em Oferta,4039
2011/2 Trimestre,Sintra,Fogos em Oferta,4667
2011/2 Trimestre,Vila Franca de Xira,Fogos em Oferta,3319
2011/2 Trimestre,Amadora,Fogos em Oferta,3166
2011/2 Trimestre,Odivelas,Fogos em Oferta,2255
2011/2 Trimestre,Alcochete,Fogos em Oferta,141
2011/2 Trimestre,Almada,Fogos em Oferta,3088
2011/2 Trimestre,Barreiro,Fogos em Oferta,107
2011/2 Trimestre,Moita,Fogos em Oferta,224
2011/2 Trimestre,Montijo,Fogos em Oferta,913
2011/2 Trimestre,Palmela,Fogos em Oferta,870
2011/2 Trimestre,Seixal,Fogos em Oferta,3188
2011/2 Trimestre,Sesimbra,Fogos em Oferta,1461
2011/2 Trimestre,Setúbal,Fogos em Oferta,2413
2011/2 Trimestre,Espinho,Fogos em Oferta,114
2011/2 Trimestre,Gondomar,Fogos em Oferta,3388
2011/2 Trimestre,Maia,Fogos em Oferta,2020
2011/2 Trimestre,Matosinhos,Fogos em Oferta,4006
2011/2 Trimestre,Porto,Fogos em Oferta,8471
2011/2 Trimestre,Póvoa de Varzim,Fogos em Oferta,825
2011/2 Trimestre,Valongo,Fogos em Oferta,1193
2011/2 Trimestre,Vila do Conde,Fogos em Oferta,748
2011/2 Trimestre,Vila Nova de Gaia,Fogos em Oferta,4405
2011/2 Trimestre,Cascais,Valor de Oferta / m2,2074
2011/2 Trimestre,Lisboa,Valor de Oferta / m2,2659
2011/2 Trimestre,Loures,Valor de Oferta / m2,1522
2011/2 Trimestre,Mafra,Valor de Oferta / m2,1142
2011/2 Trimestre,Oeiras,Valor de Oferta / m2,1909
2011/2 Trimestre,Sintra,Valor de Oferta / m2,1327
2011/2 Trimestre,Vila Franca de Xira,Valor de Oferta / m2,1249
2011/2 Trimestre,Amadora,Valor de Oferta / m2,1506
2011/2 Trimestre,Odivelas,Valor de Oferta / m2,1457
2011/2 Trimestre,Alcochete,Valor de Oferta / m2,1198
2011/2 Trimestre,Almada,Valor de Oferta / m2,1389
2011/2 Trimestre,Barreiro,Valor de Oferta / m2,1095
2011/2 Trimestre,Moita,Valor de Oferta / m2,978
2011/2 Trimestre,Montijo,Valor de Oferta / m2,1052
2011/2 Trimestre,Palmela,Valor de Oferta / m2,1145
2011/2 Trimestre,Seixal,Valor de Oferta / m2,1224
2011/2 Trimestre,Sesimbra,Valor de Oferta / m2,1481
2011/2 Trimestre,Setúbal,Valor de Oferta / m2,1150
2011/2 Trimestre,Espinho,Valor de Oferta / m2,1260
2011/2 Trimestre,Gondomar,Valor de Oferta / m2,992
2011/2 Trimestre,Maia,Valor de Oferta / m2,1083
2011/2 Trimestre,Matosinhos,Valor de Oferta / m2,1600
2011/2 Trimestre,Porto,Valor de Oferta / m2,1834
2011/2 Trimestre,Póvoa de Varzim,Valor de Oferta / m2,1077
2011/2 Trimestre,Valongo,Valor de Oferta / m2,900
2011/2 Trimestre,Vila do Conde,Valor de Oferta / m2,1005
2011/2 Trimestre,Vila Nova de Gaia,Valor de Oferta / m2,1158
2011/3 Trimestre,Cascais,Fogos em Oferta,5109
2011/3 Trimestre,Lisboa,Fogos em Oferta,10575
2011/3 Trimestre,Loures,Fogos em Oferta,2845
2011/3 Trimestre,Mafra,Fogos em Oferta,1259
2011/3 Trimestre,Oeiras,Fogos em Oferta,3755
2011/3 Trimestre,Sintra,Fogos em Oferta,4263
2011/3 Trimestre,Vila Franca de Xira,Fogos em Oferta,3219
2011/3 Trimestre,Amadora,Fogos em Oferta,3233
2011/3 Trimestre,Odivelas,Fogos em Oferta,2194
2011/3 Trimestre,Alcochete,Fogos em Oferta,134
2011/3 Trimestre,Almada,Fogos em Oferta,3158
2011/3 Trimestre,Barreiro,Fogos em Oferta,197
2011/3 Trimestre,Moita,Fogos em Oferta,263
2011/3 Trimestre,Montijo,Fogos em Oferta,899
2011/3 Trimestre,Palmela,Fogos em Oferta,909
2011/3 Trimestre,Seixal,Fogos em Oferta,3387
2011/3 Trimestre,Sesimbra,Fogos em Oferta,1754
2011/3 Trimestre,Setúbal,Fogos em Oferta,2521
2011/3 Trimestre,Espinho,Fogos em Oferta,110
2011/3 Trimestre,Gondomar,Fogos em Oferta,3444
2011/3 Trimestre,Maia,Fogos em Oferta,1982
2011/3 Trimestre,Matosinhos,Fogos em Oferta,3990
2011/3 Trimestre,Porto,Fogos em Oferta,8858
2011/3 Trimestre,Póvoa de Varzim,Fogos em Oferta,895
2011/3 Trimestre,Valongo,Fogos em Oferta,1224
2011/3 Trimestre,Vila do Conde,Fogos em Oferta,848
2011/3 Trimestre,Vila Nova de Gaia,Fogos em Oferta,4475
2011/3 Trimestre,Cascais,Valor de Oferta / m2,2073
2011/3 Trimestre,Lisboa,Valor de Oferta / m2,2669
2011/3 Trimestre,Loures,Valor de Oferta / m2,1512
2011/3 Trimestre,Mafra,Valor de Oferta / m2,1141
2011/3 Trimestre,Oeiras,Valor de Oferta / m2,1877
2011/3 Trimestre,Sintra,Valor de Oferta / m2,1296
2011/3 Trimestre,Vila Franca de Xira,Valor de Oferta / m2,1249
2011/3 Trimestre,Amadora,Valor de Oferta / m2,1493
2011/3 Trimestre,Odivelas,Valor de Oferta / m2,1453
2011/3 Trimestre,Alcochete,Valor de Oferta / m2,1145
2011/3 Trimestre,Almada,Valor de Oferta / m2,1420
2011/3 Trimestre,Barreiro,Valor de Oferta / m2,1177
2011/3 Trimestre,Moita,Valor de Oferta / m2,987
2011/3 Trimestre,Montijo,Valor de Oferta / m2,1053
2011/3 Trimestre,Palmela,Valor de Oferta / m2,1133
2011/3 Trimestre,Seixal,Valor de Oferta / m2,1230
2011/3 Trimestre,Sesimbra,Valor de Oferta / m2,1489
2011/3 Trimestre,Setúbal,Valor de Oferta / m2,1166
2011/3 Trimestre,Espinho,Valor de Oferta / m2,1287
2011/3 Trimestre,Gondomar,Valor de Oferta / m2,988
2011/3 Trimestre,Maia,Valor de Oferta / m2,1077
2011/3 Trimestre,Matosinhos,Valor de Oferta / m2,1581
2011/3 Trimestre,Porto,Valor de Oferta / m2,1848
2011/3 Trimestre,Póvoa de Varzim,Valor de Oferta / m2,1051
2011/3 Trimestre,Valongo,Valor de Oferta / m2,902
2011/3 Trimestre,Vila do Conde,Valor de Oferta / m2,988
2011/3 Trimestre,Vila Nova de Gaia,Valor de Oferta / m2,1170
2011/4 Trimestre,Cascais,Fogos em Oferta,4635
2011/4 Trimestre,Lisboa,Fogos em Oferta,9865
2011/4 Trimestre,Loures,Fogos em Oferta,2763
2011/4 Trimestre,Mafra,Fogos em Oferta,1205
2011/4 Trimestre,Oeiras,Fogos em Oferta,3448
2011/4 Trimestre,Sintra,Fogos em Oferta,3745
2011/4 Trimestre,Vila Franca de Xira,Fogos em Oferta,3206
2011/4 Trimestre,Amadora,Fogos em Oferta,2818
2011/4 Trimestre,Odivelas,Fogos em Oferta,1919
2011/4 Trimestre,Alcochete,Fogos em Oferta,92
2011/4 Trimestre,Almada,Fogos em Oferta,3051
2011/4 Trimestre,Barreiro,Fogos em Oferta,101
2011/4 Trimestre,Moita,Fogos em Oferta,158
2011/4 Trimestre,Montijo,Fogos em Oferta,437
2011/4 Trimestre,Palmela,Fogos em Oferta,463
2011/4 Trimestre,Seixal,Fogos em Oferta,2862
2011/4 Trimestre,Sesimbra,Fogos em Oferta,719
2011/4 Trimestre,Setúbal,Fogos em Oferta,1000
2011/4 Trimestre,Espinho,Fogos em Oferta,131
2011/4 Trimestre,Gondomar,Fogos em Oferta,3258
2011/4 Trimestre,Maia,Fogos em Oferta,1911
2011/4 Trimestre,Matosinhos,Fogos em Oferta,3723
2011/4 Trimestre,Porto,Fogos em Oferta,8293
2011/4 Trimestre,Póvoa de Varzim,Fogos em Oferta,940
2011/4 Trimestre,Valongo,Fogos em Oferta,1166
2011/4 Trimestre,Vila do Conde,Fogos em Oferta,856
2011/4 Trimestre,Vila Nova de Gaia,Fogos em Oferta,3991
2011/4 Trimestre,Cascais,Valor de Oferta / m2,2040
2011/4 Trimestre,Lisboa,Valor de Oferta / m2,2602
2011/4 Trimestre,Loures,Valor de Oferta / m2,1502
2011/4 Trimestre,Mafra,Valor de Oferta / m2,1152
2011/4 Trimestre,Oeiras,Valor de Oferta / m2,1820
2011/4 Trimestre,Sintra,Valor de Oferta / m2,1285
2011/4 Trimestre,Vila Franca de Xira,Valor de Oferta / m2,1249
2011/4 Trimestre,Amadora,Valor de Oferta / m2,1465
2011/4 Trimestre,Odivelas,Valor de Oferta / m2,1455
2011/4 Trimestre,Alcochete,Valor de Oferta / m2,1134
2011/4 Trimestre,Almada,Valor de Oferta / m2,1432
2011/4 Trimestre,Barreiro,Valor de Oferta / m2,1066
2011/4 Trimestre,Moita,Valor de Oferta / m2,963
2011/4 Trimestre,Montijo,Valor de Oferta / m2,1052
2011/4 Trimestre,Palmela,Valor de Oferta / m2,1104
2011/4 Trimestre,Seixal,Valor de Oferta / m2,1207
2011/4 Trimestre,Sesimbra,Valor de Oferta / m2,1289
2011/4 Trimestre,Setúbal,Valor de Oferta / m2,1151
2011/4 Trimestre,Espinho,Valor de Oferta / m2,1322
2011/4 Trimestre,Gondomar,Valor de Oferta / m2,953
2011/4 Trimestre,Maia,Valor de Oferta / m2,1077
2011/4 Trimestre,Matosinhos,Valor de Oferta / m2,1560
2011/4 Trimestre,Porto,Valor de Oferta / m2,1841
2011/4 Trimestre,Póvoa de Varzim,Valor de Oferta / m2,1043
2011/4 Trimestre,Valongo,Valor de Oferta / m2,894
2011/4 Trimestre,Vila do Conde,Valor de Oferta / m2,973
2011/4 Trimestre,Vila Nova de Gaia,Valor de Oferta / m2,1140
2012/1 Trimestre,Cascais,Fogos em Oferta,4289
2012/1 Trimestre,Lisboa,Fogos em Oferta,8769
2012/1 Trimestre,Loures,Fogos em Oferta,2313
2012/1 Trimestre,Mafra,Fogos em Oferta,1146
2012/1 Trimestre,Oeiras,Fogos em Oferta,3165
2012/1 Trimestre,Sintra,Fogos em Oferta,3325
2012/1 Trimestre,Vila Franca de Xira,Fogos em Oferta,2335
2012/1 Trimestre,Amadora,Fogos em Oferta,2414
2012/1 Trimestre,Odivelas,Fogos em Oferta,1678
2012/1 Trimestre,Alcochete,Fogos em Oferta,45
2012/1 Trimestre,Almada,Fogos em Oferta,2214
2012/1 Trimestre,Barreiro,Fogos em Oferta,94
2012/1 Trimestre,Moita,Fogos em Oferta,132
2012/1 Trimestre,Montijo,Fogos em Oferta,251
2012/1 Trimestre,Palmela,Fogos em Oferta,440
2012/1 Trimestre,Seixal,Fogos em Oferta,2593
2012/1 Trimestre,Sesimbra,Fogos em Oferta,711
2012/1 Trimestre,Setúbal,Fogos em Oferta,996
2012/1 Trimestre,Espinho,Fogos em Oferta,130
2012/1 Trimestre,Gondomar,Fogos em Oferta,3238
2012/1 Trimestre,Maia,Fogos em Oferta,1823
2012/1 Trimestre,Matosinhos,Fogos em Oferta,3616
2012/1 Trimestre,Porto,Fogos em Oferta,8096
2012/1 Trimestre,Póvoa de Varzim,Fogos em Oferta,914
2012/1 Trimestre,Valongo,Fogos em Oferta,1163
2012/1 Trimestre,Vila do Conde,Fogos em Oferta,837
2012/1 Trimestre,Vila Nova de Gaia,Fogos em Oferta,3640
2012/1 Trimestre,Cascais,Valor de Oferta / m2,2053
2012/1 Trimestre,Lisboa,Valor de Oferta / m2,2577
2012/1 Trimestre,Loures,Valor de Oferta / m2,1503
2012/1 Trimestre,Mafra,Valor de Oferta / m2,1152
2012/1 Trimestre,Oeiras,Valor de Oferta / m2,1796
2012/1 Trimestre,Sintra,Valor de Oferta / m2,1296
2012/1 Trimestre,Vila Franca de Xira,Valor de Oferta / m2,1237
2012/1 Trimestre,Amadora,Valor de Oferta / m2,1475
2012/1 Trimestre,Odivelas,Valor de Oferta / m2,1446
2012/1 Trimestre,Alcochete,Valor de Oferta / m2,1059
2012/1 Trimestre,Almada,Valor de Oferta / m2,1432
2012/1 Trimestre,Barreiro,Valor de Oferta / m2,1066
2012/1 Trimestre,Moita,Valor de Oferta / m2,995
2012/1 Trimestre,Montijo,Valor de Oferta / m2,1005
2012/1 Trimestre,Palmela,Valor de Oferta / m2,1104
2012/1 Trimestre,Seixal,Valor de Oferta / m2,1199
2012/1 Trimestre,Sesimbra,Valor de Oferta / m2,1285
2012/1 Trimestre,Setúbal,Valor de Oferta / m2,1154
2012/1 Trimestre,Espinho,Valor de Oferta / m2,1326
2012/1 Trimestre,Gondomar,Valor de Oferta / m2,953
2012/1 Trimestre,Maia,Valor de Oferta / m2,1069
2012/1 Trimestre,Matosinhos,Valor de Oferta / m2,1531
2012/1 Trimestre,Porto,Valor de Oferta / m2,1838
2012/1 Trimestre,Póvoa de Varzim,Valor de Oferta / m2,1041
2012/1 Trimestre,Valongo,Valor de Oferta / m2,893
2012/1 Trimestre,Vila do Conde,Valor de Oferta / m2,973
2012/1 Trimestre,Vila Nova de Gaia,Valor de Oferta / m2,1144
2012/2 Trimestre,Cascais,Fogos em Oferta,4044
2012/2 Trimestre,Lisboa,Fogos em Oferta,8697
2012/2 Trimestre,Loures,Fogos em Oferta,2313
2012/2 Trimestre,Mafra,Fogos em Oferta,1095
2012/2 Trimestre,Oeiras,Fogos em Oferta,3104
2012/2 Trimestre,Sintra,Fogos em Oferta,2849
2012/2 Trimestre,Vila Franca de Xira,Fogos em Oferta,2212
2012/2 Trimestre,Amadora,Fogos em Oferta,2333
2012/2 Trimestre,Odivelas,Fogos em Oferta,1654
2012/2 Trimestre,Alcochete,Fogos em Oferta,26
2012/2 Trimestre,Almada,Fogos em Oferta,1486
2012/2 Trimestre,Barreiro,Fogos em Oferta,73
2012/2 Trimestre,Moita,Fogos em Oferta,122
2012/2 Trimestre,Montijo,Fogos em Oferta,202
2012/2 Trimestre,Palmela,Fogos em Oferta,386
2012/2 Trimestre,Seixal,Fogos em Oferta,1758
2012/2 Trimestre,Sesimbra,Fogos em Oferta,514
2012/2 Trimestre,Setúbal,Fogos em Oferta,808
2012/2 Trimestre,Espinho,Fogos em Oferta,149
2012/2 Trimestre,Gondomar,Fogos em Oferta,3509
2012/2 Trimestre,Maia,Fogos em Oferta,2507
2012/2 Trimestre,Matosinhos,Fogos em Oferta,3626
2012/2 Trimestre,Porto,Fogos em Oferta,8758
2012/2 Trimestre,Póvoa de Varzim,Fogos em Oferta,944
2012/2 Trimestre,Valongo,Fogos em Oferta,1485
2012/2 Trimestre,Vila do Conde,Fogos em Oferta,904
2012/2 Trimestre,Vila Nova de Gaia,Fogos em Oferta,4025
2012/2 Trimestre,Cascais,Valor de Oferta / m2,2068
2012/2 Trimestre,Lisboa,Valor de Oferta / m2,2619
2012/2 Trimestre,Loures,Valor de Oferta / m2,1525
2012/2 Trimestre,Mafra,Valor de Oferta / m2,1164
2012/2 Trimestre,Oeiras,Valor de Oferta / m2,1813
2012/2 Trimestre,Sintra,Valor de Oferta / m2,1332
2012/2 Trimestre,Vila Franca de Xira,Valor de Oferta / m2,1240
2012/2 Trimestre,Amadora,Valor de Oferta / m2,1498
2012/2 Trimestre,Odivelas,Valor de Oferta / m2,1448
2012/2 Trimestre,Alcochete,Valor de Oferta / m2,1050
2012/2 Trimestre,Almada,Valor de Oferta / m2,1517
2012/2 Trimestre,Barreiro,Valor de Oferta / m2,1051
2012/2 Trimestre,Moita,Valor de Oferta / m2,996
2012/2 Trimestre,Montijo,Valor de Oferta / m2,1012
2012/2 Trimestre,Palmela,Valor de Oferta / m2,1072
2012/2 Trimestre,Seixal,Valor de Oferta / m2,1218
2012/2 Trimestre,Sesimbra,Valor de Oferta / m2,1323
2012/2 Trimestre,Setúbal,Valor de Oferta / m2,1118
2012/2 Trimestre,Espinho,Valor de Oferta / m2,1300
2012/2 Trimestre,Gondomar,Valor de Oferta / m2,932
2012/2 Trimestre,Maia,Valor de Oferta / m2,1058
2012/2 Trimestre,Matosinhos,Valor de Oferta / m2,1526
2012/2 Trimestre,Porto,Valor de Oferta / m2,1817
2012/2 Trimestre,Póvoa de Varzim,Valor de Oferta / m2,1039
2012/2 Trimestre,Valongo,Valor de Oferta / m2,861
2012/2 Trimestre,Vila do Conde,Valor de Oferta / m2,978
2012/2 Trimestre,Vila Nova de Gaia,Valor de Oferta / m2,1108
2012/3 Trimestre,Cascais,Fogos em Oferta,4387
2012/3 Trimestre,Lisboa,Fogos em Oferta,9118
2012/3 Trimestre,Loures,Fogos em Oferta,1834
2012/3 Trimestre,Mafra,Fogos em Oferta,516
2012/3 Trimestre,Oeiras,Fogos em Oferta,2325
2012/3 Trimestre,Sintra,Fogos em Oferta,3963
2012/3 Trimestre,Vila Franca de Xira,Fogos em Oferta,1999
2012/3 Trimestre,Amadora,Fogos em Oferta,1749
2012/3 Trimestre,Odivelas,Fogos em Oferta,1427
2012/3 Trimestre,Alcochete,Fogos em Oferta,76
2012/3 Trimestre,Almada,Fogos em Oferta,1329
2012/3 Trimestre,Barreiro,Fogos em Oferta,266
2012/3 Trimestre,Moita,Fogos em Oferta,311
2012/3 Trimestre,Montijo,Fogos em Oferta,272
2012/3 Trimestre,Palmela,Fogos em Oferta,466
2012/3 Trimestre,Seixal,Fogos em Oferta,1504
2012/3 Trimestre,Sesimbra,Fogos em Oferta,334
2012/3 Trimestre,Setúbal,Fogos em Oferta,535
2012/3 Trimestre,Espinho,Fogos em Oferta,157
2012/3 Trimestre,Gondomar,Fogos em Oferta,2679
2012/3 Trimestre,Maia,Fogos em Oferta,2739
2012/3 Trimestre,Matosinhos,Fogos em Oferta,2742
2012/3 Trimestre,Porto,Fogos em Oferta,7335
2012/3 Trimestre,Póvoa de Varzim,Fogos em Oferta,383
2012/3 Trimestre,Valongo,Fogos em Oferta,1497
2012/3 Trimestre,Vila do Conde,Fogos em Oferta,386
2012/3 Trimestre,Vila Nova de Gaia,Fogos em Oferta,3317
2012/3 Trimestre,Cascais,Valor de Oferta / m2,1896
2012/3 Trimestre,Lisboa,Valor de Oferta / m2,2526
2012/3 Trimestre,Loures,Valor de Oferta / m2,1516
2012/3 Trimestre,Mafra,Valor de Oferta / m2,1248
2012/3 Trimestre,Oeiras,Valor de Oferta / m2,1840
2012/3 Trimestre,Sintra,Valor de Oferta / m2,1231
2012/3 Trimestre,Vila Franca de Xira,Valor de Oferta / m2,1186
2012/3 Trimestre,Amadora,Valor de Oferta / m2,1390
2012/3 Trimestre,Odivelas,Valor de Oferta / m2,1363
2012/3 Trimestre,Alcochete,Valor de Oferta / m2,1090
2012/3 Trimestre,Almada,Valor de Oferta / m2,1342
2012/3 Trimestre,Barreiro,Valor de Oferta / m2,1011
2012/3 Trimestre,Moita,Valor de Oferta / m2,910
2012/3 Trimestre,Montijo,Valor de Oferta / m2,1011
2012/3 Trimestre,Palmela,Valor de Oferta / m2,1108
2012/3 Trimestre,Seixal,Valor de Oferta / m2,1183
2012/3 Trimestre,Sesimbra,Valor de Oferta / m2,1437
2012/3 Trimestre,Setúbal,Valor de Oferta / m2,1031
2012/3 Trimestre,Espinho,Valor de Oferta / m2,1312
2012/3 Trimestre,Gondomar,Valor de Oferta / m2,928
2012/3 Trimestre,Maia,Valor de Oferta / m2,1056
2012/3 Trimestre,Matosinhos,Valor de Oferta / m2,1463
2012/3 Trimestre,Porto,Valor de Oferta / m2,1788
2012/3 Trimestre,Póvoa de Varzim,Valor de Oferta / m2,1188
2012/3 Trimestre,Valongo,Valor de Oferta / m2,846
2012/3 Trimestre,Vila do Conde,Valor de Oferta / m2,1200
2012/3 Trimestre,Vila Nova de Gaia,Valor de Oferta / m2,1113
2012/4 Trimestre,Cascais,Fogos em Oferta,4163
2012/4 Trimestre,Lisboa,Fogos em Oferta,8122
2012/4 Trimestre,Loures,Fogos em Oferta,1670
2012/4 Trimestre,Mafra,Fogos em Oferta,462
2012/4 Trimestre,Oeiras,Fogos em Oferta,2331
2012/4 Trimestre,Sintra,Fogos em Oferta,3588
2012/4 Trimestre,Vila Franca de Xira,Fogos em Oferta,1961
2012/4 Trimestre,Amadora,Fogos em Oferta,1635
2012/4 Trimestre,Odivelas,Fogos em Oferta,1319
2012/4 Trimestre,Alcochete,Fogos em Oferta,64
2012/4 Trimestre,Almada,Fogos em Oferta,1246
2012/4 Trimestre,Barreiro,Fogos em Oferta,219
2012/4 Trimestre,Moita,Fogos em Oferta,277
2012/4 Trimestre,Montijo,Fogos em Oferta,230
2012/4 Trimestre,Palmela,Fogos em Oferta,450
2012/4 Trimestre,Seixal,Fogos em Oferta,1484
2012/4 Trimestre,Sesimbra,Fogos em Oferta,280
2012/4 Trimestre,Setúbal,Fogos em Oferta,435
2012/4 Trimestre,Espinho,Fogos em Oferta,169
2012/4 Trimestre,Gondomar,Fogos em Oferta,2501
2012/4 Trimestre,Maia,Fogos em Oferta,2702
2012/4 Trimestre,Matosinhos,Fogos em Oferta,2464
2012/4 Trimestre,Porto,Fogos em Oferta,6734
2012/4 Trimestre,Póvoa de Varzim,Fogos em Oferta,369
2012/4 Trimestre,Valongo,Fogos em Oferta,1384
2012/4 Trimestre,Vila do Conde,Fogos em Oferta,333
2012/4 Trimestre,Vila Nova de Gaia,Fogos em Oferta,2930
2012/4 Trimestre,Cascais,Valor de Oferta / m2,1863
2012/4 Trimestre,Lisboa,Valor de Oferta / m2,2521
2012/4 Trimestre,Loures,Valor de Oferta / m2,1509
2012/4 Trimestre,Mafra,Valor de Oferta / m2,1220
2012/4 Trimestre,Oeiras,Valor de Oferta / m2,1812
2012/4 Trimestre,Sintra,Valor de Oferta / m2,1204
2012/4 Trimestre,Vila Franca de Xira,Valor de Oferta / m2,1188
2012/4 Trimestre,Amadora,Valor de Oferta / m2,1387
2012/4 Trimestre,Odivelas,Valor de Oferta / m2,1352
2012/4 Trimestre,Alcochete,Valor de Oferta / m2,1066
2012/4 Trimestre,Almada,Valor de Oferta / m2,1343
2012/4 Trimestre,Barreiro,Valor de Oferta / m2,989
2012/4 Trimestre,Moita,Valor de Oferta / m2,930
2012/4 Trimestre,Montijo,Valor de Oferta / m2,993
2012/4 Trimestre,Palmela,Valor de Oferta / m2,1067
2012/4 Trimestre,Seixal,Valor de Oferta / m2,1156
2012/4 Trimestre,Sesimbra,Valor de Oferta / m2,1382
2012/4 Trimestre,Setúbal,Valor de Oferta / m2,1015
2012/4 Trimestre,Espinho,Valor de Oferta / m2,1303
2012/4 Trimestre,Gondomar,Valor de Oferta / m2,923
2012/4 Trimestre,Maia,Valor de Oferta / m2,1049
2012/4 Trimestre,Matosinhos,Valor de Oferta / m2,1468
2012/4 Trimestre,Porto,Valor de Oferta / m2,1776
2012/4 Trimestre,Póvoa de Varzim,Valor de Oferta / m2,1220
2012/4 Trimestre,Valongo,Valor de Oferta / m2,849
2012/4 Trimestre,Vila do Conde,Valor de Oferta / m2,1155
2012/4 Trimestre,Vila Nova de Gaia,Valor de Oferta / m2,1099
2013/1 Trimestre,Lisboa,Fogos em Oferta,9507
2013/1 Trimestre,Cascais,Fogos em Oferta,4208
2013/1 Trimestre,Loures,Fogos em Oferta,1771
2013/1 Trimestre,Mafra,Fogos em Oferta,518
2013/1 Trimestre,Oeiras,Fogos em Oferta,2928
2013/1 Trimestre,Sintra,Fogos em Oferta,3779
2013/1 Trimestre,Vila Franca de Xira,Fogos em Oferta,2005
2013/1 Trimestre,Amadora,Fogos em Oferta,2279
2013/1 Trimestre,Odivelas,Fogos em Oferta,1152
2013/1 Trimestre,Alcochete,Fogos em Oferta,116
2013/1 Trimestre,Almada,Fogos em Oferta,1622
2013/1 Trimestre,Barreiro,Fogos em Oferta,265
2013/1 Trimestre,Moita,Fogos em Oferta,310
2013/1 Trimestre,Montijo,Fogos em Oferta,303
2013/1 Trimestre,Palmela,Fogos em Oferta,458
2013/1 Trimestre,Seixal,Fogos em Oferta,1901
2013/1 Trimestre,Sesimbra,Fogos em Oferta,461
2013/1 Trimestre,Setúbal,Fogos em Oferta,621
2013/1 Trimestre,Espinho,Fogos em Oferta,175
2013/1 Trimestre,Gondomar,Fogos em Oferta,2512
2013/1 Trimestre,Maia,Fogos em Oferta,2739
2013/1 Trimestre,Matosinhos,Fogos em Oferta,2508
2013/1 Trimestre,Porto,Fogos em Oferta,6796
2013/1 Trimestre,Póvoa de Varzim,Fogos em Oferta,371
2013/1 Trimestre,Valongo,Fogos em Oferta,1445
2013/1 Trimestre,Vila do Conde,Fogos em Oferta,339
2013/1 Trimestre,Vila Nova de Gaia,Fogos em Oferta,3053
2013/1 Trimestre,Cascais,Valor de Oferta / m2,1874
2013/1 Trimestre,Lisboa,Valor de Oferta / m2,2481
2013/1 Trimestre,Loures,Valor de Oferta / m2,1472
2013/1 Trimestre,Mafra,Valor de Oferta / m2,1185
2013/1 Trimestre,Oeiras,Valor de Oferta / m2,1672
2013/1 Trimestre,Sintra,Valor de Oferta / m2,1191
2013/1 Trimestre,Vila Franca de Xira,Valor de Oferta / m2,1161
2013/1 Trimestre,Amadora,Valor de Oferta / m2,1340
2013/1 Trimestre,Odivelas,Valor de Oferta / m2,1374
2013/1 Trimestre,Alcochete,Valor de Oferta / m2,1067
2013/1 Trimestre,Almada,Valor de Oferta / m2,1302
2013/1 Trimestre,Barreiro,Valor de Oferta / m2,980
2013/1 Trimestre,Moita,Valor de Oferta / m2,920
2013/1 Trimestre,Montijo,Valor de Oferta / m2,962
2013/1 Trimestre,Palmela,Valor de Oferta / m2,1070
2013/1 Trimestre,Seixal,Valor de Oferta / m2,1130
2013/1 Trimestre,Sesimbra,Valor de Oferta / m2,1230
2013/1 Trimestre,Setúbal,Valor de Oferta / m2,1010
2013/1 Trimestre,Espinho,Valor de Oferta / m2,1311
2013/1 Trimestre,Gondomar,Valor de Oferta / m2,912
2013/1 Trimestre,Maia,Valor de Oferta / m2,1045
2013/1 Trimestre,Matosinhos,Valor de Oferta / m2,1462
2013/1 Trimestre,Porto,Valor de Oferta / m2,1779
2013/1 Trimestre,Póvoa de Varzim,Valor de Oferta / m2,1217
2013/1 Trimestre,Valongo,Valor de Oferta / m2,849
2013/1 Trimestre,Vila do Conde,Valor de Oferta / m2,1161
2013/1 Trimestre,Vila Nova de Gaia,Valor de Oferta / m2,1100
2013/2 Trimestre,Cascais,Fogos em Oferta,4261
2013/2 Trimestre,Lisboa,Fogos em Oferta,9893
2013/2 Trimestre,Loures,Fogos em Oferta,1783
2013/2 Trimestre,Mafra,Fogos em Oferta,492
2013/2 Trimestre,Oeiras,Fogos em Oferta,2974
2013/2 Trimestre,Sintra,Fogos em Oferta,3720
2013/2 Trimestre,Vila Franca de Xira,Fogos em Oferta,1990
2013/2 Trimestre,Amadora,Fogos em Oferta,2117
2013/2 Trimestre,Odivelas,Fogos em Oferta,1120
2013/2 Trimestre,Alcochete,Fogos em Oferta,119
2013/2 Trimestre,Almada,Fogos em Oferta,1764
2013/2 Trimestre,Barreiro,Fogos em Oferta,264
2013/2 Trimestre,Moita,Fogos em Oferta,295
2013/2 Trimestre,Montijo,Fogos em Oferta,310
2013/2 Trimestre,Palmela,Fogos em Oferta,528
2013/2 Trimestre,Seixal,Fogos em Oferta,1968
2013/2 Trimestre,Sesimbra,Fogos em Oferta,452
2013/2 Trimestre,Setúbal,Fogos em Oferta,595
2013/2 Trimestre,Espinho,Fogos em Oferta,172
2013/2 Trimestre,Gondomar,Fogos em Oferta,2153
2013/2 Trimestre,Maia,Fogos em Oferta,2764
2013/2 Trimestre,Matosinhos,Fogos em Oferta,2389
2013/2 Trimestre,Porto,Fogos em Oferta,6283
2013/2 Trimestre,Póvoa de Varzim,Fogos em Oferta,1903
2013/2 Trimestre,Valongo,Fogos em Oferta,1210
2013/2 Trimestre,Vila do Conde,Fogos em Oferta,359
2013/2 Trimestre,Vila Nova de Gaia,Fogos em Oferta,2856
2013/2 Trimestre,Cascais,Valor de Oferta / m2,1861
2013/2 Trimestre,Lisboa,Valor de Oferta / m2,2549
2013/2 Trimestre,Loures,Valor de Oferta / m2,1517
2013/2 Trimestre,Mafra,Valor de Oferta / m2,1180
2013/2 Trimestre,Oeiras,Valor de Oferta / m2,1654
2013/2 Trimestre,Sintra,Valor de Oferta / m2,1185
2013/2 Trimestre,Vila Franca de Xira,Valor de Oferta / m2,1145
2013/2 Trimestre,Amadora,Valor de Oferta / m2,1341
2013/2 Trimestre,Odivelas,Valor de Oferta / m2,1375
2013/2 Trimestre,Alcochete,Valor de Oferta / m2,1048
2013/2 Trimestre,Almada,Valor de Oferta / m2,1297
2013/2 Trimestre,Barreiro,Valor de Oferta / m2,974
2013/2 Trimestre,Moita,Valor de Oferta / m2,911
2013/2 Trimestre,Montijo,Valor de Oferta / m2,950
2013/2 Trimestre,Palmela,Valor de Oferta / m2,1081
2013/2 Trimestre,Seixal,Valor de Oferta / m2,1129
2013/2 Trimestre,Sesimbra,Valor de Oferta / m2,1276
2013/2 Trimestre,Setúbal,Valor de Oferta / m2,977
2013/2 Trimestre,Espinho,Valor de Oferta / m2,1306
2013/2 Trimestre,Gondomar,Valor de Oferta / m2,911
2013/2 Trimestre,Maia,Valor de Oferta / m2,1047
2013/2 Trimestre,Matosinhos,Valor de Oferta / m2,1445
2013/2 Trimestre,Porto,Valor de Oferta / m2,1818
2013/2 Trimestre,Póvoa de Varzim,Valor de Oferta / m2,1219
2013/2 Trimestre,Valongo,Valor de Oferta / m2,850
2013/2 Trimestre,Vila do Conde,Valor de Oferta / m2,1172
2013/2 Trimestre,Vila Nova de Gaia,Valor de Oferta / m2,1101
2013/3 Trimestre,Cascais,Fogos em Oferta,4079
2013/3 Trimestre,Lisboa,Fogos em Oferta,8937
2013/3 Trimestre,Loures,Fogos em Oferta,1701
2013/3 Trimestre,Mafra,Fogos em Oferta,489
2013/3 Trimestre,Oeiras,Fogos em Oferta,2891
2013/3 Trimestre,Sintra,Fogos em Oferta,3281
2013/3 Trimestre,Vila Franca de Xira,Fogos em Oferta,1950
2013/3 Trimestre,Amadora,Fogos em Oferta,1390
2013/3 Trimestre,Odivelas,Fogos em Oferta,1037
2013/3 Trimestre,Alcochete,Fogos em Oferta,100
2013/3 Trimestre,Almada,Fogos em Oferta,1555
2013/3 Trimestre,Barreiro,Fogos em Oferta,170
2013/3 Trimestre,Moita,Fogos em Oferta,247
2013/3 Trimestre,Montijo,Fogos em Oferta,290
2013/3 Trimestre,Palmela,Fogos em Oferta,372
2013/3 Trimestre,Seixal,Fogos em Oferta,1782
2013/3 Trimestre,Sesimbra,Fogos em Oferta,415
2013/3 Trimestre,Setúbal,Fogos em Oferta,585
2013/3 Trimestre,Espinho,Fogos em Oferta,128
2013/3 Trimestre,Gondomar,Fogos em Oferta,2031
2013/3 Trimestre,Maia,Fogos em Oferta,2742
2013/3 Trimestre,Matosinhos,Fogos em Oferta,2314
2013/3 Trimestre,Porto,Fogos em Oferta,5985
2013/3 Trimestre,Póvoa de Varzim,Fogos em Oferta,1951
2013/3 Trimestre,Valongo,Fogos em Oferta,1137
2013/3 Trimestre,Vila do Conde,Fogos em Oferta,565
2013/3 Trimestre,Vila Nova de Gaia,Fogos em Oferta,2632
2013/3 Trimestre,Cascais,Valor de Oferta / m2,1836
2013/3 Trimestre,Lisboa,Valor de Oferta / m2,2527
2013/3 Trimestre,Loures,Valor de Oferta / m2,1520
2013/3 Trimestre,Mafra,Valor de Oferta / m2,1175
2013/3 Trimestre,Oeiras,Valor de Oferta / m2,1646
2013/3 Trimestre,Sintra,Valor de Oferta / m2,1191
2013/3 Trimestre,Vila Franca de Xira,Valor de Oferta / m2,1148
2013/3 Trimestre,Amadora,Valor de Oferta / m2,1306
2013/3 Trimestre,Odivelas,Valor de Oferta / m2,1372
2013/3 Trimestre,Alcochete,Valor de Oferta / m2,981
2013/3 Trimestre,Almada,Valor de Oferta / m2,1275
2013/3 Trimestre,Barreiro,Valor de Oferta / m2,952
2013/3 Trimestre,Moita,Valor de Oferta / m2,931
2013/3 Trimestre,Montijo,Valor de Oferta / m2,954
2013/3 Trimestre,Palmela,Valor de Oferta / m2,1041
2013/3 Trimestre,Seixal,Valor de Oferta / m2,1123
2013/3 Trimestre,Sesimbra,Valor de Oferta / m2,1259
2013/3 Trimestre,Setúbal,Valor de Oferta / m2,984
2013/3 Trimestre,Espinho,Valor de Oferta / m2,1350
2013/3 Trimestre,Gondomar,Valor de Oferta / m2,907
2013/3 Trimestre,Maia,Valor de Oferta / m2,1041
2013/3 Trimestre,Matosinhos,Valor de Oferta / m2,1429
2013/3 Trimestre,Porto,Valor de Oferta / m2,1822
2013/3 Trimestre,Póvoa de Varzim,Valor de Oferta / m2,1632
2013/3 Trimestre,Valongo,Valor de Oferta / m2,858
2013/3 Trimestre,Vila do Conde,Valor de Oferta / m2,1397
2013/3 Trimestre,Vila Nova de Gaia,Valor de Oferta / m2,1105
2013/4 Trimestre,Cascais,Fogos em Oferta,3628
2013/4 Trimestre,Lisboa,Fogos em Oferta,7764
2013/4 Trimestre,Loures,Fogos em Oferta,1494
2013/4 Trimestre,Mafra,Fogos em Oferta,443
2013/4 Trimestre,Oeiras,Fogos em Oferta,1893
2013/4 Trimestre,Sintra,Fogos em Oferta,2741
2013/4 Trimestre,Vila Franca de Xira,Fogos em Oferta,1800
2013/4 Trimestre,Amadora,Fogos em Oferta,1062
2013/4 Trimestre,Odivelas,Fogos em Oferta,912
2013/4 Trimestre,Alcochete,Fogos em Oferta,73
2013/4 Trimestre,Almada,Fogos em Oferta,1438
2013/4 Trimestre,Barreiro,Fogos em Oferta,105
2013/4 Trimestre,Moita,Fogos em Oferta,121
2013/4 Trimestre,Montijo,Fogos em Oferta,181
2013/4 Trimestre,Palmela,Fogos em Oferta,276
2013/4 Trimestre,Seixal,Fogos em Oferta,1396
2013/4 Trimestre,Sesimbra,Fogos em Oferta,325
2013/4 Trimestre,Setúbal,Fogos em Oferta,496
2013/4 Trimestre,Espinho,Fogos em Oferta,58
2013/4 Trimestre,Gondomar,Fogos em Oferta,1871
2013/4 Trimestre,Maia,Fogos em Oferta,2357
2013/4 Trimestre,Matosinhos,Fogos em Oferta,2052
2013/4 Trimestre,Porto,Fogos em Oferta,5360
2013/4 Trimestre,Póvoa de Varzim,Fogos em Oferta,2807
2013/4 Trimestre,Valongo,Fogos em Oferta,1024
2013/4 Trimestre,Vila do Conde,Fogos em Oferta,683
2013/4 Trimestre,Vila Nova de Gaia,Fogos em Oferta,2010
2013/4 Trimestre,Cascais,Valor de Oferta / m2,1920
2013/4 Trimestre,Lisboa,Valor de Oferta / m2,2527
2013/4 Trimestre,Loures,Valor de Oferta / m2,1544
2013/4 Trimestre,Mafra,Valor de Oferta / m2,1147
2013/4 Trimestre,Oeiras,Valor de Oferta / m2,1772
2013/4 Trimestre,Sintra,Valor de Oferta / m2,1239
2013/4 Trimestre,Vila Franca de Xira,Valor de Oferta / m2,1145
2013/4 Trimestre,Amadora,Valor de Oferta / m2,1293
2013/4 Trimestre,Odivelas,Valor de Oferta / m2,1329
2013/4 Trimestre,Alcochete,Valor de Oferta / m2,1080
2013/4 Trimestre,Almada,Valor de Oferta / m2,1280
2013/4 Trimestre,Barreiro,Valor de Oferta / m2,951
2013/4 Trimestre,Moita,Valor de Oferta / m2,980
2013/4 Trimestre,Montijo,Valor de Oferta / m2,951
2013/4 Trimestre,Palmela,Valor de Oferta / m2,1021
2013/4 Trimestre,Seixal,Valor de Oferta / m2,1116
2013/4 Trimestre,Sesimbra,Valor de Oferta / m2,1320
2013/4 Trimestre,Setúbal,Valor de Oferta / m2,970
2013/4 Trimestre,Espinho,Valor de Oferta / m2,1370
2013/4 Trimestre,Gondomar,Valor de Oferta / m2,908
2013/4 Trimestre,Maia,Valor de Oferta / m2,1035
2013/4 Trimestre,Matosinhos,Valor de Oferta / m2,1428
2013/4 Trimestre,Porto,Valor de Oferta / m2,1830
2013/4 Trimestre,Póvoa de Varzim,Valor de Oferta / m2,1626
2013/4 Trimestre,Valongo,Valor de Oferta / m2,859
2013/4 Trimestre,Vila do Conde,Valor de Oferta / m2,1407
2013/4 Trimestre,Vila Nova de Gaia,Valor de Oferta / m2,1094
2014/1 Trimestre,Cascais,Fogos em Oferta,3824
2014/1 Trimestre,Lisboa,Fogos em Oferta,8294
2014/1 Trimestre,Loures,Fogos em Oferta,1543
2014/1 Trimestre,Mafra,Fogos em Oferta,570
2014/1 Trimestre,Oeiras,Fogos em Oferta,2015
2014/1 Trimestre,Sintra,Fogos em Oferta,3249
2014/1 Trimestre,Vila Franca de Xira,Fogos em Oferta,1880
2014/1 Trimestre,Amadora,Fogos em Oferta,1177
2014/1 Trimestre,Odivelas,Fogos em Oferta,860
2014/1 Trimestre,Alcochete,Fogos em Oferta,111
2014/1 Trimestre,Almada,Fogos em Oferta,1565
2014/1 Trimestre,Barreiro,Fogos em Oferta,149
2014/1 Trimestre,Moita,Fogos em Oferta,159
2014/1 Trimestre,Montijo,Fogos em Oferta,282
2014/1 Trimestre,Palmela,Fogos em Oferta,447
2014/1 Trimestre,Seixal,Fogos em Oferta,1742
2014/1 Trimestre,Sesimbra,Fogos em Oferta,480
2014/1 Trimestre,Setúbal,Fogos em Oferta,629
2014/1 Trimestre,Espinho,Fogos em Oferta,85
2014/1 Trimestre,Gondomar,Fogos em Oferta,1859
2014/1 Trimestre,Maia,Fogos em Oferta,2385
2014/1 Trimestre,Matosinhos,Fogos em Oferta,2117
2014/1 Trimestre,Porto,Fogos em Oferta,5154
2014/1 Trimestre,Póvoa de Varzim,Fogos em Oferta,2409
2014/1 Trimestre,Valongo,Fogos em Oferta,1016
2014/1 Trimestre,Vila do Conde,Fogos em Oferta,932
2014/1 Trimestre,Vila Nova de Gaia,Fogos em Oferta,2253
2014/1 Trimestre,Cascais,Valor de Oferta / m2,1950
2014/1 Trimestre,Lisboa,Valor de Oferta / m2,2521
2014/1 Trimestre,Loures,Valor de Oferta / m2,1507
2014/1 Trimestre,Mafra,Valor de Oferta / m2,1139
2014/1 Trimestre,Oeiras,Valor de Oferta / m2,1755
2014/1 Trimestre,Sintra,Valor de Oferta / m2,1220
2014/1 Trimestre,Vila Franca de Xira,Valor de Oferta / m2,1104
2014/1 Trimestre,Amadora,Valor de Oferta / m2,1311
2014/1 Trimestre,Odivelas,Valor de Oferta / m2,1321
2014/1 Trimestre,Alcochete,Valor de Oferta / m2,1101
2014/1 Trimestre,Almada,Valor de Oferta / m2,1273
2014/1 Trimestre,Barreiro,Valor de Oferta / m2,944
2014/1 Trimestre,Moita,Valor de Oferta / m2,947
2014/1 Trimestre,Montijo,Valor de Oferta / m2,923
2014/1 Trimestre,Palmela,Valor de Oferta / m2,1252
2014/1 Trimestre,Seixal,Valor de Oferta / m2,1118
2014/1 Trimestre,Sesimbra,Valor de Oferta / m2,1275
2014/1 Trimestre,Setúbal,Valor de Oferta / m2,1040
2014/1 Trimestre,Espinho,Valor de Oferta / m2,1463
2014/1 Trimestre,Gondomar,Valor de Oferta / m2,914
2014/1 Trimestre,Maia,Valor de Oferta / m2,1038
2014/1 Trimestre,Matosinhos,Valor de Oferta / m2,1444
2014/1 Trimestre,Porto,Valor de Oferta / m2,1835
2014/1 Trimestre,Póvoa de Varzim,Valor de Oferta / m2,1641
2014/1 Trimestre,Valongo,Valor de Oferta / m2,854
2014/1 Trimestre,Vila do Conde,Valor de Oferta / m2,1522
2014/1 Trimestre,Vila Nova de Gaia,Valor de Oferta / m2,1097
2014/2 Trimestre,Cascais,Fogos em Oferta,3626
2014/2 Trimestre,Lisboa,Fogos em Oferta,8578
2014/2 Trimestre,Loures,Fogos em Oferta,1452
2014/2 Trimestre,Mafra,Fogos em Oferta,462
2014/2 Trimestre,Oeiras,Fogos em Oferta,1810
2014/2 Trimestre,Sintra,Fogos em Oferta,3164
2014/2 Trimestre,Vila Franca de Xira,Fogos em Oferta,1716
2014/2 Trimestre,Amadora,Fogos em Oferta,1101
2014/2 Trimestre,Odivelas,Fogos em Oferta,736
2014/2 Trimestre,Alcochete,Fogos em Oferta,113
2014/2 Trimestre,Almada,Fogos em Oferta,1502
2014/2 Trimestre,Barreiro,Fogos em Oferta,182
2014/2 Trimestre,Moita,Fogos em Oferta,160
2014/2 Trimestre,Montijo,Fogos em Oferta,294
2014/2 Trimestre,Palmela,Fogos em Oferta,504
2014/2 Trimestre,Seixal,Fogos em Oferta,1685
2014/2 Trimestre,Sesimbra,Fogos em Oferta,562
2014/2 Trimestre,Setúbal,Fogos em Oferta,704
2014/2 Trimestre,Espinho,Fogos em Oferta,85
2014/2 Trimestre,Gondomar,Fogos em Oferta,1813
2014/2 Trimestre,Maia,Fogos em Oferta,2304
2014/2 Trimestre,Matosinhos,Fogos em Oferta,1687
2014/2 Trimestre,Porto,Fogos em Oferta,4860
2014/2 Trimestre,Póvoa de Varzim,Fogos em Oferta,1941
2014/2 Trimestre,Valongo,Fogos em Oferta,957
2014/2 Trimestre,Vila do Conde,Fogos em Oferta,959
2014/2 Trimestre,Vila Nova de Gaia,Fogos em Oferta,2098
2014/2 Trimestre,Cascais,Valor de Oferta / m2,1955
2014/2 Trimestre,Lisboa,Valor de Oferta / m2,2581
2014/2 Trimestre,Loures,Valor de Oferta / m2,1509
2014/2 Trimestre,Mafra,Valor de Oferta / m2,1167
2014/2 Trimestre,Oeiras,Valor de Oferta / m2,1727
2014/2 Trimestre,Sintra,Valor de Oferta / m2,1234
2014/2 Trimestre,Vila Franca de Xira,Valor de Oferta / m2,1103
2014/2 Trimestre,Amadora,Valor de Oferta / m2,1300
2014/2 Trimestre,Odivelas,Valor de Oferta / m2,1297
2014/2 Trimestre,Alcochete,Valor de Oferta / m2,1236
2014/2 Trimestre,Almada,Valor de Oferta / m2,1255
2014/2 Trimestre,Barreiro,Valor de Oferta / m2,920
2014/2 Trimestre,Moita,Valor de Oferta / m2,905
2014/2 Trimestre,Montijo,Valor de Oferta / m2,973
2014/2 Trimestre,Palmela,Valor de Oferta / m2,1249
2014/2 Trimestre,Seixal,Valor de Oferta / m2,1106
2014/2 Trimestre,Sesimbra,Valor de Oferta / m2,1286
2014/2 Trimestre,Setúbal,Valor de Oferta / m2,1032
2014/2 Trimestre,Espinho,Valor de Oferta / m2,1462
2014/2 Trimestre,Gondomar,Valor de Oferta / m2,911
2014/2 Trimestre,Maia,Valor de Oferta / m2,1032
2014/2 Trimestre,Matosinhos,Valor de Oferta / m2,1426
2014/2 Trimestre,Porto,Valor de Oferta / m2,1833
2014/2 Trimestre,Póvoa de Varzim,Valor de Oferta / m2,1628
2014/2 Trimestre,Valongo,Valor de Oferta / m2,860
2014/2 Trimestre,Vila do Conde,Valor de Oferta / m2,1542
2014/2 Trimestre,Vila Nova de Gaia,Valor de Oferta / m2,1118
2014/3 Trimestre,Cascais,Fogos em Oferta,3578
2014/3 Trimestre,Lisboa,Fogos em Oferta,8114
2014/3 Trimestre,Loures,Fogos em Oferta,1506
2014/3 Trimestre,Mafra,Fogos em Oferta,570
2014/3 Trimestre,Oeiras,Fogos em Oferta,1879
2014/3 Trimestre,Sintra,Fogos em Oferta,2839
2014/3 Trimestre,Vila Franca de Xira,Fogos em Oferta,1666
2014/3 Trimestre,Amadora,Fogos em Oferta,1077
2014/3 Trimestre,Odivelas,Fogos em Oferta,919
2014/3 Trimestre,Alcochete,Fogos em Oferta,126
2014/3 Trimestre,Almada,Fogos em Oferta,1486
2014/3 Trimestre,Barreiro,Fogos em Oferta,174
2014/3 Trimestre,Moita,Fogos em Oferta,168
2014/3 Trimestre,Montijo,Fogos em Oferta,287
2014/3 Trimestre,Palmela,Fogos em Oferta,492
2014/3 Trimestre,Seixal,Fogos em Oferta,1788
2014/3 Trimestre,Sesimbra,Fogos em Oferta,577
2014/3 Trimestre,Setúbal,Fogos em Oferta,677
2014/3 Trimestre,Espinho,Fogos em Oferta,83
2014/3 Trimestre,Gondomar,Fogos em Oferta,1739
2014/3 Trimestre,Maia,Fogos em Oferta,1958
2014/3 Trimestre,Matosinhos,Fogos em Oferta,1382
2014/3 Trimestre,Porto,Fogos em Oferta,4792
2014/3 Trimestre,Póvoa de Varzim,Fogos em Oferta,3042
2014/3 Trimestre,Valongo,Fogos em Oferta,1005
2014/3 Trimestre,Vila do Conde,Fogos em Oferta,1592
2014/3 Trimestre,Vila Nova de Gaia,Fogos em Oferta,2003
2014/3 Trimestre,Cascais,Valor de Oferta / m2,1964
2014/3 Trimestre,Lisboa,Valor de Oferta / m2,2697
2014/3 Trimestre,Loures,Valor de Oferta / m2,1512
2014/3 Trimestre,Mafra,Valor de Oferta / m2,1161
2014/3 Trimestre,Oeiras,Valor de Oferta / m2,1731
2014/3 Trimestre,Sintra,Valor de Oferta / m2,1260
2014/3 Trimestre,Vila Franca de Xira,Valor de Oferta / m2,1094
2014/3 Trimestre,Amadora,Valor de Oferta / m2,1333
2014/3 Trimestre,Odivelas,Valor de Oferta / m2,1365
2014/3 Trimestre,Alcochete,Valor de Oferta / m2,1289
2014/3 Trimestre,Almada,Valor de Oferta / m2,1270
2014/3 Trimestre,Barreiro,Valor de Oferta / m2,900
2014/3 Trimestre,Moita,Valor de Oferta / m2,882
2014/3 Trimestre,Montijo,Valor de Oferta / m2,916
2014/3 Trimestre,Palmela,Valor de Oferta / m2,1221
2014/3 Trimestre,Seixal,Valor de Oferta / m2,1106
2014/3 Trimestre,Sesimbra,Valor de Oferta / m2,1334
2014/3 Trimestre,Setúbal,Valor de Oferta / m2,994
2014/3 Trimestre,Espinho,Valor de Oferta / m2,1458
2014/3 Trimestre,Gondomar,Valor de Oferta / m2,918
2014/3 Trimestre,Maia,Valor de Oferta / m2,1039
2014/3 Trimestre,Matosinhos,Valor de Oferta / m2,1415
2014/3 Trimestre,Porto,Valor de Oferta / m2,1828
2014/3 Trimestre,Póvoa de Varzim,Valor de Oferta / m2,1623
2014/3 Trimestre,Valongo,Valor de Oferta / m2,869
2014/3 Trimestre,Vila do Conde,Valor de Oferta / m2,1493
2014/3 Trimestre,Vila Nova de Gaia,Valor de Oferta / m2,1168
2014/4 Trimestre,Cascais,Fogos em Oferta,3895
2014/4 Trimestre,Lisboa,Fogos em Oferta,8903
2014/4 Trimestre,Loures,Fogos em Oferta,1844
2014/4 Trimestre,Mafra,Fogos em Oferta,713
2014/4 Trimestre,Oeiras,Fogos em Oferta,2166
2014/4 Trimestre,Sintra,Fogos em Oferta,3439
2014/4 Trimestre,Vila Franca de Xira,Fogos em Oferta,1894
2014/4 Trimestre,Amadora,Fogos em Oferta,1196
2014/4 Trimestre,Odivelas,Fogos em Oferta,1069
2014/4 Trimestre,Alcochete,Fogos em Oferta,177
2014/4 Trimestre,Almada,Fogos em Oferta,1718
2014/4 Trimestre,Barreiro,Fogos em Oferta,216
2014/4 Trimestre,Moita,Fogos em Oferta,185
2014/4 Trimestre,Montijo,Fogos em Oferta,314
2014/4 Trimestre,Palmela,Fogos em Oferta,604
2014/4 Trimestre,Seixal,Fogos em Oferta,2141
2014/4 Trimestre,Sesimbra,Fogos em Oferta,713
2014/4 Trimestre,Setúbal,Fogos em Oferta,906
2014/4 Trimestre,Espinho,Fogos em Oferta,85
2014/4 Trimestre,Gondomar,Fogos em Oferta,1843
2014/4 Trimestre,Maia,Fogos em Oferta,2218
2014/4 Trimestre,Matosinhos,Fogos em Oferta,1500
2014/4 Trimestre,Porto,Fogos em Oferta,4771
2014/4 Trimestre,Póvoa de Varzim,Fogos em Oferta,3053
2014/4 Trimestre,Valongo,Fogos em Oferta,1324
2014/4 Trimestre,Vila do Conde,Fogos em Oferta,1647
2014/4 Trimestre,Vila Nova de Gaia,Fogos em Oferta,2123
2014/4 Trimestre,Cascais,Valor de Oferta / m2,1972
2014/4 Trimestre,Lisboa,Valor de Oferta / m2,2764
2014/4 Trimestre,Loures,Valor de Oferta / m2,1494
2014/4 Trimestre,Mafra,Valor de Oferta / m2,1203
2014/4 Trimestre,Oeiras,Valor de Oferta / m2,1738
2014/4 Trimestre,Sintra,Valor de Oferta / m2,1265
2014/4 Trimestre,Vila Franca de Xira,Valor de Oferta / m2,1092
2014/4 Trimestre,Amadora,Valor de Oferta / m2,1327
2014/4 Trimestre,Odivelas,Valor de Oferta / m2,1354
2014/4 Trimestre,Alcochete,Valor de Oferta / m2,1289
2014/4 Trimestre,Almada,Valor de Oferta / m2,1276
2014/4 Trimestre,Barreiro,Valor de Oferta / m2,882
2014/4 Trimestre,Moita,Valor de Oferta / m2,880
2014/4 Trimestre,Montijo,Valor de Oferta / m2,933
2014/4 Trimestre,Palmela,Valor de Oferta / m2,1212
2014/4 Trimestre,Seixal,Valor de Oferta / m2,1092
2014/4 Trimestre,Sesimbra,Valor de Oferta / m2,1346
2014/4 Trimestre,Setúbal,Valor de Oferta / m2,1005
2014/4 Trimestre,Espinho,Valor de Oferta / m2,1424
2014/4 Trimestre,Gondomar,Valor de Oferta / m2,916
2014/4 Trimestre,Maia,Valor de Oferta / m2,1031
2014/4 Trimestre,Matosinhos,Valor de Oferta / m2,1394
2014/4 Trimestre,Porto,Valor de Oferta / m2,1816
2014/4 Trimestre,Póvoa de Varzim,Valor de Oferta / m2,1613
2014/4 Trimestre,Valongo,Valor de Oferta / m2,865
2014/4 Trimestre,Vila do Conde,Valor de Oferta / m2,1466
2014/4 Trimestre,Vila Nova de Gaia,Valor de Oferta / m2,1177
2015/1 Trimestre,Lisboa,Fogos em Oferta,7524
2015/1 Trimestre,Cascais,Fogos em Oferta,2624
2015/1 Trimestre,Loures,Fogos em Oferta,1700
2015/1 Trimestre,Mafra,Fogos em Oferta,653
2015/1 Trimestre,Oeiras,Fogos em Oferta,1766
2015/1 Trimestre,Sintra,Fogos em Oferta,3162
2015/1 Trimestre,Vila Franca de Xira,Fogos em Oferta,1760
2015/1 Trimestre,Amadora,Fogos em Oferta,972
2015/1 Trimestre,Odivelas,Fogos em Oferta,862
2015/1 Trimestre,Alcochete,Fogos em Oferta,249
2015/1 Trimestre,Almada,Fogos em Oferta,1650
2015/1 Trimestre,Barreiro,Fogos em Oferta,344
2015/1 Trimestre,Moita,Fogos em Oferta,328
2015/1 Trimestre,Montijo,Fogos em Oferta,345
2015/1 Trimestre,Palmela,Fogos em Oferta,717
2015/1 Trimestre,Seixal,Fogos em Oferta,2225
2015/1 Trimestre,Sesimbra,Fogos em Oferta,789
2015/1 Trimestre,Setúbal,Fogos em Oferta,1094
2015/1 Trimestre,Espinho,Fogos em Oferta,92
2015/1 Trimestre,Gondomar,Fogos em Oferta,1998
2015/1 Trimestre,Maia,Fogos em Oferta,2238
2015/1 Trimestre,Matosinhos,Fogos em Oferta,1397
2015/1 Trimestre,Porto,Fogos em Oferta,3906
2015/1 Trimestre,Póvoa de Varzim,Fogos em Oferta,1690
2015/1 Trimestre,Valongo,Fogos em Oferta,1439
2015/1 Trimestre,Vila do Conde,Fogos em Oferta,1313
2015/1 Trimestre,Vila Nova de Gaia,Fogos em Oferta,2204
2015/1 Trimestre,Cascais,Valor de Oferta / m2,2023
2015/1 Trimestre,Lisboa,Valor de Oferta / m2,2793
2015/1 Trimestre,Loures,Valor de Oferta / m2,1485
2015/1 Trimestre,Mafra,Valor de Oferta / m2,1190
2015/1 Trimestre,Oeiras,Valor de Oferta / m2,1738
2015/1 Trimestre,Sintra,Valor de Oferta / m2,1141
2015/1 Trimestre,Vila Franca de Xira,Valor de Oferta / m2,1069
2015/1 Trimestre,Amadora,Valor de Oferta / m2,1280
2015/1 Trimestre,Odivelas,Valor de Oferta / m2,1327
2015/1 Trimestre,Alcochete,Valor de Oferta / m2,1239
2015/1 Trimestre,Almada,Valor de Oferta / m2,1234
2015/1 Trimestre,Barreiro,Valor de Oferta / m2,836
2015/1 Trimestre,Moita,Valor de Oferta / m2,762
2015/1 Trimestre,Montijo,Valor de Oferta / m2,906
2015/1 Trimestre,Palmela,Valor de Oferta / m2,1121
2015/1 Trimestre,Seixal,Valor de Oferta / m2,1071
2015/1 Trimestre,Sesimbra,Valor de Oferta / m2,1407
2015/1 Trimestre,Setúbal,Valor de Oferta / m2,952
2015/1 Trimestre,Espinho,Valor de Oferta / m2,1363
2015/1 Trimestre,Gondomar,Valor de Oferta / m2,882
2015/1 Trimestre,Maia,Valor de Oferta / m2,1012
2015/1 Trimestre,Matosinhos,Valor de Oferta / m2,1366
2015/1 Trimestre,Porto,Valor de Oferta / m2,1779
2015/1 Trimestre,Póvoa de Varzim,Valor de Oferta / m2,1583
2015/1 Trimestre,Valongo,Valor de Oferta / m2,840
2015/1 Trimestre,Vila do Conde,Valor de Oferta / m2,1436
2015/1 Trimestre,Vila Nova de Gaia,Valor de Oferta / m2,1105
2015/2 Trimestre,Cascais,Fogos em Oferta,2610
2015/2 Trimestre,Lisboa,Fogos em Oferta,7186
2015/2 Trimestre,Loures,Fogos em Oferta,1692
2015/2 Trimestre,Mafra,Fogos em Oferta,596
2015/2 Trimestre,Oeiras,Fogos em Oferta,1664
2015/2 Trimestre,Sintra,Fogos em Oferta,3304
2015/2 Trimestre,Vila Franca de Xira,Fogos em Oferta,1589
2015/2 Trimestre,Amadora,Fogos em Oferta,960
2015/2 Trimestre,Odivelas,Fogos em Oferta,804
2015/2 Trimestre,Alcochete,Fogos em Oferta,187
2015/2 Trimestre,Almada,Fogos em Oferta,1652
2015/2 Trimestre,Barreiro,Fogos em Oferta,344
2015/2 Trimestre,Moita,Fogos em Oferta,357
2015/2 Trimestre,Montijo,Fogos em Oferta,319
2015/2 Trimestre,Palmela,Fogos em Oferta,713
2015/2 Trimestre,Seixal,Fogos em Oferta,1977
2015/2 Trimestre,Sesimbra,Fogos em Oferta,762
2015/2 Trimestre,Setúbal,Fogos em Oferta,1174
2015/2 Trimestre,Espinho,Fogos em Oferta,43
2015/2 Trimestre,Gondomar,Fogos em Oferta,1257
2015/2 Trimestre,Maia,Fogos em Oferta,1973
2015/2 Trimestre,Matosinhos,Fogos em Oferta,1227
2015/2 Trimestre,Porto,Fogos em Oferta,3370
2015/2 Trimestre,Póvoa de Varzim,Fogos em Oferta,1421
2015/2 Trimestre,Valongo,Fogos em Oferta,1022
2015/2 Trimestre,Vila do Conde,Fogos em Oferta,1187
2015/2 Trimestre,Vila Nova de Gaia,Fogos em Oferta,1964
2015/2 Trimestre,Cascais,Valor de Oferta / m2,2044
2015/2 Trimestre,Lisboa,Valor de Oferta / m2,2915
2015/2 Trimestre,Loures,Valor de Oferta / m2,1510
2015/2 Trimestre,Mafra,Valor de Oferta / m2,1175
2015/2 Trimestre,Oeiras,Valor de Oferta / m2,1726
2015/2 Trimestre,Sintra,Valor de Oferta / m2,1143
2015/2 Trimestre,Vila Franca de Xira,Valor de Oferta / m2,1043
2015/2 Trimestre,Amadora,Valor de Oferta / m2,1266
2015/2 Trimestre,Odivelas,Valor de Oferta / m2,1275
2015/2 Trimestre,Alcochete,Valor de Oferta / m2,1351
2015/2 Trimestre,Almada,Valor de Oferta / m2,1234
2015/2 Trimestre,Barreiro,Valor de Oferta / m2,803
2015/2 Trimestre,Moita,Valor de Oferta / m2,771
2015/2 Trimestre,Montijo,Valor de Oferta / m2,927
2015/2 Trimestre,Palmela,Valor de Oferta / m2,1109
2015/2 Trimestre,Seixal,Valor de Oferta / m2,1047
2015/2 Trimestre,Sesimbra,Valor de Oferta / m2,1387
2015/2 Trimestre,Setúbal,Valor de Oferta / m2,945
2015/2 Trimestre,Espinho,Valor de Oferta / m2,1177
2015/2 Trimestre,Gondomar,Valor de Oferta / m2,827
2015/2 Trimestre,Maia,Valor de Oferta / m2,1009
2015/2 Trimestre,Matosinhos,Valor de Oferta / m2,1313
2015/2 Trimestre,Porto,Valor de Oferta / m2,1708
2015/2 Trimestre,Póvoa de Varzim,Valor de Oferta / m2,1581
2015/2 Trimestre,Valongo,Valor de Oferta / m2,817
2015/2 Trimestre,Vila do Conde,Valor de Oferta / m2,1457
2015/2 Trimestre,Vila Nova de Gaia,Valor de Oferta / m2,1080
2015/3 Trimestre,Cascais,Fogos em Oferta,2482
2015/3 Trimestre,Lisboa,Fogos em Oferta,6476
2015/3 Trimestre,Loures,Fogos em Oferta,1506
2015/3 Trimestre,Mafra,Fogos em Oferta,570
2015/3 Trimestre,Oeiras,Fogos em Oferta,1605
2015/3 Trimestre,Sintra,Fogos em Oferta,3318
2015/3 Trimestre,Vila Franca de Xira,Fogos em Oferta,1645
2015/3 Trimestre,Amadora,Fogos em Oferta,891
2015/3 Trimestre,Odivelas,Fogos em Oferta,707
2015/3 Trimestre,Alcochete,Fogos em Oferta,198
2015/3 Trimestre,Almada,Fogos em Oferta,1722
2015/3 Trimestre,Barreiro,Fogos em Oferta,405
2015/3 Trimestre,Moita,Fogos em Oferta,431
2015/3 Trimestre,Montijo,Fogos em Oferta,331
2015/3 Trimestre,Palmela,Fogos em Oferta,745
2015/3 Trimestre,Seixal,Fogos em Oferta,2090
2015/3 Trimestre,Sesimbra,Fogos em Oferta,752
2015/3 Trimestre,Setúbal,Fogos em Oferta,1215
2015/3 Trimestre,Espinho,Fogos em Oferta,62
2015/3 Trimestre,Gondomar,Fogos em Oferta,1240
2015/3 Trimestre,Maia,Fogos em Oferta,1968
2015/3 Trimestre,Matosinhos,Fogos em Oferta,1226
2015/3 Trimestre,Porto,Fogos em Oferta,3234
2015/3 Trimestre,Póvoa de Varzim,Fogos em Oferta,1396
2015/3 Trimestre,Valongo,Fogos em Oferta,1002
2015/3 Trimestre,Vila do Conde,Fogos em Oferta,1181
2015/3 Trimestre,Vila Nova de Gaia,Fogos em Oferta,1985
2015/3 Trimestre,Cascais,Valor de Oferta / m2,2046
2015/3 Trimestre,Lisboa,Valor de Oferta / m2,2936
2015/3 Trimestre,Loures,Valor de Oferta / m2,1445
2015/3 Trimestre,Mafra,Valor de Oferta / m2,1168
2015/3 Trimestre,Oeiras,Valor de Oferta / m2,1702
2015/3 Trimestre,Sintra,Valor de Oferta / m2,1164
2015/3 Trimestre,Vila Franca de Xira,Valor de Oferta / m2,1030
2015/3 Trimestre,Amadora,Valor de Oferta / m2,1227
2015/3 Trimestre,Odivelas,Valor de Oferta / m2,1267
2015/3 Trimestre,Alcochete,Valor de Oferta / m2,1381
2015/3 Trimestre,Almada,Valor de Oferta / m2,1255
2015/3 Trimestre,Barreiro,Valor de Oferta / m2,818
2015/3 Trimestre,Moita,Valor de Oferta / m2,780
2015/3 Trimestre,Montijo,Valor de Oferta / m2,910
2015/3 Trimestre,Palmela,Valor de Oferta / m2,1121
2015/3 Trimestre,Seixal,Valor de Oferta / m2,1084
2015/3 Trimestre,Sesimbra,Valor de Oferta / m2,1407
2015/3 Trimestre,Setúbal,Valor de Oferta / m2,968
2015/3 Trimestre,Espinho,Valor de Oferta / m2,1084
2015/3 Trimestre,Gondomar,Valor de Oferta / m2,841
2015/3 Trimestre,Maia,Valor de Oferta / m2,1005
2015/3 Trimestre,Matosinhos,Valor de Oferta / m2,1297
2015/3 Trimestre,Porto,Valor de Oferta / m2,1708
2015/3 Trimestre,Póvoa de Varzim,Valor de Oferta / m2,1591
2015/3 Trimestre,Valongo,Valor de Oferta / m2,817
2015/3 Trimestre,Vila do Conde,Valor de Oferta / m2,1445
2015/3 Trimestre,Vila Nova de Gaia,Valor de Oferta / m2,1035
2015/4 Trimestre,Cascais,Fogos em Oferta,2395
2015/4 Trimestre,Lisboa,Fogos em Oferta,6699
2015/4 Trimestre,Loures,Fogos em Oferta,1408
2015/4 Trimestre,Mafra,Fogos em Oferta,604
2015/4 Trimestre,Oeiras,Fogos em Oferta,1591
2015/4 Trimestre,Sintra,Fogos em Oferta,3258
2015/4 Trimestre,Vila Franca de Xira,Fogos em Oferta,1524
2015/4 Trimestre,Amadora,Fogos em Oferta,866
2015/4 Trimestre,Odivelas,Fogos em Oferta,734
2015/4 Trimestre,Alcochete,Fogos em Oferta,173
2015/4 Trimestre,Almada,Fogos em Oferta,1681
2015/4 Trimestre,Barreiro,Fogos em Oferta,444
2015/4 Trimestre,Moita,Fogos em Oferta,422
2015/4 Trimestre,Montijo,Fogos em Oferta,371
2015/4 Trimestre,Palmela,Fogos em Oferta,933
2015/4 Trimestre,Seixal,Fogos em Oferta,2010
2015/4 Trimestre,Sesimbra,Fogos em Oferta,794
2015/4 Trimestre,Setúbal,Fogos em Oferta,1368
2015/4 Trimestre,Espinho,Fogos em Oferta,46
2015/4 Trimestre,Gondomar,Fogos em Oferta,1212
2015/4 Trimestre,Maia,Fogos em Oferta,1962
2015/4 Trimestre,Matosinhos,Fogos em Oferta,1213
2015/4 Trimestre,Porto,Fogos em Oferta,3080
2015/4 Trimestre,Póvoa de Varzim,Fogos em Oferta,1460
2015/4 Trimestre,Valongo,Fogos em Oferta,787
2015/4 Trimestre,Vila do Conde,Fogos em Oferta,1483
2015/4 Trimestre,Vila Nova de Gaia,Fogos em Oferta,1923
2015/4 Trimestre,Cascais,Valor de Oferta / m2,2165
2015/4 Trimestre,Lisboa,Valor de Oferta / m2,3134
2015/4 Trimestre,Loures,Valor de Oferta / m2,1507
2015/4 Trimestre,Mafra,Valor de Oferta / m2,1156
2015/4 Trimestre,Oeiras,Valor de Oferta / m2,1725
2015/4 Trimestre,Sintra,Valor de Oferta / m2,1164
2015/4 Trimestre,Vila Franca de Xira,Valor de Oferta / m2,1027
2015/4 Trimestre,Amadora,Valor de Oferta / m2,1214
2015/4 Trimestre,Odivelas,Valor de Oferta / m2,1290
2015/4 Trimestre,Alcochete,Valor de Oferta / m2,1296
2015/4 Trimestre,Almada,Valor de Oferta / m2,1259
2015/4 Trimestre,Barreiro,Valor de Oferta / m2,805
2015/4 Trimestre,Moita,Valor de Oferta / m2,780
2015/4 Trimestre,Montijo,Valor de Oferta / m2,955
2015/4 Trimestre,Palmela,Valor de Oferta / m2,1608
2015/4 Trimestre,Seixal,Valor de Oferta / m2,1093
2015/4 Trimestre,Sesimbra,Valor de Oferta / m2,1418
2015/4 Trimestre,Setúbal,Valor de Oferta / m2,980
2015/4 Trimestre,Espinho,Valor de Oferta / m2,1124
2015/4 Trimestre,Gondomar,Valor de Oferta / m2,831
2015/4 Trimestre,Maia,Valor de Oferta / m2,1000
2015/4 Trimestre,Matosinhos,Valor de Oferta / m2,1284
2015/4 Trimestre,Porto,Valor de Oferta / m2,1725
2015/4 Trimestre,Póvoa de Varzim,Valor de Oferta / m2,1582
2015/4 Trimestre,Valongo,Valor de Oferta / m2,825
2015/4 Trimestre,Vila do Conde,Valor de Oferta / m2,1451
2015/4 Trimestre,Vila Nova de Gaia,Valor de Oferta / m2,1026
2016/1 Trimestre,Lisboa,Fogos em Oferta,6731
2016/1 Trimestre,Cascais,Fogos em Oferta,2428
2016/1 Trimestre,Loures,Fogos em Oferta,1374
2016/1 Trimestre,Mafra,Fogos em Oferta,649
2016/1 Trimestre,Oeiras,Fogos em Oferta,1545
2016/1 Trimestre,Sintra,Fogos em Oferta,3330
2016/1 Trimestre,Vila Franca de Xira,Fogos em Oferta,1536
2016/1 Trimestre,Amadora,Fogos em Oferta,768
2016/1 Trimestre,Odivelas,Fogos em Oferta,662
2016/1 Trimestre,Alcochete,Fogos em Oferta,152
2016/1 Trimestre,Almada,Fogos em Oferta,1770
2016/1 Trimestre,Barreiro,Fogos em Oferta,504
2016/1 Trimestre,Moita,Fogos em Oferta,477
2016/1 Trimestre,Montijo,Fogos em Oferta,408
2016/1 Trimestre,Palmela,Fogos em Oferta,951
2016/1 Trimestre,Seixal,Fogos em Oferta,2011
2016/1 Trimestre,Sesimbra,Fogos em Oferta,796
2016/1 Trimestre,Setúbal,Fogos em Oferta,1471
2016/1 Trimestre,Espinho,Fogos em Oferta,54
2016/1 Trimestre,Gondomar,Fogos em Oferta,1201
2016/1 Trimestre,Maia,Fogos em Oferta,1944
2016/1 Trimestre,Matosinhos,Fogos em Oferta,1130
2016/1 Trimestre,Porto,Fogos em Oferta,2693
2016/1 Trimestre,Póvoa de Varzim,Fogos em Oferta,1656
2016/1 Trimestre,Valongo,Fogos em Oferta,831
2016/1 Trimestre,Vila do Conde,Fogos em Oferta,1600
2016/1 Trimestre,Vila Nova de Gaia,Fogos em Oferta,1918
2016/1 Trimestre,Cascais,Valor de Oferta / m2,2201
2016/1 Trimestre,Lisboa,Valor de Oferta / m2,3258
2016/1 Trimestre,Loures,Valor de Oferta / m2,1532
2016/1 Trimestre,Mafra,Valor de Oferta / m2,1145
2016/1 Trimestre,Oeiras,Valor de Oferta / m2,1779
2016/1 Trimestre,Sintra,Valor de Oferta / m2,1172
2016/1 Trimestre,Vila Franca de Xira,Valor de Oferta / m2,1032
2016/1 Trimestre,Amadora,Valor de Oferta / m2,1243
2016/1 Trimestre,Odivelas,Valor de Oferta / m2,1302
2016/1 Trimestre,Alcochete,Valor de Oferta / m2,1306
2016/1 Trimestre,Almada,Valor de Oferta / m2,1280
2016/1 Trimestre,Barreiro,Valor de Oferta / m2,813
2016/1 Trimestre,Moita,Valor de Oferta / m2,776
2016/1 Trimestre,Montijo,Valor de Oferta / m2,943
2016/1 Trimestre,Palmela,Valor de Oferta / m2,1564
2016/1 Trimestre,Seixal,Valor de Oferta / m2,1095
2016/1 Trimestre,Sesimbra,Valor de Oferta / m2,1449
2016/1 Trimestre,Setúbal,Valor de Oferta / m2,978
2016/1 Trimestre,Espinho,Valor de Oferta / m2,1101
2016/1 Trimestre,Gondomar,Valor de Oferta / m2,837
2016/1 Trimestre,Maia,Valor de Oferta / m2,993
2016/1 Trimestre,Matosinhos,Valor de Oferta / m2,1271
2016/1 Trimestre,Porto,Valor de Oferta / m2,1729
2016/1 Trimestre,Póvoa de Varzim,Valor de Oferta / m2,1564
2016/1 Trimestre,Valongo,Valor de Oferta / m2,827
2016/1 Trimestre,Vila do Conde,Valor de Oferta / m2,1450
2016/1 Trimestre,Vila Nova de Gaia,Valor de Oferta / m2,1008
2016/2 Trimestre,Cascais,Fogos em Oferta,2577
2016/2 Trimestre,Lisboa,Fogos em Oferta,7196
2016/2 Trimestre,Loures,Fogos em Oferta,1431
2016/2 Trimestre,Mafra,Fogos em Oferta,757
2016/2 Trimestre,Oeiras,Fogos em Oferta,1651
2016/2 Trimestre,Sintra,Fogos em Oferta,3467
2016/2 Trimestre,Vila Franca de Xira,Fogos em Oferta,1503
2016/2 Trimestre,Amadora,Fogos em Oferta,740
2016/2 Trimestre,Odivelas,Fogos em Oferta,708
2016/2 Trimestre,Alcochete,Fogos em Oferta,159
2016/2 Trimestre,Almada,Fogos em Oferta,1784
2016/2 Trimestre,Barreiro,Fogos em Oferta,441
2016/2 Trimestre,Moita,Fogos em Oferta,365
2016/2 Trimestre,Montijo,Fogos em Oferta,403
2016/2 Trimestre,Palmela,Fogos em Oferta,986
2016/2 Trimestre,Seixal,Fogos em Oferta,1973
2016/2 Trimestre,Sesimbra,Fogos em Oferta,802
2016/2 Trimestre,Setúbal,Fogos em Oferta,1355
2016/2 Trimestre,Espinho,Fogos em Oferta,67
2016/2 Trimestre,Gondomar,Fogos em Oferta,1257
2016/2 Trimestre,Maia,Fogos em Oferta,2031
2016/2 Trimestre,Matosinhos,Fogos em Oferta,1118
2016/2 Trimestre,Porto,Fogos em Oferta,2787
2016/2 Trimestre,Póvoa de Varzim,Fogos em Oferta,1507
2016/2 Trimestre,Valongo,Fogos em Oferta,842
2016/2 Trimestre,Vila do Conde,Fogos em Oferta,875
2016/2 Trimestre,Vila Nova de Gaia,Fogos em Oferta,2077
2016/2 Trimestre,Cascais,Valor de Oferta / m2,2280
2016/2 Trimestre,Lisboa,Valor de Oferta / m2,3374
2016/2 Trimestre,Loures,Valor de Oferta / m2,1565
2016/2 Trimestre,Mafra,Valor de Oferta / m2,1154
2016/2 Trimestre,Oeiras,Valor de Oferta / m2,1797
2016/2 Trimestre,Sintra,Valor de Oferta / m2,1199
2016/2 Trimestre,Vila Franca de Xira,Valor de Oferta / m2,1043
2016/2 Trimestre,Amadora,Valor de Oferta / m2,1285
2016/2 Trimestre,Odivelas,Valor de Oferta / m2,1378
2016/2 Trimestre,Alcochete,Valor de Oferta / m2,1324
2016/2 Trimestre,Almada,Valor de Oferta / m2,1307
2016/2 Trimestre,Barreiro,Valor de Oferta / m2,850
2016/2 Trimestre,Moita,Valor de Oferta / m2,777
2016/2 Trimestre,Montijo,Valor de Oferta / m2,972
2016/2 Trimestre,Palmela,Valor de Oferta / m2,1613
2016/2 Trimestre,Seixal,Valor de Oferta / m2,1090
2016/2 Trimestre,Sesimbra,Valor de Oferta / m2,1480
2016/2 Trimestre,Setúbal,Valor de Oferta / m2,1006
2016/2 Trimestre,Espinho,Valor de Oferta / m2,1138
2016/2 Trimestre,Gondomar,Valor de Oferta / m2,857
2016/2 Trimestre,Maia,Valor de Oferta / m2,1000
2016/2 Trimestre,Matosinhos,Valor de Oferta / m2,1244
2016/2 Trimestre,Porto,Valor de Oferta / m2,1811
2016/2 Trimestre,Póvoa de Varzim,Valor de Oferta / m2,1252
2016/2 Trimestre,Valongo,Valor de Oferta / m2,839
2016/2 Trimestre,Vila do Conde,Valor de Oferta / m2,1283
2016/2 Trimestre,Vila Nova de Gaia,Valor de Oferta / m2,1017
2016/3 Trimestre,Cascais,Fogos em Oferta,2650
2016/3 Trimestre,Lisboa,Fogos em Oferta,7239
2016/3 Trimestre,Loures,Fogos em Oferta,1256
2016/3 Trimestre,Mafra,Fogos em Oferta,790
2016/3 Trimestre,Oeiras,Fogos em Oferta,1650
2016/3 Trimestre,Sintra,Fogos em Oferta,3899
2016/3 Trimestre,Vila Franca de Xira,Fogos em Oferta,1346
2016/3 Trimestre,Amadora,Fogos em Oferta,815
2016/3 Trimestre,Odivelas,Fogos em Oferta,681
2016/3 Trimestre,Alcochete,Fogos em Oferta,149
2016/3 Trimestre,Almada,Fogos em Oferta,1782
2016/3 Trimestre,Barreiro,Fogos em Oferta,491
2016/3 Trimestre,Moita,Fogos em Oferta,419
2016/3 Trimestre,Montijo,Fogos em Oferta,439
2016/3 Trimestre,Palmela,Fogos em Oferta,984
2016/3 Trimestre,Seixal,Fogos em Oferta,2053
2016/3 Trimestre,Sesimbra,Fogos em Oferta,785
2016/3 Trimestre,Setúbal,Fogos em Oferta,1336
2016/3 Trimestre,Espinho,Fogos em Oferta,65
2016/3 Trimestre,Gondomar,Fogos em Oferta,1285
2016/3 Trimestre,Maia,Fogos em Oferta,1991
2016/3 Trimestre,Matosinhos,Fogos em Oferta,1123
2016/3 Trimestre,Porto,Fogos em Oferta,2707
2016/3 Trimestre,Póvoa de Varzim,Fogos em Oferta,1470
2016/3 Trimestre,Valongo,Fogos em Oferta,837
2016/3 Trimestre,Vila do Conde,Fogos em Oferta,894
2016/3 Trimestre,Vila Nova de Gaia,Fogos em Oferta,2039
2016/3 Trimestre,Cascais,Valor de Oferta / m2,2275
2016/3 Trimestre,Lisboa,Valor de Oferta / m2,3391
2016/3 Trimestre,Loures,Valor de Oferta / m2,1559
2016/3 Trimestre,Mafra,Valor de Oferta / m2,1211
2016/3 Trimestre,Oeiras,Valor de Oferta / m2,1846
2016/3 Trimestre,Sintra,Valor de Oferta / m2,1175
2016/3 Trimestre,Vila Franca de Xira,Valor de Oferta / m2,1029
2016/3 Trimestre,Amadora,Valor de Oferta / m2,1279
2016/3 Trimestre,Odivelas,Valor de Oferta / m2,1349
2016/3 Trimestre,Alcochete,Valor de Oferta / m2,1274
2016/3 Trimestre,Almada,Valor de Oferta / m2,1323
2016/3 Trimestre,Barreiro,Valor de Oferta / m2,851
2016/3 Trimestre,Moita,Valor de Oferta / m2,782
2016/3 Trimestre,Montijo,Valor de Oferta / m2,997
2016/3 Trimestre,Palmela,Valor de Oferta / m2,1594
2016/3 Trimestre,Seixal,Valor de Oferta / m2,1099
2016/3 Trimestre,Sesimbra,Valor de Oferta / m2,1465
2016/3 Trimestre,Setúbal,Valor de Oferta / m2,1021
2016/3 Trimestre,Espinho,Valor de Oferta / m2,1170
2016/3 Trimestre,Gondomar,Valor de Oferta / m2,861
2016/3 Trimestre,Maia,Valor de Oferta / m2,1011
2016/3 Trimestre,Matosinhos,Valor de Oferta / m2,1272
2016/3 Trimestre,Porto,Valor de Oferta / m2,1844
2016/3 Trimestre,Póvoa de Varzim,Valor de Oferta / m2,1230
2016/3 Trimestre,Valongo,Valor de Oferta / m2,845
2016/3 Trimestre,Vila do Conde,Valor de Oferta / m2,1207
2016/3 Trimestre,Vila Nova de Gaia,Valor de Oferta / m2,1048
2016/4 Trimestre,Cascais,Fogos em Oferta,2676
2016/4 Trimestre,Lisboa,Fogos em Oferta,7250
2016/4 Trimestre,Loures,Fogos em Oferta,1044
2016/4 Trimestre,Mafra,Fogos em Oferta,828
2016/4 Trimestre,Oeiras,Fogos em Oferta,1604
2016/4 Trimestre,Sintra,Fogos em Oferta,3835
2016/4 Trimestre,Vila Franca de Xira,Fogos em Oferta,1233
2016/4 Trimestre,Amadora,Fogos em Oferta,874
2016/4 Trimestre,Odivelas,Fogos em Oferta,680
2016/4 Trimestre,Alcochete,Fogos em Oferta,153
2016/4 Trimestre,Almada,Fogos em Oferta,1631
2016/4 Trimestre,Barreiro,Fogos em Oferta,433
2016/4 Trimestre,Moita,Fogos em Oferta,391
2016/4 Trimestre,Montijo,Fogos em Oferta,408
2016/4 Trimestre,Palmela,Fogos em Oferta,977
2016/4 Trimestre,Seixal,Fogos em Oferta,1874
2016/4 Trimestre,Sesimbra,Fogos em Oferta,758
2016/4 Trimestre,Setúbal,Fogos em Oferta,1195
2016/4 Trimestre,Espinho,Fogos em Oferta,58
2016/4 Trimestre,Gondomar,Fogos em Oferta,789
2016/4 Trimestre,Maia,Fogos em Oferta,1396
2016/4 Trimestre,Matosinhos,Fogos em Oferta,864
2016/4 Trimestre,Porto,Fogos em Oferta,2201
2016/4 Trimestre,Póvoa de Varzim,Fogos em Oferta,1334
2016/4 Trimestre,Valongo,Fogos em Oferta,630
2016/4 Trimestre,Vila do Conde,Fogos em Oferta,824
2016/4 Trimestre,Vila Nova de Gaia,Fogos em Oferta,1650
2016/4 Trimestre,Cascais,Valor de Oferta / m2,2409
2016/4 Trimestre,Lisboa,Valor de Oferta / m2,3674
2016/4 Trimestre,Loures,Valor de Oferta / m2,1567
2016/4 Trimestre,Mafra,Valor de Oferta / m2,1221
2016/4 Trimestre,Oeiras,Valor de Oferta / m2,1989
2016/4 Trimestre,Sintra,Valor de Oferta / m2,1183
2016/4 Trimestre,Vila Franca de Xira,Valor de Oferta / m2,1045
2016/4 Trimestre,Amadora,Valor de Oferta / m2,1370
2016/4 Trimestre,Odivelas,Valor de Oferta / m2,1378
2016/4 Trimestre,Alcochete,Valor de Oferta / m2,1290
2016/4 Trimestre,Almada,Valor de Oferta / m2,1334
2016/4 Trimestre,Barreiro,Valor de Oferta / m2,860
2016/4 Trimestre,Moita,Valor de Oferta / m2,782
2016/4 Trimestre,Montijo,Valor de Oferta / m2,1000
2016/4 Trimestre,Palmela,Valor de Oferta / m2,1599
2016/4 Trimestre,Seixal,Valor de Oferta / m2,1095
2016/4 Trimestre,Sesimbra,Valor de Oferta / m2,1500
2016/4 Trimestre,Setúbal,Valor de Oferta / m2,1010
2016/4 Trimestre,Espinho,Valor de Oferta / m2,1079
2016/4 Trimestre,Gondomar,Valor de Oferta / m2,904
2016/4 Trimestre,Maia,Valor de Oferta / m2,1022
2016/4 Trimestre,Matosinhos,Valor de Oferta / m2,1318
2016/4 Trimestre,Porto,Valor de Oferta / m2,1931
2016/4 Trimestre,Póvoa de Varzim,Valor de Oferta / m2,1206
2016/4 Trimestre,Valongo,Valor de Oferta / m2,857
2016/4 Trimestre,Vila do Conde,Valor de Oferta / m2,1205
2016/4 Trimestre,Vila Nova de Gaia,Valor de Oferta / m2,1073
2017/1 Trimestre,Lisboa,Fogos em Oferta,6968
2017/1 Trimestre,Cascais,Fogos em Oferta,2389
2017/1 Trimestre,Loures,Fogos em Oferta,1042
2017/1 Trimestre,Mafra,Fogos em Oferta,727
2017/1 Trimestre,Oeiras,Fogos em Oferta,1500
2017/1 Trimestre,Sintra,Fogos em Oferta,3354
2017/1 Trimestre,Vila Franca de Xira,Fogos em Oferta,1228
2017/1 Trimestre,Amadora,Fogos em Oferta,760
2017/1 Trimestre,Odivelas,Fogos em Oferta,706
2017/1 Trimestre,Alcochete,Fogos em Oferta,187
2017/1 Trimestre,Almada,Fogos em Oferta,1544
2017/1 Trimestre,Barreiro,Fogos em Oferta,474
2017/1 Trimestre,Moita,Fogos em Oferta,410
2017/1 Trimestre,Montijo,Fogos em Oferta,412
2017/1 Trimestre,Palmela,Fogos em Oferta,846
2017/1 Trimestre,Seixal,Fogos em Oferta,1550
2017/1 Trimestre,Sesimbra,Fogos em Oferta,622
2017/1 Trimestre,Setúbal,Fogos em Oferta,1151
2017/1 Trimestre,Espinho,Fogos em Oferta,61
2017/1 Trimestre,Gondomar,Fogos em Oferta,805
2017/1 Trimestre,Maia,Fogos em Oferta,1300
2017/1 Trimestre,Matosinhos,Fogos em Oferta,858
2017/1 Trimestre,Porto,Fogos em Oferta,1928
2017/1 Trimestre,Póvoa de Varzim,Fogos em Oferta,158
2017/1 Trimestre,Valongo,Fogos em Oferta,629
2017/1 Trimestre,Vila do Conde,Fogos em Oferta,233
2017/1 Trimestre,Vila Nova de Gaia,Fogos em Oferta,1633
2017/1 Trimestre,Cascais,Valor de Oferta / m2,2535
2017/1 Trimestre,Lisboa,Valor de Oferta / m2,3718
2017/1 Trimestre,Loures,Valor de Oferta / m2,1572
2017/1 Trimestre,Mafra,Valor de Oferta / m2,1264
2017/1 Trimestre,Oeiras,Valor de Oferta / m2,2161
2017/1 Trimestre,Sintra,Valor de Oferta / m2,1192
2017/1 Trimestre,Vila Franca de Xira,Valor de Oferta / m2,1053
2017/1 Trimestre,Amadora,Valor de Oferta / m2,1340
2017/1 Trimestre,Odivelas,Valor de Oferta / m2,1406
2017/1 Trimestre,Alcochete,Valor de Oferta / m2,1259
2017/1 Trimestre,Almada,Valor de Oferta / m2,1378
2017/1 Trimestre,Barreiro,Valor de Oferta / m2,858
2017/1 Trimestre,Moita,Valor de Oferta / m2,769
2017/1 Trimestre,Montijo,Valor de Oferta / m2,980
2017/1 Trimestre,Palmela,Valor de Oferta / m2,1631
2017/1 Trimestre,Seixal,Valor de Oferta / m2,1085
2017/1 Trimestre,Sesimbra,Valor de Oferta / m2,1460
2017/1 Trimestre,Setúbal,Valor de Oferta / m2,1024
2017/1 Trimestre,Espinho,Valor de Oferta / m2,1073
2017/1 Trimestre,Gondomar,Valor de Oferta / m2,918
2017/1 Trimestre,Maia,Valor de Oferta / m2,1028
2017/1 Trimestre,Matosinhos,Valor de Oferta / m2,1325
2017/1 Trimestre,Porto,Valor de Oferta / m2,1967
2017/1 Trimestre,Póvoa de Varzim,Valor de Oferta / m2,1223
2017/1 Trimestre,Valongo,Valor de Oferta / m2,844
2017/1 Trimestre,Vila do Conde,Valor de Oferta / m2,1242
2017/1 Trimestre,Vila Nova de Gaia,Valor de Oferta / m2,1090
2017/2 Trimestre,Cascais,Fogos em Oferta,2688
2017/2 Trimestre,Lisboa,Fogos em Oferta,7547
2017/2 Trimestre,Loures,Fogos em Oferta,979
2017/2 Trimestre,Mafra,Fogos em Oferta,686
2017/2 Trimestre,Oeiras,Fogos em Oferta,1535
2017/2 Trimestre,Sintra,Fogos em Oferta,3575
2017/2 Trimestre,Vila Franca de Xira,Fogos em Oferta,1294
2017/2 Trimestre,Amadora,Fogos em Oferta,877
2017/2 Trimestre,Odivelas,Fogos em Oferta,710
2017/2 Trimestre,Alcochete,Fogos em Oferta,192
2017/2 Trimestre,Almada,Fogos em Oferta,1714
2017/2 Trimestre,Barreiro,Fogos em Oferta,473
2017/2 Trimestre,Moita,Fogos em Oferta,387
2017/2 Trimestre,Montijo,Fogos em Oferta,403
2017/2 Trimestre,Palmela,Fogos em Oferta,889
2017/2 Trimestre,Seixal,Fogos em Oferta,1682
2017/2 Trimestre,Sesimbra,Fogos em Oferta,660
2017/2 Trimestre,Setúbal,Fogos em Oferta,1236
2017/2 Trimestre,Espinho,Fogos em Oferta,70
2017/2 Trimestre,Gondomar,Fogos em Oferta,869
2017/2 Trimestre,Maia,Fogos em Oferta,1288
2017/2 Trimestre,Matosinhos,Fogos em Oferta,884
2017/2 Trimestre,Porto,Fogos em Oferta,2116
2017/2 Trimestre,Póvoa de Varzim,Fogos em Oferta,178
2017/2 Trimestre,Valongo,Fogos em Oferta,632
2017/2 Trimestre,Vila do Conde,Fogos em Oferta,252
2017/2 Trimestre,Vila Nova de Gaia,Fogos em Oferta,1752
2017/2 Trimestre,Cascais,Valor de Oferta / m2,2699
2017/2 Trimestre,Lisboa,Valor de Oferta / m2,3930
2017/2 Trimestre,Loures,Valor de Oferta / m2,1523
2017/2 Trimestre,Mafra,Valor de Oferta / m2,1247
2017/2 Trimestre,Oeiras,Valor de Oferta / m2,2268
2017/2 Trimestre,Sintra,Valor de Oferta / m2,1234
2017/2 Trimestre,Vila Franca de Xira,Valor de Oferta / m2,1081
2017/2 Trimestre,Amadora,Valor de Oferta / m2,1422
2017/2 Trimestre,Odivelas,Valor de Oferta / m2,1434
2017/2 Trimestre,Alcochete,Valor de Oferta / m2,1457
2017/2 Trimestre,Almada,Valor de Oferta / m2,1427
2017/2 Trimestre,Barreiro,Valor de Oferta / m2,909
2017/2 Trimestre,Moita,Valor de Oferta / m2,797
2017/2 Trimestre,Montijo,Valor de Oferta / m2,1028
2017/2 Trimestre,Palmela,Valor de Oferta / m2,1610
2017/2 Trimestre,Seixal,Valor de Oferta / m2,1131
2017/2 Trimestre,Sesimbra,Valor de Oferta / m2,1505
2017/2 Trimestre,Setúbal,Valor de Oferta / m2,1189
2017/2 Trimestre,Espinho,Valor de Oferta / m2,1240
2017/2 Trimestre,Gondomar,Valor de Oferta / m2,940
2017/2 Trimestre,Maia,Valor de Oferta / m2,1037
2017/2 Trimestre,Matosinhos,Valor de Oferta / m2,1317
2017/2 Trimestre,Porto,Valor de Oferta / m2,2094
2017/2 Trimestre,Póvoa de Varzim,Valor de Oferta / m2,1245
2017/2 Trimestre,Valongo,Valor de Oferta / m2,870
2017/2 Trimestre,Vila do Conde,Valor de Oferta / m2,1220
2017/2 Trimestre,Vila Nova de Gaia,Valor de Oferta / m2,1094
2017/3 Trimestre,Cascais,Fogos em Oferta,2985
2017/3 Trimestre,Lisboa,Fogos em Oferta,8617
2017/3 Trimestre,Loures,Fogos em Oferta,1058
2017/3 Trimestre,Mafra,Fogos em Oferta,772
2017/3 Trimestre,Oeiras,Fogos em Oferta,1539
2017/3 Trimestre,Sintra,Fogos em Oferta,3769
2017/3 Trimestre,Vila Franca de Xira,Fogos em Oferta,1329
2017/3 Trimestre,Amadora,Fogos em Oferta,817
2017/3 Trimestre,Odivelas,Fogos em Oferta,759
2017/3 Trimestre,Alcochete,Fogos em Oferta,188
2017/3 Trimestre,Almada,Fogos em Oferta,1710
2017/3 Trimestre,Barreiro,Fogos em Oferta,499
2017/3 Trimestre,Moita,Fogos em Oferta,429
2017/3 Trimestre,Montijo,Fogos em Oferta,394
2017/3 Trimestre,Palmela,Fogos em Oferta,873
2017/3 Trimestre,Seixal,Fogos em Oferta,1725
2017/3 Trimestre,Sesimbra,Fogos em Oferta,674
2017/3 Trimestre,Setúbal,Fogos em Oferta,1239
2017/3 Trimestre,Espinho,Fogos em Oferta,56
2017/3 Trimestre,Gondomar,Fogos em Oferta,796
2017/3 Trimestre,Maia,Fogos em Oferta,1224
2017/3 Trimestre,Matosinhos,Fogos em Oferta,865
2017/3 Trimestre,Porto,Fogos em Oferta,1984
2017/3 Trimestre,Póvoa de Varzim,Fogos em Oferta,219
2017/3 Trimestre,Valongo,Fogos em Oferta,506
2017/3 Trimestre,Vila do Conde,Fogos em Oferta,274
2017/3 Trimestre,Vila Nova de Gaia,Fogos em Oferta,1643
2017/3 Trimestre,Cascais,Valor de Oferta / m2,2849
2017/3 Trimestre,Lisboa,Valor de Oferta / m2,4261
2017/3 Trimestre,Loures,Valor de Oferta / m2,1578
2017/3 Trimestre,Mafra,Valor de Oferta / m2,1316
2017/3 Trimestre,Oeiras,Valor de Oferta / m2,2387
2017/3 Trimestre,Sintra,Valor de Oferta / m2,1267
2017/3 Trimestre,Vila Franca de Xira,Valor de Oferta / m2,1122
2017/3 Trimestre,Amadora,Valor de Oferta / m2,1455
2017/3 Trimestre,Odivelas,Valor de Oferta / m2,1496
2017/3 Trimestre,Alcochete,Valor de Oferta / m2,1496
2017/3 Trimestre,Almada,Valor de Oferta / m2,1470
2017/3 Trimestre,Barreiro,Valor de Oferta / m2,913
2017/3 Trimestre,Moita,Valor de Oferta / m2,824
2017/3 Trimestre,Montijo,Valor de Oferta / m2,1073
2017/3 Trimestre,Palmela,Valor de Oferta / m2,1615
2017/3 Trimestre,Seixal,Valor de Oferta / m2,1169
2017/3 Trimestre,Sesimbra,Valor de Oferta / m2,1465
2017/3 Trimestre,Setúbal,Valor de Oferta / m2,1215
2017/3 Trimestre,Espinho,Valor de Oferta / m2,1335
2017/3 Trimestre,Gondomar,Valor de Oferta / m2,969
2017/3 Trimestre,Maia,Valor de Oferta / m2,1048
2017/3 Trimestre,Matosinhos,Valor de Oferta / m2,1371
2017/3 Trimestre,Porto,Valor de Oferta / m2,2217
2017/3 Trimestre,Póvoa de Varzim,Valor de Oferta / m2,1225
2017/3 Trimestre,Valongo,Valor de Oferta / m2,889
2017/3 Trimestre,Vila do Conde,Valor de Oferta / m2,1186
2017/3 Trimestre,Vila Nova de Gaia,Valor de Oferta / m2,1120
2017/4 Trimestre,Cascais,Fogos em Oferta,2701
2017/4 Trimestre,Lisboa,Fogos em Oferta,8038
2017/4 Trimestre,Loures,Fogos em Oferta,995
2017/4 Trimestre,Mafra,Fogos em Oferta,692
2017/4 Trimestre,Oeiras,Fogos em Oferta,1516
2017/4 Trimestre,Sintra,Fogos em Oferta,3404
2017/4 Trimestre,Vila Franca de Xira,Fogos em Oferta,1499
2017/4 Trimestre,Amadora,Fogos em Oferta,653
2017/4 Trimestre,Odivelas,Fogos em Oferta,668
2017/4 Trimestre,Alcochete,Fogos em Oferta,184
2017/4 Trimestre,Almada,Fogos em Oferta,1522
2017/4 Trimestre,Barreiro,Fogos em Oferta,466
2017/4 Trimestre,Moita,Fogos em Oferta,416
2017/4 Trimestre,Montijo,Fogos em Oferta,404
2017/4 Trimestre,Palmela,Fogos em Oferta,811
2017/4 Trimestre,Seixal,Fogos em Oferta,1842
2017/4 Trimestre,Sesimbra,Fogos em Oferta,549
2017/4 Trimestre,Setúbal,Fogos em Oferta,1161
2017/4 Trimestre,Espinho,Fogos em Oferta,41
2017/4 Trimestre,Gondomar,Fogos em Oferta,613
2017/4 Trimestre,Maia,Fogos em Oferta,1018
2017/4 Trimestre,Matosinhos,Fogos em Oferta,643
2017/4 Trimestre,Porto,Fogos em Oferta,1739
2017/4 Trimestre,Póvoa de Varzim,Fogos em Oferta,192
2017/4 Trimestre,Valongo,Fogos em Oferta,434
2017/4 Trimestre,Vila do Conde,Fogos em Oferta,244
2017/4 Trimestre,Vila Nova de Gaia,Fogos em Oferta,1361
2017/4 Trimestre,Cascais,Valor de Oferta / m2,2922
2017/4 Trimestre,Lisboa,Valor de Oferta / m2,4514
2017/4 Trimestre,Loures,Valor de Oferta / m2,1557
2017/4 Trimestre,Mafra,Valor de Oferta / m2,1319
2017/4 Trimestre,Oeiras,Valor de Oferta / m2,2357
2017/4 Trimestre,Sintra,Valor de Oferta / m2,1275
2017/4 Trimestre,Vila Franca de Xira,Valor de Oferta / m2,1080
2017/4 Trimestre,Amadora,Valor de Oferta / m2,1476
2017/4 Trimestre,Odivelas,Valor de Oferta / m2,1565
2017/4 Trimestre,Alcochete,Valor de Oferta / m2,1543
2017/4 Trimestre,Almada,Valor de Oferta / m2,1523
2017/4 Trimestre,Barreiro,Valor de Oferta / m2,936
2017/4 Trimestre,Moita,Valor de Oferta / m2,838
2017/4 Trimestre,Montijo,Valor de Oferta / m2,1115
2017/4 Trimestre,Palmela,Valor de Oferta / m2,1669
2017/4 Trimestre,Seixal,Valor de Oferta / m2,1246
2017/4 Trimestre,Sesimbra,Valor de Oferta / m2,1476
2017/4 Trimestre,Setúbal,Valor de Oferta / m2,1080
2017/4 Trimestre,Espinho,Valor de Oferta / m2,1677
2017/4 Trimestre,Gondomar,Valor de Oferta / m2,995
2017/4 Trimestre,Maia,Valor de Oferta / m2,1055
2017/4 Trimestre,Matosinhos,Valor de Oferta / m2,1409
2017/4 Trimestre,Porto,Valor de Oferta / m2,2466
2017/4 Trimestre,Póvoa de Varzim,Valor de Oferta / m2,1295
2017/4 Trimestre,Valongo,Valor de Oferta / m2,914
2017/4 Trimestre,Vila do Conde,Valor de Oferta / m2,1226
2017/4 Trimestre,Vila Nova de Gaia,Valor de Oferta / m2,1163
2018/1 Trimestre,Lisboa,Fogos em Oferta,8507
2018/1 Trimestre,Cascais,Fogos em Oferta,2668
2018/1 Trimestre,Loures,Fogos em Oferta,1122
2018/1 Trimestre,Mafra,Fogos em Oferta,607
2018/1 Trimestre,Oeiras,Fogos em Oferta,1650
2018/1 Trimestre,Sintra,Fogos em Oferta,3298
2018/1 Trimestre,Vila Franca de Xira,Fogos em Oferta,1500
2018/1 Trimestre,Amadora,Fogos em Oferta,819
2018/1 Trimestre,Odivelas,Fogos em Oferta,796
2018/1 Trimestre,Alcochete,Fogos em Oferta,163
2018/1 Trimestre,Almada,Fogos em Oferta,1566
2018/1 Trimestre,Barreiro,Fogos em Oferta,400
2018/1 Trimestre,Moita,Fogos em Oferta,299
2018/1 Trimestre,Montijo,Fogos em Oferta,331
2018/1 Trimestre,Palmela,Fogos em Oferta,770
2018/1 Trimestre,Seixal,Fogos em Oferta,1787
2018/1 Trimestre,Sesimbra,Fogos em Oferta,517
2018/1 Trimestre,Setúbal,Fogos em Oferta,1134
2018/1 Trimestre,Espinho,Fogos em Oferta,25
2018/1 Trimestre,Gondomar,Fogos em Oferta,746
2018/1 Trimestre,Maia,Fogos em Oferta,1096
2018/1 Trimestre,Matosinhos,Fogos em Oferta,780
2018/1 Trimestre,Porto,Fogos em Oferta,2675
2018/1 Trimestre,Póvoa de Varzim,Fogos em Oferta,212
2018/1 Trimestre,Valongo,Fogos em Oferta,473
2018/1 Trimestre,Vila do Conde,Fogos em Oferta,271
2018/1 Trimestre,Vila Nova de Gaia,Fogos em Oferta,1629
2018/1 Trimestre,Cascais,Valor de Oferta / m2,3018
2018/1 Trimestre,Lisboa,Valor de Oferta / m2,4516
2018/1 Trimestre,Loures,Valor de Oferta / m2,1697
2018/1 Trimestre,Mafra,Valor de Oferta / m2,1422
2018/1 Trimestre,Oeiras,Valor de Oferta / m2,2410
2018/1 Trimestre,Sintra,Valor de Oferta / m2,1358
2018/1 Trimestre,Vila Franca de Xira,Valor de Oferta / m2,1129
2018/1 Trimestre,Amadora,Valor de Oferta / m2,1571
2018/1 Trimestre,Odivelas,Valor de Oferta / m2,1672
2018/1 Trimestre,Alcochete,Valor de Oferta / m2,1613
2018/1 Trimestre,Almada,Valor de Oferta / m2,1543
2018/1 Trimestre,Barreiro,Valor de Oferta / m2,989
2018/1 Trimestre,Moita,Valor de Oferta / m2,966
2018/1 Trimestre,Montijo,Valor de Oferta / m2,1204
2018/1 Trimestre,Palmela,Valor de Oferta / m2,1772
2018/1 Trimestre,Seixal,Valor de Oferta / m2,1339
2018/1 Trimestre,Sesimbra,Valor de Oferta / m2,1544
2018/1 Trimestre,Setúbal,Valor de Oferta / m2,1135
2018/1 Trimestre,Espinho,Valor de Oferta / m2,1783
2018/1 Trimestre,Gondomar,Valor de Oferta / m2,1006
2018/1 Trimestre,Maia,Valor de Oferta / m2,1078
2018/1 Trimestre,Matosinhos,Valor de Oferta / m2,1472
2018/1 Trimestre,Porto,Valor de Oferta / m2,2678
2018/1 Trimestre,Póvoa de Varzim,Valor de Oferta / m2,1316
2018/1 Trimestre,Valongo,Valor de Oferta / m2,883
2018/1 Trimestre,Vila do Conde,Valor de Oferta / m2,1235
2018/1 Trimestre,Vila Nova de Gaia,Valor de Oferta / m2,1171
2018/2 Trimestre,Cascais,Fogos em Oferta,2733
2018/2 Trimestre,Lisboa,Fogos em Oferta,7749
2018/2 Trimestre,Loures,Fogos em Oferta,1038
2018/2 Trimestre,Mafra,Fogos em Oferta,617
2018/2 Trimestre,Oeiras,Fogos em Oferta,1697
2018/2 Trimestre,Sintra,Fogos em Oferta,3203
2018/2 Trimestre,Vila Franca de Xira,Fogos em Oferta,1434
2018/2 Trimestre,Amadora,Fogos em Oferta,801
2018/2 Trimestre,Odivelas,Fogos em Oferta,797
2018/2 Trimestre,Alcochete,Fogos em Oferta,138
2018/2 Trimestre,Almada,Fogos em Oferta,1471
2018/2 Trimestre,Barreiro,Fogos em Oferta,361
2018/2 Trimestre,Moita,Fogos em Oferta,303
2018/2 Trimestre,Montijo,Fogos em Oferta,318
2018/2 Trimestre,Palmela,Fogos em Oferta,589
2018/2 Trimestre,Seixal,Fogos em Oferta,1586
2018/2 Trimestre,Sesimbra,Fogos em Oferta,463
2018/2 Trimestre,Setúbal,Fogos em Oferta,1011
2018/2 Trimestre,Espinho,Fogos em Oferta,22
2018/2 Trimestre,Gondomar,Fogos em Oferta,697
2018/2 Trimestre,Maia,Fogos em Oferta,1031
2018/2 Trimestre,Matosinhos,Fogos em Oferta,846
2018/2 Trimestre,Porto,Fogos em Oferta,3033
2018/2 Trimestre,Póvoa de Varzim,Fogos em Oferta,189
2018/2 Trimestre,Valongo,Fogos em Oferta,439
2018/2 Trimestre,Vila do Conde,Fogos em Oferta,237
2018/2 Trimestre,Vila Nova de Gaia,Fogos em Oferta,1690
2018/2 Trimestre,Cascais,Valor de Oferta / m2,3213
2018/2 Trimestre,Lisboa,Valor de Oferta / m2,4482
2018/2 Trimestre,Loures,Valor de Oferta / m2,1766
2018/2 Trimestre,Mafra,Valor de Oferta / m2,1494
2018/2 Trimestre,Oeiras,Valor de Oferta / m2,2597
2018/2 Trimestre,Sintra,Valor de Oferta / m2,1419
2018/2 Trimestre,Vila Franca de Xira,Valor de Oferta / m2,1179
2018/2 Trimestre,Amadora,Valor de Oferta / m2,1610
2018/2 Trimestre,Odivelas,Valor de Oferta / m2,1827
2018/2 Trimestre,Alcochete,Valor de Oferta / m2,1778
2018/2 Trimestre,Almada,Valor de Oferta / m2,1631
2018/2 Trimestre,Barreiro,Valor de Oferta / m2,1028
2018/2 Trimestre,Moita,Valor de Oferta / m2,957
2018/2 Trimestre,Montijo,Valor de Oferta / m2,1291
2018/2 Trimestre,Palmela,Valor de Oferta / m2,1316
2018/2 Trimestre,Seixal,Valor de Oferta / m2,1374
2018/2 Trimestre,Sesimbra,Valor de Oferta / m2,1591
2018/2 Trimestre,Setúbal,Valor de Oferta / m2,1200
2018/2 Trimestre,Espinho,Valor de Oferta / m2,1832
2018/2 Trimestre,Gondomar,Valor de Oferta / m2,1057
2018/2 Trimestre,Maia,Valor de Oferta / m2,1106
2018/2 Trimestre,Matosinhos,Valor de Oferta / m2,1623
2018/2 Trimestre,Porto,Valor de Oferta / m2,2806
2018/2 Trimestre,Póvoa de Varzim,Valor de Oferta / m2,1468
2018/2 Trimestre,Valongo,Valor de Oferta / m2,928
2018/2 Trimestre,Vila do Conde,Valor de Oferta / m2,1325
2018/2 Trimestre,Vila Nova de Gaia,Valor de Oferta / m2,1270
2018/3 Trimestre,Cascais,Fogos em Oferta,2833
2018/3 Trimestre,Lisboa,Fogos em Oferta,8589
2018/3 Trimestre,Loures,Fogos em Oferta,1041
2018/3 Trimestre,Mafra,Fogos em Oferta,668
2018/3 Trimestre,Oeiras,Fogos em Oferta,1784
2018/3 Trimestre,Sintra,Fogos em Oferta,3274
2018/3 Trimestre,Vila Franca de Xira,Fogos em Oferta,1284
2018/3 Trimestre,Amadora,Fogos em Oferta,787
2018/3 Trimestre,Odivelas,Fogos em Oferta,838
2018/3 Trimestre,Alcochete,Fogos em Oferta,153
2018/3 Trimestre,Almada,Fogos em Oferta,1487
2018/3 Trimestre,Barreiro,Fogos em Oferta,415
2018/3 Trimestre,Moita,Fogos em Oferta,337
2018/3 Trimestre,Montijo,Fogos em Oferta,364
2018/3 Trimestre,Palmela,Fogos em Oferta,630
2018/3 Trimestre,Seixal,Fogos em Oferta,1606
2018/3 Trimestre,Sesimbra,Fogos em Oferta,487
2018/3 Trimestre,Setúbal,Fogos em Oferta,1146
2018/3 Trimestre,Espinho,Fogos em Oferta,27
2018/3 Trimestre,Gondomar,Fogos em Oferta,734
2018/3 Trimestre,Maia,Fogos em Oferta,1016
2018/3 Trimestre,Matosinhos,Fogos em Oferta,908
2018/3 Trimestre,Porto,Fogos em Oferta,3299
2018/3 Trimestre,Póvoa de Varzim,Fogos em Oferta,203
2018/3 Trimestre,Valongo,Fogos em Oferta,481
2018/3 Trimestre,Vila do Conde,Fogos em Oferta,272
2018/3 Trimestre,Vila Nova de Gaia,Fogos em Oferta,1759
2018/3 Trimestre,Cascais,Valor de Oferta / m2,3312
2018/3 Trimestre,Lisboa,Valor de Oferta / m2,4673
2018/3 Trimestre,Loures,Valor de Oferta / m2,1856
2018/3 Trimestre,Mafra,Valor de Oferta / m2,1610
2018/3 Trimestre,Oeiras,Valor de Oferta / m2,2771
2018/3 Trimestre,Sintra,Valor de Oferta / m2,1533
2018/3 Trimestre,Vila Franca de Xira,Valor de Oferta / m2,1226
2018/3 Trimestre,Amadora,Valor de Oferta / m2,1686
2018/3 Trimestre,Odivelas,Valor de Oferta / m2,1932
2018/3 Trimestre,Alcochete,Valor de Oferta / m2,1779
2018/3 Trimestre,Almada,Valor de Oferta / m2,1674
2018/3 Trimestre,Barreiro,Valor de Oferta / m2,1036
2018/3 Trimestre,Moita,Valor de Oferta / m2,987
2018/3 Trimestre,Montijo,Valor de Oferta / m2,1351
2018/3 Trimestre,Palmela,Valor de Oferta / m2,1335
2018/3 Trimestre,Seixal,Valor de Oferta / m2,1389
2018/3 Trimestre,Sesimbra,Valor de Oferta / m2,1684
2018/3 Trimestre,Setúbal,Valor de Oferta / m2,1271
2018/3 Trimestre,Espinho,Valor de Oferta / m2,2027
2018/3 Trimestre,Gondomar,Valor de Oferta / m2,1071
2018/3 Trimestre,Maia,Valor de Oferta / m2,1128
2018/3 Trimestre,Matosinhos,Valor de Oferta / m2,1664
2018/3 Trimestre,Porto,Valor de Oferta / m2,2926
2018/3 Trimestre,Póvoa de Varzim,Valor de Oferta / m2,1501
2018/3 Trimestre,Valongo,Valor de Oferta / m2,967
2018/3 Trimestre,Vila do Conde,Valor de Oferta / m2,1462
2018/3 Trimestre,Vila Nova de Gaia,Valor de Oferta / m2,1341
2018/4 Trimestre,Cascais,Fogos em Oferta,2449
2018/4 Trimestre,Lisboa,Fogos em Oferta,8314
2018/4 Trimestre,Loures,Fogos em Oferta,923
2018/4 Trimestre,Mafra,Fogos em Oferta,670
2018/4 Trimestre,Oeiras,Fogos em Oferta,1717
2018/4 Trimestre,Sintra,Fogos em Oferta,3181
2018/4 Trimestre,Vila Franca de Xira,Fogos em Oferta,1012
2018/4 Trimestre,Amadora,Fogos em Oferta,796
2018/4 Trimestre,Odivelas,Fogos em Oferta,794
2018/4 Trimestre,Alcochete,Fogos em Oferta,131
2018/4 Trimestre,Almada,Fogos em Oferta,1276
2018/4 Trimestre,Barreiro,Fogos em Oferta,417
2018/4 Trimestre,Moita,Fogos em Oferta,372
2018/4 Trimestre,Montijo,Fogos em Oferta,416
2018/4 Trimestre,Palmela,Fogos em Oferta,573
2018/4 Trimestre,Seixal,Fogos em Oferta,1409
2018/4 Trimestre,Sesimbra,Fogos em Oferta,540
2018/4 Trimestre,Setúbal,Fogos em Oferta,1158
2018/4 Trimestre,Espinho,Fogos em Oferta,33
2018/4 Trimestre,Gondomar,Fogos em Oferta,713
2018/4 Trimestre,Maia,Fogos em Oferta,742
2018/4 Trimestre,Matosinhos,Fogos em Oferta,853
2018/4 Trimestre,Porto,Fogos em Oferta,3204
2018/4 Trimestre,Póvoa de Varzim,Fogos em Oferta,169
2018/4 Trimestre,Valongo,Fogos em Oferta,419
2018/4 Trimestre,Vila do Conde,Fogos em Oferta,231
2018/4 Trimestre,Vila Nova de Gaia,Fogos em Oferta,1645
2018/4 Trimestre,Cascais,Valor de Oferta / m2,3551
2018/4 Trimestre,Lisboa,Valor de Oferta / m2,4915
2018/4 Trimestre,Loures,Valor de Oferta / m2,1878
2018/4 Trimestre,Mafra,Valor de Oferta / m2,1590
2018/4 Trimestre,Oeiras,Valor de Oferta / m2,2905
2018/4 Trimestre,Sintra,Valor de Oferta / m2,1523
2018/4 Trimestre,Vila Franca de Xira,Valor de Oferta / m2,1278
2018/4 Trimestre,Amadora,Valor de Oferta / m2,1744
2018/4 Trimestre,Odivelas,Valor de Oferta / m2,1969
2018/4 Trimestre,Alcochete,Valor de Oferta / m2,1757
2018/4 Trimestre,Almada,Valor de Oferta / m2,1720
2018/4 Trimestre,Barreiro,Valor de Oferta / m2,1039
2018/4 Trimestre,Moita,Valor de Oferta / m2,938
2018/4 Trimestre,Montijo,Valor de Oferta / m2,1386
2018/4 Trimestre,Palmela,Valor de Oferta / m2,1266
2018/4 Trimestre,Seixal,Valor de Oferta / m2,1330
2018/4 Trimestre,Sesimbra,Valor de Oferta / m2,1881
2018/4 Trimestre,Setúbal,Valor de Oferta / m2,1253
2018/4 Trimestre,Espinho,Valor de Oferta / m2,1853
2018/4 Trimestre,Gondomar,Valor de Oferta / m2,1067
2018/4 Trimestre,Maia,Valor de Oferta / m2,1093
2018/4 Trimestre,Matosinhos,Valor de Oferta / m2,1767
2018/4 Trimestre,Porto,Valor de Oferta / m2,3144
2018/4 Trimestre,Póvoa de Varzim,Valor de Oferta / m2,1581
2018/4 Trimestre,Valongo,Valor de Oferta / m2,975
2018/4 Trimestre,Vila do Conde,Valor de Oferta / m2,1461
2018/4 Trimestre,Vila Nova de Gaia,Valor de Oferta / m2,1402
2019/1 Trimestre,Espinho,Fogos em Oferta,28
2019/1 Trimestre,Espinho,Valor de Oferta / m2,1983
2019/1 Trimestre,Cascais,Valor de Oferta / m2,3932
2019/1 Trimestre,Cascais,Fogos em Oferta,2477
2019/1 Trimestre,Lisboa,Valor de Oferta / m2,5116
2019/1 Trimestre,Lisboa,Fogos em Oferta,8823
2019/1 Trimestre,Loures,Valor de Oferta / m2,1996
2019/1 Trimestre,Loures,Fogos em Oferta,970
2019/1 Trimestre,Mafra,Valor de Oferta / m2,1653
2019/1 Trimestre,Mafra,Fogos em Oferta,549
2019/1 Trimestre,Oeiras,Valor de Oferta / m2,3011
2019/1 Trimestre,Oeiras,Fogos em Oferta,1651
2019/1 Trimestre,Sintra,Valor de Oferta / m2,1619
2019/1 Trimestre,Sintra,Fogos em Oferta,2946
2019/1 Trimestre,Vila Franca de Xira,Valor de Oferta / m2,1355
2019/1 Trimestre,Vila Franca de Xira,Fogos em Oferta,903
2019/1 Trimestre,Amadora,Valor de Oferta / m2,1849
2019/1 Trimestre,Amadora,Fogos em Oferta,876
2019/1 Trimestre,Odivelas,Valor de Oferta / m2,2069
2019/1 Trimestre,Odivelas,Fogos em Oferta,809
2019/1 Trimestre,Gondomar,Valor de Oferta / m2,1126
2019/1 Trimestre,Gondomar,Fogos em Oferta,649
2019/1 Trimestre,Maia,Valor de Oferta / m2,1250
2019/1 Trimestre,Maia,Fogos em Oferta,603
2019/1 Trimestre,Matosinhos,Valor de Oferta / m2,1900
2019/1 Trimestre,Matosinhos,Fogos em Oferta,826
2019/1 Trimestre,Porto,Valor de Oferta / m2,3157
2019/1 Trimestre,Porto,Fogos em Oferta,3431
2019/1 Trimestre,Póvoa de Varzim,Valor de Oferta / m2,1593
2019/1 Trimestre,Póvoa de Varzim,Fogos em Oferta,170
2019/1 Trimestre,Valongo,Valor de Oferta / m2,1035
2019/1 Trimestre,Valongo,Fogos em Oferta,398
2019/1 Trimestre,Vila do Conde,Valor de Oferta / m2,1500
2019/1 Trimestre,Vila do Conde,Fogos em Oferta,231
2019/1 Trimestre,Vila Nova de Gaia,Valor de Oferta / m2,1531
2019/1 Trimestre,Vila Nova de Gaia,Fogos em Oferta,1672
2019/1 Trimestre,Alcochete,Fogos em Oferta,153
2019/1 Trimestre,Alcochete,Valor de Oferta / m2,2228
2019/1 Trimestre,Almada,Valor de Oferta / m2,1721
2019/1 Trimestre,Almada,Fogos em Oferta,1795
2019/1 Trimestre,Barreiro,Fogos em Oferta,485
2019/1 Trimestre,Barreiro,Valor de Oferta / m2,1094
2019/1 Trimestre,Moita,Valor de Oferta / m2,1008
2019/1 Trimestre,Moita,Fogos em Oferta,358
2019/1 Trimestre,Montijo,Valor de Oferta / m2,1491
2019/1 Trimestre,Montijo,Fogos em Oferta,398
2019/1 Trimestre,Palmela,Valor de Oferta / m2,1327
2019/1 Trimestre,Palmela,Fogos em Oferta,558
2019/1 Trimestre,Seixal,Valor de Oferta / m2,1330
2019/1 Trimestre,Seixal,Fogos em Oferta,2328
2019/1 Trimestre,Sesimbra,Valor de Oferta / m2,1865
2019/1 Trimestre,Sesimbra,Fogos em Oferta,505
2019/1 Trimestre,Setúbal,Fogos em Oferta,1044
2019/1 Trimestre,Setúbal,Valor de Oferta / m2,1400
2019/2 Trimestre,Espinho,Fogos em Oferta,13
2019/2 Trimestre,Espinho,Valor de Oferta / m2,1957
2019/2 Trimestre,Cascais,Fogos em Oferta,2499
2019/2 Trimestre,Cascais,Valor de Oferta / m2,3948
2019/2 Trimestre,Lisboa,Fogos em Oferta,9780
2019/2 Trimestre,Lisboa,Valor de Oferta / m2,5225
2019/2 Trimestre,Loures,Valor de Oferta / m2,2080
2019/2 Trimestre,Loures,Fogos em Oferta,1103
2019/2 Trimestre,Mafra,Valor de Oferta / m2,1719
2019/2 Trimestre,Mafra,Fogos em Oferta,556
2019/2 Trimestre,Oeiras,Valor de Oferta / m2,2990
2019/2 Trimestre,Oeiras,Fogos em Oferta,1770
2019/2 Trimestre,Sintra,Valor de Oferta / m2,1706
2019/2 Trimestre,Sintra,Fogos em Oferta,2983
2019/2 Trimestre,Vila Franca de Xira,Valor de Oferta / m2,1405
2019/2 Trimestre,Vila Franca de Xira,Fogos em Oferta,908
2019/2 Trimestre,Amadora,Valor de Oferta / m2,1949
2019/2 Trimestre,Amadora,Fogos em Oferta,1122
2019/2 Trimestre,Odivelas,Valor de Oferta / m2,2152
2019/2 Trimestre,Odivelas,Fogos em Oferta,887
2019/2 Trimestre,Gondomar,Valor de Oferta / m2,1102
2019/2 Trimestre,Gondomar,Fogos em Oferta,594
2019/2 Trimestre,Maia,Valor de Oferta / m2,1304
2019/2 Trimestre,Maia,Fogos em Oferta,554
2019/2 Trimestre,Matosinhos,Valor de Oferta / m2,1987
2019/2 Trimestre,Matosinhos,Fogos em Oferta,773
2019/2 Trimestre,Porto,Fogos em Oferta,2606
2019/2 Trimestre,Porto,Valor de Oferta / m2,3186
2019/2 Trimestre,Póvoa de Varzim,Fogos em Oferta,150
2019/2 Trimestre,Póvoa de Varzim,Valor de Oferta / m2,1642
2019/2 Trimestre,Valongo,Fogos em Oferta,375
2019/2 Trimestre,Valongo,Valor de Oferta / m2,1066
2019/2 Trimestre,Vila do Conde,Fogos em Oferta,180
2019/2 Trimestre,Vila do Conde,Valor de Oferta / m2,1540
2019/2 Trimestre,Vila Nova de Gaia,Fogos em Oferta,1432
2019/2 Trimestre,Vila Nova de Gaia,Valor de Oferta / m2,1541
2019/2 Trimestre,Alcochete,Fogos em Oferta,234
2019/2 Trimestre,Alcochete,Valor de Oferta / m2,2666
2019/2 Trimestre,Almada,Fogos em Oferta,1970
2019/2 Trimestre,Almada,Valor de Oferta / m2,1797
2019/2 Trimestre,Barreiro,Fogos em Oferta,493
2019/2 Trimestre,Barreiro,Valor de Oferta / m2,1172
2019/2 Trimestre,Moita,Fogos em Oferta,355
2019/2 Trimestre,Moita,Valor de Oferta / m2,1043
2019/2 Trimestre,Montijo,Fogos em Oferta,389
2019/2 Trimestre,Montijo,Valor de Oferta / m2,1506
2019/2 Trimestre,Palmela,Fogos em Oferta,568
2019/2 Trimestre,Palmela,Valor de Oferta / m2,1391
2019/2 Trimestre,Seixal,Valor de Oferta / m2,1426
2019/2 Trimestre,Seixal,Fogos em Oferta,2455
2019/2 Trimestre,Sesimbra,Valor de Oferta / m2,1861
2019/2 Trimestre,Sesimbra,Fogos em Oferta,533
2019/2 Trimestre,Setúbal,Fogos em Oferta,1047
2019/2 Trimestre,Setúbal,Valor de Oferta / m2,1453
2019/3 Trimestre,Espinho,Valor de Oferta / m2,1957
2019/3 Trimestre,Espinho,Fogos em Oferta,27
2019/3 Trimestre,Cascais,Valor de Oferta / m2,4124
2019/3 Trimestre,Cascais,Fogos em Oferta,2453
2019/3 Trimestre,Lisboa,Fogos em Oferta,9189
2019/3 Trimestre,Lisboa,Valor de Oferta / m2,5510
2019/3 Trimestre,Loures,Valor de Oferta / m2,2193
2019/3 Trimestre,Loures,Fogos em Oferta,930
2019/3 Trimestre,Mafra,Valor de Oferta / m2,1714
2019/3 Trimestre,Mafra,Fogos em Oferta,476
2019/3 Trimestre,Oeiras,Valor de Oferta / m2,3130
2019/3 Trimestre,Oeiras,Fogos em Oferta,1604
2019/3 Trimestre,Sintra,Valor de Oferta / m2,1767
2019/3 Trimestre,Sintra,Fogos em Oferta,2531
2019/3 Trimestre,Vila Franca de Xira,Valor de Oferta / m2,1431
2019/3 Trimestre,Vila Franca de Xira,Fogos em Oferta,696
2019/3 Trimestre,Amadora,Valor de Oferta / m2,2004
2019/3 Trimestre,Amadora,Fogos em Oferta,932
2019/3 Trimestre,Odivelas,Valor de Oferta / m2,2168
2019/3 Trimestre,Odivelas,Fogos em Oferta,715
2019/3 Trimestre,Gondomar,Valor de Oferta / m2,1179
2019/3 Trimestre,Gondomar,Fogos em Oferta,535
2019/3 Trimestre,Maia,Fogos em Oferta,477
2019/3 Trimestre,Maia,Valor de Oferta / m2,1307
2019/3 Trimestre,Matosinhos,Fogos em Oferta,829
2019/3 Trimestre,Matosinhos,Valor de Oferta / m2,2209
2019/3 Trimestre,Porto,Fogos em Oferta,3292
2019/3 Trimestre,Porto,Valor de Oferta / m2,3316
2019/3 Trimestre,Póvoa de Varzim,Fogos em Oferta,153
2019/3 Trimestre,Póvoa de Varzim,Valor de Oferta / m2,1698
2019/3 Trimestre,Valongo,Valor de Oferta / m2,1203
2019/3 Trimestre,Valongo,Fogos em Oferta,323
2019/3 Trimestre,Vila do Conde,Fogos em Oferta,206
2019/3 Trimestre,Vila do Conde,Valor de Oferta / m2,1604
2019/3 Trimestre,Vila Nova de Gaia,Fogos em Oferta,1335
2019/3 Trimestre,Vila Nova de Gaia,Valor de Oferta / m2,1652
2019/3 Trimestre,Alcochete,Valor de Oferta / m2,2880
2019/3 Trimestre,Alcochete,Fogos em Oferta,219
2019/3 Trimestre,Almada,Valor de Oferta / m2,1799
2019/3 Trimestre,Almada,Fogos em Oferta,1710
2019/3 Trimestre,Barreiro,Valor de Oferta / m2,1193
2019/3 Trimestre,Barreiro,Fogos em Oferta,346
2019/3 Trimestre,Moita,Valor de Oferta / m2,1081
2019/3 Trimestre,Moita,Fogos em Oferta,295
2019/3 Trimestre,Montijo,Valor de Oferta / m2,1583
2019/3 Trimestre,Montijo,Fogos em Oferta,401
2019/3 Trimestre,Palmela,Valor de Oferta / m2,1445
2019/3 Trimestre,Palmela,Fogos em Oferta,446
2019/3 Trimestre,Seixal,Valor de Oferta / m2,1464
2019/3 Trimestre,Seixal,Fogos em Oferta,2262
2019/3 Trimestre,Sesimbra,Valor de Oferta / m2,1964
2019/3 Trimestre,Sesimbra,Fogos em Oferta,490
2019/3 Trimestre,Setúbal,Valor de Oferta / m2,1528
2019/3 Trimestre,Setúbal,Fogos em Oferta,950
2019/4 Trimestre,Espinho,Valor de Oferta / m2,2015
2019/4 Trimestre,Espinho,Fogos em Oferta,32
2019/4 Trimestre,Cascais,Valor de Oferta / m2,4340
2019/4 Trimestre,Cascais,Fogos em Oferta,3234
2019/4 Trimestre,Lisboa,Valor de Oferta / m2,5619
2019/4 Trimestre,Lisboa,Fogos em Oferta,10410
2019/4 Trimestre,Loures,Valor de Oferta / m2,2191
2019/4 Trimestre,Loures,Fogos em Oferta,970
2019/4 Trimestre,Mafra,Valor de Oferta / m2,1766
2019/4 Trimestre,Mafra,Fogos em Oferta,591
2019/4 Trimestre,Oeiras,Valor de Oferta / m2,3155
2019/4 Trimestre,Oeiras,Fogos em Oferta,1908
2019/4 Trimestre,Sintra,Valor de Oferta / m2,1822
2019/4 Trimestre,Sintra,Fogos em Oferta,2896
2019/4 Trimestre,Vila Franca de Xira,Valor de Oferta / m2,1527
2019/4 Trimestre,Vila Franca de Xira,Fogos em Oferta,758
2019/4 Trimestre,Amadora,Valor de Oferta / m2,2032
2019/4 Trimestre,Amadora,Fogos em Oferta,953
2019/4 Trimestre,Odivelas,Valor de Oferta / m2,2169
2019/4 Trimestre,Odivelas,Fogos em Oferta,754
2019/4 Trimestre,Gondomar,Valor de Oferta / m2,1197
2019/4 Trimestre,Gondomar,Fogos em Oferta,625
2019/4 Trimestre,Maia,Valor de Oferta / m2,1124
2019/4 Trimestre,Maia,Fogos em Oferta,722
2019/4 Trimestre,Matosinhos,Fogos em Oferta,1088
2019/4 Trimestre,Matosinhos,Valor de Oferta / m2,2220
2019/4 Trimestre,Porto,Fogos em Oferta,3835
2019/4 Trimestre,Porto,Valor de Oferta / m2,3347
2019/4 Trimestre,Póvoa de Varzim,Fogos em Oferta,178
2019/4 Trimestre,Póvoa de Varzim,Valor de Oferta / m2,1750
2019/4 Trimestre,Valongo,Valor de Oferta / m2,1251
2019/4 Trimestre,Valongo,Fogos em Oferta,391
2019/4 Trimestre,Vila do Conde,Valor de Oferta / m2,1689
2019/4 Trimestre,Vila do Conde,Fogos em Oferta,220
2019/4 Trimestre,Vila Nova de Gaia,Valor de Oferta / m2,1795
2019/4 Trimestre,Vila Nova de Gaia,Fogos em Oferta,1818
2019/4 Trimestre,Alcochete,Valor de Oferta / m2,2966
2019/4 Trimestre,Alcochete,Fogos em Oferta,238
2019/4 Trimestre,Almada,Valor de Oferta / m2,1978
2019/4 Trimestre,Almada,Fogos em Oferta,1154
2019/4 Trimestre,Barreiro,Fogos em Oferta,334
2019/4 Trimestre,Barreiro,Valor de Oferta / m2,1231
2019/4 Trimestre,Moita,Valor de Oferta / m2,1105
2019/4 Trimestre,Moita,Fogos em Oferta,292
2019/4 Trimestre,Montijo,Valor de Oferta / m2,1794
2019/4 Trimestre,Montijo,Fogos em Oferta,431
2019/4 Trimestre,Palmela,Fogos em Oferta,638
2019/4 Trimestre,Palmela,Valor de Oferta / m2,1255
2019/4 Trimestre,Seixal,Fogos em Oferta,1251
2019/4 Trimestre,Seixal,Valor de Oferta / m2,1633
2019/4 Trimestre,Sesimbra,Fogos em Oferta,462
2019/4 Trimestre,Sesimbra,Valor de Oferta / m2,2057
2019/4 Trimestre,Setúbal,Fogos em Oferta,863
2019/4 Trimestre,Setúbal,Valor de Oferta / m2,1511
2020/1 Trimestre,Espinho,Valor de Oferta / m2,1974
2020/1 Trimestre,Espinho,Fogos em Oferta,36
2020/1 Trimestre,Cascais,Fogos em Oferta,2739
2020/1 Trimestre,Cascais,Valor de Oferta / m2,4657
2020/1 Trimestre,Lisboa,Valor de Oferta / m2,5842
2020/1 Trimestre,Lisboa,Fogos em Oferta,10158
2020/1 Trimestre,Loures,Fogos em Oferta,915
2020/1 Trimestre,Loures,Valor de Oferta / m2,2260
2020/1 Trimestre,Mafra,Valor de Oferta / m2,1912
2020/1 Trimestre,Mafra,Fogos em Oferta,505
2020/1 Trimestre,Oeiras,Valor de Oferta / m2,3446
2020/1 Trimestre,Oeiras,Fogos em Oferta,1608
2020/1 Trimestre,Sintra,Valor de Oferta / m2,2031
2020/1 Trimestre,Sintra,Fogos em Oferta,2479
2020/1 Trimestre,Vila Franca de Xira,Fogos em Oferta,762
2020/1 Trimestre,Vila Franca de Xira,Valor de Oferta / m2,1700
2020/1 Trimestre,Amadora,Fogos em Oferta,827
2020/1 Trimestre,Amadora,Valor de Oferta / m2,2105
2020/1 Trimestre,Odivelas,Fogos em Oferta,722
2020/1 Trimestre,Odivelas,Valor de Oferta / m2,2240
2020/1 Trimestre,Gondomar,Valor de Oferta / m2,1250
2020/1 Trimestre,Gondomar,Fogos em Oferta,515
2020/1 Trimestre,Maia,Valor de Oferta / m2,1153
2020/1 Trimestre,Maia,Fogos em Oferta,626
2020/1 Trimestre,Matosinhos,Valor de Oferta / m2,2476
2020/1 Trimestre,Matosinhos,Fogos em Oferta,1125
2020/1 Trimestre,Porto,Valor de Oferta / m2,3500
2020/1 Trimestre,Porto,Fogos em Oferta,3651
2020/1 Trimestre,Póvoa de Varzim,Valor de Oferta / m2,1931
2020/1 Trimestre,Póvoa de Varzim,Fogos em Oferta,188
2020/1 Trimestre,Valongo,Valor de Oferta / m2,1462
2020/1 Trimestre,Valongo,Fogos em Oferta,357
2020/1 Trimestre,Vila do Conde,Valor de Oferta / m2,1828
2020/1 Trimestre,Vila do Conde,Fogos em Oferta,177
2020/1 Trimestre,Vila Nova de Gaia,Valor de Oferta / m2,2010
2020/1 Trimestre,Vila Nova de Gaia,Fogos em Oferta,1497
2020/1 Trimestre,Alcochete,Fogos em Oferta,186
2020/1 Trimestre,Alcochete,Valor de Oferta / m2,2944
2020/1 Trimestre,Almada,Valor de Oferta / m2,2087
2020/1 Trimestre,Almada,Fogos em Oferta,1031
2020/1 Trimestre,Barreiro,Valor de Oferta / m2,1302
2020/1 Trimestre,Barreiro,Fogos em Oferta,268
2020/1 Trimestre,Moita,Fogos em Oferta,251
2020/1 Trimestre,Moita,Valor de Oferta / m2,1180
2020/1 Trimestre,Montijo,Fogos em Oferta,424
2020/1 Trimestre,Montijo,Valor de Oferta / m2,1955
2020/1 Trimestre,Palmela,Fogos em Oferta,424
2020/1 Trimestre,Palmela,Valor de Oferta / m2,1585
2020/1 Trimestre,Seixal,Fogos em Oferta,1037
2020/1 Trimestre,Seixal,Valor de Oferta / m2,1729
2020/1 Trimestre,Sesimbra,Fogos em Oferta,429
2020/1 Trimestre,Sesimbra,Valor de Oferta / m2,2423
2020/1 Trimestre,Setúbal,Valor de Oferta / m2,1604
2020/1 Trimestre,Setúbal,Fogos em Oferta,787
2020/2 Trimestre,Espinho,Fogos em Oferta,36
2020/2 Trimestre,Espinho,Valor de Oferta / m2,1970
2020/2 Trimestre,Cascais,Valor de Oferta / m2,4748
2020/2 Trimestre,Cascais,Fogos em Oferta,2853
2020/2 Trimestre,Lisboa,Fogos em Oferta,9765
2020/2 Trimestre,Lisboa,Valor de Oferta / m2,5645
2020/2 Trimestre,Loures,Valor de Oferta / m2,2294
2020/2 Trimestre,Loures,Fogos em Oferta,927
2020/2 Trimestre,Mafra,Valor de Oferta / m2,1926
2020/2 Trimestre,Mafra,Fogos em Oferta,487
2020/2 Trimestre,Oeiras,Valor de Oferta / m2,3427
2020/2 Trimestre,Oeiras,Fogos em Oferta,1665
2020/2 Trimestre,Sintra,Valor de Oferta / m2,2049
2020/2 Trimestre,Sintra,Fogos em Oferta,2546
2020/2 Trimestre,Vila Franca de Xira,Valor de Oferta / m2,1745
2020/2 Trimestre,Vila Franca de Xira,Fogos em Oferta,800
2020/2 Trimestre,Amadora,Fogos em Oferta,904
2020/2 Trimestre,Amadora,Valor de Oferta / m2,2158
2020/2 Trimestre,Odivelas,Fogos em Oferta,687
2020/2 Trimestre,Odivelas,Valor de Oferta / m2,2316
2020/2 Trimestre,Gondomar,Fogos em Oferta,544
2020/2 Trimestre,Gondomar,Valor de Oferta / m2,1319
2020/2 Trimestre,Maia,Fogos em Oferta,618
2020/2 Trimestre,Maia,Valor de Oferta / m2,1192
2020/2 Trimestre,Matosinhos,Fogos em Oferta,1382
2020/2 Trimestre,Matosinhos,Valor de Oferta / m2,2566
2020/2 Trimestre,Porto,Fogos em Oferta,4949
2020/2 Trimestre,Porto,Valor de Oferta / m2,3525
2020/2 Trimestre,Póvoa de Varzim,Fogos em Oferta,229
2020/2 Trimestre,Póvoa de Varzim,Valor de Oferta / m2,1955
2020/2 Trimestre,Valongo,Fogos em Oferta,425
2020/2 Trimestre,Valongo,Valor de Oferta / m2,1443
2020/2 Trimestre,Vila do Conde,Fogos em Oferta,212
2020/2 Trimestre,Vila do Conde,Valor de Oferta / m2,1907
2020/2 Trimestre,Vila Nova de Gaia,Fogos em Oferta,1667
2020/2 Trimestre,Vila Nova de Gaia,Valor de Oferta / m2,1950
2020/2 Trimestre,Alcochete,Valor de Oferta / m2,2907
2020/2 Trimestre,Alcochete,Fogos em Oferta,206
2020/2 Trimestre,Almada,Valor de Oferta / m2,2162
2020/2 Trimestre,Almada,Fogos em Oferta,1116
2020/2 Trimestre,Barreiro,Valor de Oferta / m2,1366
2020/2 Trimestre,Barreiro,Fogos em Oferta,233
2020/2 Trimestre,Moita,Valor de Oferta / m2,1185
2020/2 Trimestre,Moita,Fogos em Oferta,244
2020/2 Trimestre,Montijo,Valor de Oferta / m2,1940
2020/2 Trimestre,Montijo,Fogos em Oferta,489
2020/2 Trimestre,Palmela,Valor de Oferta / m2,1628
2020/2 Trimestre,Palmela,Fogos em Oferta,414
2020/2 Trimestre,Seixal,Valor de Oferta / m2,1688
2020/2 Trimestre,Seixal,Fogos em Oferta,1043
2020/2 Trimestre,Sesimbra,Valor de Oferta / m2,2278
2020/2 Trimestre,Sesimbra,Fogos em Oferta,436
2020/2 Trimestre,Setúbal,Valor de Oferta / m2,1600
2020/2 Trimestre,Setúbal,Fogos em Oferta,832
2020/3 Trimestre,Espinho,Fogos em Oferta,43
2020/3 Trimestre,Espinho,Valor de Oferta / m2,1919
2020/3 Trimestre,Cascais,Valor de Oferta / m2,4574
2020/3 Trimestre,Cascais,Fogos em Oferta,3044
2020/3 Trimestre,Lisboa,Fogos em Oferta,10031
2020/3 Trimestre,Lisboa,Valor de Oferta / m2,5561
2020/3 Trimestre,Loures,Valor de Oferta / m2,2292
2020/3 Trimestre,Loures,Fogos em Oferta,1080
2020/3 Trimestre,Mafra,Fogos em Oferta,575
2020/3 Trimestre,Mafra,Valor de Oferta / m2,2036
2020/3 Trimestre,Oeiras,Fogos em Oferta,1921
2020/3 Trimestre,Oeiras,Valor de Oferta / m2,3489
2020/3 Trimestre,Sintra,Fogos em Oferta,2964
2020/3 Trimestre,Sintra,Valor de Oferta / m2,1985
2020/3 Trimestre,Vila Franca de Xira,Fogos em Oferta,948
2020/3 Trimestre,Vila Franca de Xira,Valor de Oferta / m2,1757
2020/3 Trimestre,Amadora,Fogos em Oferta,1134
2020/3 Trimestre,Amadora,Valor de Oferta / m2,2121
2020/3 Trimestre,Odivelas,Fogos em Oferta,798
2020/3 Trimestre,Odivelas,Valor de Oferta / m2,2326
2020/3 Trimestre,Gondomar,Valor de Oferta / m2,1320
2020/3 Trimestre,Gondomar,Fogos em Oferta,641
2020/3 Trimestre,Maia,Fogos em Oferta,713
2020/3 Trimestre,Maia,Valor de Oferta / m2,1238
2020/3 Trimestre,Matosinhos,Valor de Oferta / m2,2494
2020/3 Trimestre,Matosinhos,Fogos em Oferta,1380
2020/3 Trimestre,Porto,Fogos em Oferta,4661
2020/3 Trimestre,Porto,Valor de Oferta / m2,3526
2020/3 Trimestre,Póvoa de Varzim,Valor de Oferta / m2,1850
2020/3 Trimestre,Póvoa de Varzim,Fogos em Oferta,287
2020/3 Trimestre,Valongo,Valor de Oferta / m2,1436
2020/3 Trimestre,Valongo,Fogos em Oferta,460
2020/3 Trimestre,Vila do Conde,Valor de Oferta / m2,1741
2020/3 Trimestre,Vila do Conde,Fogos em Oferta,163
2020/3 Trimestre,Vila Nova de Gaia,Valor de Oferta / m2,1875
2020/3 Trimestre,Vila Nova de Gaia,Fogos em Oferta,1670
2020/3 Trimestre,Alcochete,Fogos em Oferta,235
2020/3 Trimestre,Alcochete,Valor de Oferta / m2,3070
2020/3 Trimestre,Almada,Fogos em Oferta,1278
2020/3 Trimestre,Almada,Valor de Oferta / m2,2137
2020/3 Trimestre,Barreiro,Fogos em Oferta,368
2020/3 Trimestre,Barreiro,Valor de Oferta / m2,1415
2020/3 Trimestre,Moita,Fogos em Oferta,283
2020/3 Trimestre,Moita,Valor de Oferta / m2,1205
2020/3 Trimestre,Montijo,Fogos em Oferta,530
2020/3 Trimestre,Montijo,Valor de Oferta / m2,1921
2020/3 Trimestre,Palmela,Fogos em Oferta,491
2020/3 Trimestre,Palmela,Valor de Oferta / m2,1611
2020/3 Trimestre,Seixal,Fogos em Oferta,1247
2020/3 Trimestre,Seixal,Valor de Oferta / m2,1648
2020/3 Trimestre,Sesimbra,Fogos em Oferta,479
2020/3 Trimestre,Sesimbra,Valor de Oferta / m2,2484
2020/3 Trimestre,Setúbal,Fogos em Oferta,992
2020/3 Trimestre,Setúbal,Valor de Oferta / m2,1583
2020/4 Trimestre,Espinho,Valor de Oferta / m2,2150
2020/4 Trimestre,Espinho,Fogos em Oferta,39
2020/4 Trimestre,Cascais,Valor de Oferta / m2,4938
2020/4 Trimestre,Cascais,Fogos em Oferta,3245
2020/4 Trimestre,Lisboa,Fogos em Oferta,11258
2020/4 Trimestre,Lisboa,Valor de Oferta / m2,5834
2020/4 Trimestre,Loures,Fogos em Oferta,987
2020/4 Trimestre,Loures,Valor de Oferta / m2,2370
2020/4 Trimestre,Mafra,Fogos em Oferta,547
2020/4 Trimestre,Mafra,Valor de Oferta / m2,2132
2020/4 Trimestre,Oeiras,Fogos em Oferta,2056
2020/4 Trimestre,Oeiras,Valor de Oferta / m2,3543
2020/4 Trimestre,Sintra,Fogos em Oferta,2918
2020/4 Trimestre,Sintra,Valor de Oferta / m2,2116
2020/4 Trimestre,Vila Franca de Xira,Valor de Oferta / m2,1695
2020/4 Trimestre,Vila Franca de Xira,Fogos em Oferta,782
2020/4 Trimestre,Amadora,Fogos em Oferta,1177
2020/4 Trimestre,Amadora,Valor de Oferta / m2,2176
2020/4 Trimestre,Odivelas,Valor de Oferta / m2,2318
2020/4 Trimestre,Odivelas,Fogos em Oferta,753
2020/4 Trimestre,Gondomar,Fogos em Oferta,641
2020/4 Trimestre,Gondomar,Valor de Oferta / m2,1396
2020/4 Trimestre,Maia,Fogos em Oferta,747
2020/4 Trimestre,Maia,Valor de Oferta / m2,1184
2020/4 Trimestre,Matosinhos,Fogos em Oferta,1487
2020/4 Trimestre,Matosinhos,Valor de Oferta / m2,2654
2020/4 Trimestre,Porto,Fogos em Oferta,5393
2020/4 Trimestre,Porto,Valor de Oferta / m2,3562
2020/4 Trimestre,Póvoa de Varzim,Fogos em Oferta,258
2020/4 Trimestre,Póvoa de Varzim,Valor de Oferta / m2,1922
2020/4 Trimestre,Valongo,Fogos em Oferta,435
2020/4 Trimestre,Valongo,Valor de Oferta / m2,1425
2020/4 Trimestre,Vila do Conde,Fogos em Oferta,163
2020/4 Trimestre,Vila do Conde,Valor de Oferta / m2,1753
2020/4 Trimestre,Vila Nova de Gaia,Fogos em Oferta,1788
2020/4 Trimestre,Vila Nova de Gaia,Valor de Oferta / m2,1955
2020/4 Trimestre,Alcochete,Valor de Oferta / m2,3519
2020/4 Trimestre,Alcochete,Fogos em Oferta,345
2020/4 Trimestre,Almada,Fogos em Oferta,1221
2020/4 Trimestre,Almada,Valor de Oferta / m2,2170
2020/4 Trimestre,Barreiro,Valor de Oferta / m2,1489
2020/4 Trimestre,Barreiro,Fogos em Oferta,392
2020/4 Trimestre,Moita,Fogos em Oferta,246
2020/4 Trimestre,Moita,Valor de Oferta / m2,1279
2020/4 Trimestre,Montijo,Fogos em Oferta,491
2020/4 Trimestre,Montijo,Valor de Oferta / m2,2017
2020/4 Trimestre,Palmela,Valor de Oferta / m2,1678
2020/4 Trimestre,Palmela,Fogos em Oferta,427
2020/4 Trimestre,Seixal,Fogos em Oferta,1114
2020/4 Trimestre,Seixal,Valor de Oferta / m2,1710
2020/4 Trimestre,Sesimbra,Fogos em Oferta,416
2020/4 Trimestre,Sesimbra,Valor de Oferta / m2,2562
2020/4 Trimestre,Setúbal,Fogos em Oferta,822
2020/4 Trimestre,Setúbal,Valor de Oferta / m2,1643
2021/1 Trimestre,Espinho,Fogos em Oferta,41
2021/1 Trimestre,Espinho,Valor de Oferta / m2,2040
2021/1 Trimestre,Cascais,Fogos em Oferta,3157
2021/1 Trimestre,Cascais,Valor de Oferta / m2,5048
2021/1 Trimestre,Lisboa,Fogos em Oferta,12241
2021/1 Trimestre,Lisboa,Valor de Oferta / m2,5999
2021/1 Trimestre,Loures,Fogos em Oferta,1041
2021/1 Trimestre,Loures,Valor de Oferta / m2,2427
2021/1 Trimestre,Mafra,Fogos em Oferta,516
2021/1 Trimestre,Mafra,Valor de Oferta / m2,2221
2021/1 Trimestre,Oeiras,Fogos em Oferta,2022
2021/1 Trimestre,Oeiras,Valor de Oferta / m2,3644
2021/1 Trimestre,Sintra,Fogos em Oferta,2841
2021/1 Trimestre,Sintra,Valor de Oferta / m2,2189
2021/1 Trimestre,Vila Franca de Xira,Fogos em Oferta,748
2021/1 Trimestre,Vila Franca de Xira,Valor de Oferta / m2,1735
2021/1 Trimestre,Amadora,Fogos em Oferta,1229
2021/1 Trimestre,Amadora,Valor de Oferta / m2,2220
2021/1 Trimestre,Odivelas,Fogos em Oferta,790
2021/1 Trimestre,Odivelas,Valor de Oferta / m2,2426
2021/1 Trimestre,Gondomar,Fogos em Oferta,630
2021/1 Trimestre,Gondomar,Valor de Oferta / m2,1451
2021/1 Trimestre,Maia,Fogos em Oferta,501
2021/1 Trimestre,Maia,Valor de Oferta / m2,1593
2021/1 Trimestre,Matosinhos,Fogos em Oferta,1403
2021/1 Trimestre,Matosinhos,Valor de Oferta / m2,2626
2021/1 Trimestre,Porto,Fogos em Oferta,5382
2021/1 Trimestre,Porto,Valor de Oferta / m2,3590
2021/1 Trimestre,Póvoa de Varzim,Fogos em Oferta,283
2021/1 Trimestre,Póvoa de Varzim,Valor de Oferta / m2,1839
2021/1 Trimestre,Valongo,Fogos em Oferta,399
2021/1 Trimestre,Valongo,Valor de Oferta / m2,1462
2021/1 Trimestre,Vila do Conde,Fogos em Oferta,162
2021/1 Trimestre,Vila do Conde,Valor de Oferta / m2,1788
2021/1 Trimestre,Vila Nova de Gaia,Fogos em Oferta,1794
2021/1 Trimestre,Vila Nova de Gaia,Valor de Oferta / m2,2078
2021/1 Trimestre,Alcochete,Valor de Oferta / m2,3580
2021/1 Trimestre,Alcochete,Fogos em Oferta,364
2021/1 Trimestre,Almada,Valor de Oferta / m2,2212
2021/1 Trimestre,Almada,Fogos em Oferta,1191
2021/1 Trimestre,Barreiro,Valor de Oferta / m2,1465
2021/1 Trimestre,Barreiro,Fogos em Oferta,373
2021/1 Trimestre,Moita,Valor de Oferta / m2,1285
2021/1 Trimestre,Moita,Fogos em Oferta,225
2021/1 Trimestre,Montijo,Valor de Oferta / m2,2071
2021/1 Trimestre,Montijo,Fogos em Oferta,519
2021/1 Trimestre,Palmela,Valor de Oferta / m2,1715
2021/1 Trimestre,Palmela,Fogos em Oferta,390
2021/1 Trimestre,Seixal,Valor de Oferta / m2,1870
2021/1 Trimestre,Seixal,Fogos em Oferta,1118
2021/1 Trimestre,Sesimbra,Valor de Oferta / m2,2789
2021/1 Trimestre,Sesimbra,Fogos em Oferta,435
2021/1 Trimestre,Setúbal,Valor de Oferta / m2,1726
2021/1 Trimestre,Setúbal,Fogos em Oferta,752
2021/2 Trimestre,Espinho,Fogos em Oferta,53
2021/2 Trimestre,Espinho,Valor de Oferta / m2,2451
2021/2 Trimestre,Cascais,Valor de Oferta / m2,5145
2021/2 Trimestre,Cascais,Fogos em Oferta,3098
2021/2 Trimestre,Lisboa,Fogos em Oferta,11870
2021/2 Trimestre,Lisboa,Valor de Oferta / m2,6049
2021/2 Trimestre,Loures,Fogos em Oferta,1090
2021/2 Trimestre,Loures,Valor de Oferta / m2,2510
2021/2 Trimestre,Mafra,Fogos em Oferta,509
2021/2 Trimestre,Mafra,Valor de Oferta / m2,2372
2021/2 Trimestre,Oeiras,Fogos em Oferta,2065
2021/2 Trimestre,Oeiras,Valor de Oferta / m2,3862
2021/2 Trimestre,Sintra,Fogos em Oferta,2827
2021/2 Trimestre,Sintra,Valor de Oferta / m2,2221
2021/2 Trimestre,Vila Franca de Xira,Fogos em Oferta,744
2021/2 Trimestre,Vila Franca de Xira,Valor de Oferta / m2,1791
2021/2 Trimestre,Amadora,Fogos em Oferta,1311
2021/2 Trimestre,Amadora,Valor de Oferta / m2,2264
2021/2 Trimestre,Odivelas,Fogos em Oferta,824
2021/2 Trimestre,Odivelas,Valor de Oferta / m2,2467
2021/2 Trimestre,Gondomar,Valor de Oferta / m2,1474
2021/2 Trimestre,Gondomar,Fogos em Oferta,643
2021/2 Trimestre,Maia,Valor de Oferta / m2,1620
2021/2 Trimestre,Maia,Fogos em Oferta,498
2021/2 Trimestre,Matosinhos,Valor de Oferta / m2,2755
2021/2 Trimestre,Matosinhos,Fogos em Oferta,1449
2021/2 Trimestre,Porto,Valor de Oferta / m2,3597
2021/2 Trimestre,Porto,Fogos em Oferta,6104
2021/2 Trimestre,Póvoa de Varzim,Valor de Oferta / m2,1895
2021/2 Trimestre,Póvoa de Varzim,Fogos em Oferta,232
2021/2 Trimestre,Valongo,Valor de Oferta / m2,1494
2021/2 Trimestre,Valongo,Fogos em Oferta,377
2021/2 Trimestre,Vila do Conde,Valor de Oferta / m2,1833
2021/2 Trimestre,Vila do Conde,Fogos em Oferta,170
2021/2 Trimestre,Vila Nova de Gaia,Valor de Oferta / m2,2288
2021/2 Trimestre,Vila Nova de Gaia,Fogos em Oferta,1974
2021/2 Trimestre,Alcochete,Valor de Oferta / m2,3367
2021/2 Trimestre,Alcochete,Fogos em Oferta,285
2021/2 Trimestre,Almada,Fogos em Oferta,1123
2021/2 Trimestre,Almada,Valor de Oferta / m2,2297
2021/2 Trimestre,Barreiro,Fogos em Oferta,408
2021/2 Trimestre,Barreiro,Valor de Oferta / m2,1500
2021/2 Trimestre,Moita,Fogos em Oferta,216
2021/2 Trimestre,Moita,Valor de Oferta / m2,1340
2021/2 Trimestre,Montijo,Fogos em Oferta,471
2021/2 Trimestre,Montijo,Valor de Oferta / m2,2109
2021/2 Trimestre,Palmela,Fogos em Oferta,354
2021/2 Trimestre,Palmela,Valor de Oferta / m2,1767
2021/2 Trimestre,Seixal,Fogos em Oferta,1147
2021/2 Trimestre,Seixal,Valor de Oferta / m2,1946
2021/2 Trimestre,Sesimbra,Fogos em Oferta,456
2021/2 Trimestre,Sesimbra,Valor de Oferta / m2,3284
2021/2 Trimestre,Setúbal,Fogos em Oferta,759
2021/2 Trimestre,Setúbal,Valor de Oferta / m2,1826
2021/3 Trimestre,Espinho,Fogos em Oferta,58
2021/3 Trimestre,Espinho,Valor de Oferta / m2,2274
2021/3 Trimestre,Cascais,Fogos em Oferta,2802
2021/3 Trimestre,Cascais,Valor de Oferta / m2,5192
2021/3 Trimestre,Lisboa,Valor de Oferta / m2,6063
2021/3 Trimestre,Lisboa,Fogos em Oferta,11490
2021/3 Trimestre,Loures,Fogos em Oferta,961
2021/3 Trimestre,Loures,Valor de Oferta / m2,2501
2021/3 Trimestre,Mafra,Fogos em Oferta,485
2021/3 Trimestre,Mafra,Valor de Oferta / m2,2436
2021/3 Trimestre,Oeiras,Valor de Oferta / m2,3889
2021/3 Trimestre,Oeiras,Fogos em Oferta,1774
2021/3 Trimestre,Sintra,Fogos em Oferta,2648
2021/3 Trimestre,Sintra,Valor de Oferta / m2,2293
2021/3 Trimestre,Vila Franca de Xira,Fogos em Oferta,774
2021/3 Trimestre,Vila Franca de Xira,Valor de Oferta / m2,1841
2021/3 Trimestre,Amadora,Fogos em Oferta,1284
2021/3 Trimestre,Amadora,Valor de Oferta / m2,2296
2021/3 Trimestre,Odivelas,Valor de Oferta / m2,2495
2021/3 Trimestre,Odivelas,Fogos em Oferta,762
2021/3 Trimestre,Gondomar,Fogos em Oferta,641
2021/3 Trimestre,Gondomar,Valor de Oferta / m2,1486
2021/3 Trimestre,Maia,Fogos em Oferta,459
2021/3 Trimestre,Maia,Valor de Oferta / m2,1722
2021/3 Trimestre,Matosinhos,Valor de Oferta / m2,2775
2021/3 Trimestre,Matosinhos,Fogos em Oferta,1361
2021/3 Trimestre,Porto,Fogos em Oferta,5992
2021/3 Trimestre,Porto,Valor de Oferta / m2,3669
2021/3 Trimestre,Póvoa de Varzim,Fogos em Oferta,212
2021/3 Trimestre,Póvoa de Varzim,Valor de Oferta / m2,1936
2021/3 Trimestre,Valongo,Fogos em Oferta,345
2021/3 Trimestre,Valongo,Valor de Oferta / m2,1463
2021/3 Trimestre,Vila do Conde,Fogos em Oferta,151
2021/3 Trimestre,Vila do Conde,Valor de Oferta / m2,1943
2021/3 Trimestre,Vila Nova de Gaia,Fogos em Oferta,1961
2021/3 Trimestre,Vila Nova de Gaia,Valor de Oferta / m2,2553
2021/3 Trimestre,Alcochete,Fogos em Oferta,283
2021/3 Trimestre,Alcochete,Valor de Oferta / m2,3227
2021/3 Trimestre,Almada,Valor de Oferta / m2,2361
2021/3 Trimestre,Almada,Fogos em Oferta,1051
2021/3 Trimestre,Barreiro,Valor de Oferta / m2,1557
2021/3 Trimestre,Barreiro,Fogos em Oferta,360
2021/3 Trimestre,Moita,Valor de Oferta / m2,1354
2021/3 Trimestre,Moita,Fogos em Oferta,201
2021/3 Trimestre,Montijo,Valor de Oferta / m2,2146
2021/3 Trimestre,Montijo,Fogos em Oferta,526
2021/3 Trimestre,Palmela,Fogos em Oferta,382
2021/3 Trimestre,Palmela,Valor de Oferta / m2,1840
2021/3 Trimestre,Seixal,Fogos em Oferta,1115
2021/3 Trimestre,Seixal,Valor de Oferta / m2,2031
2021/3 Trimestre,Sesimbra,Fogos em Oferta,441
2021/3 Trimestre,Sesimbra,Valor de Oferta / m2,3482
2021/3 Trimestre,Setúbal,Fogos em Oferta,726
2021/3 Trimestre,Setúbal,Valor de Oferta / m2,1888
2021/4 Trimestre,Espinho,Valor de Oferta / m2,1975
2021/4 Trimestre,Espinho,Fogos em Oferta,36
2021/4 Trimestre,Cascais,Fogos em Oferta,2402
2021/4 Trimestre,Cascais,Valor de Oferta / m2,5267
2021/4 Trimestre,Lisboa,Fogos em Oferta,10751
2021/4 Trimestre,Lisboa,Valor de Oferta / m2,6116
2021/4 Trimestre,Loures,Fogos em Oferta,1023
2021/4 Trimestre,Loures,Valor de Oferta / m2,2700
2021/4 Trimestre,Mafra,Valor de Oferta / m2,2531
2021/4 Trimestre,Mafra,Fogos em Oferta,443
2021/4 Trimestre,Oeiras,Valor de Oferta / m2,3926
2021/4 Trimestre,Oeiras,Fogos em Oferta,1564
2021/4 Trimestre,Sintra,Fogos em Oferta,2699
2021/4 Trimestre,Sintra,Valor de Oferta / m2,2419
2021/4 Trimestre,Vila Franca de Xira,Valor de Oferta / m2,1853
2021/4 Trimestre,Vila Franca de Xira,Fogos em Oferta,823
2021/4 Trimestre,Amadora,Valor de Oferta / m2,2342
2021/4 Trimestre,Amadora,Fogos em Oferta,1216
2021/4 Trimestre,Odivelas,Fogos em Oferta,686
2021/4 Trimestre,Odivelas,Valor de Oferta / m2,2520
2021/4 Trimestre,Gondomar,Fogos em Oferta,599
2021/4 Trimestre,Gondomar,Valor de Oferta / m2,1520
2021/4 Trimestre,Maia,Valor de Oferta / m2,1712
2021/4 Trimestre,Maia,Fogos em Oferta,403
2021/4 Trimestre,Matosinhos,Valor de Oferta / m2,2825
2021/4 Trimestre,Matosinhos,Fogos em Oferta,1042
2021/4 Trimestre,Porto,Valor de Oferta / m2,3733
2021/4 Trimestre,Porto,Fogos em Oferta,4518
2021/4 Trimestre,Póvoa de Varzim,Valor de Oferta / m2,2072
2021/4 Trimestre,Póvoa de Varzim,Fogos em Oferta,188
2021/4 Trimestre,Valongo,Valor de Oferta / m2,1572
2021/4 Trimestre,Valongo,Fogos em Oferta,335
2021/4 Trimestre,Vila do Conde,Valor de Oferta / m2,1804
2021/4 Trimestre,Vila do Conde,Fogos em Oferta,161
2021/4 Trimestre,Vila Nova de Gaia,Valor de Oferta / m2,2646
2021/4 Trimestre,Vila Nova de Gaia,Fogos em Oferta,1755
2021/4 Trimestre,Alcochete,Fogos em Oferta,292
2021/4 Trimestre,Alcochete,Valor de Oferta / m2,3413
2021/4 Trimestre,Almada,Valor de Oferta / m2,2387
2021/4 Trimestre,Almada,Fogos em Oferta,953
2021/4 Trimestre,Barreiro,Valor de Oferta / m2,1594
2021/4 Trimestre,Barreiro,Fogos em Oferta,354
2021/4 Trimestre,Moita,Valor de Oferta / m2,1377
2021/4 Trimestre,Moita,Fogos em Oferta,208
2021/4 Trimestre,Montijo,Fogos em Oferta,528
2021/4 Trimestre,Montijo,Valor de Oferta / m2,2091
2021/4 Trimestre,Palmela,Fogos em Oferta,358
2021/4 Trimestre,Palmela,Valor de Oferta / m2,1862
2021/4 Trimestre,Seixal,Valor de Oferta / m2,2052
2021/4 Trimestre,Seixal,Fogos em Oferta,1019
2021/4 Trimestre,Sesimbra,Fogos em Oferta,450
2021/4 Trimestre,Sesimbra,Valor de Oferta / m2,3489
2021/4 Trimestre,Setúbal,Valor de Oferta / m2,1980
2021/4 Trimestre,Setúbal,Fogos em Oferta,682
2022/1 Trimestre,Espinho,Fogos em Oferta,38
2022/1 Trimestre,Espinho,Valor de Oferta / m2,2052
2022/1 Trimestre,Cascais,Fogos em Oferta,2292
2022/1 Trimestre,Cascais,Valor de Oferta / m2,5377
2022/1 Trimestre,Lisboa,Valor de Oferta / m2,6221
2022/1 Trimestre,Lisboa,Fogos em Oferta,10274
2022/1 Trimestre,Loures,Valor de Oferta / m2,2771
2022/1 Trimestre,Loures,Fogos em Oferta,943
2022/1 Trimestre,Mafra,Fogos em Oferta,385
2022/1 Trimestre,Mafra,Valor de Oferta / m2,2631
2022/1 Trimestre,Oeiras,Fogos em Oferta,1663
2022/1 Trimestre,Oeiras,Valor de Oferta / m2,4013
2022/1 Trimestre,Sintra,Fogos em Oferta,2513
2022/1 Trimestre,Sintra,Valor de Oferta / m2,2587
2022/1 Trimestre,Vila Franca de Xira,Valor de Oferta / m2,1929
2022/1 Trimestre,Vila Franca de Xira,Fogos em Oferta,774
2022/1 Trimestre,Amadora,Fogos em Oferta,1032
2022/1 Trimestre,Amadora,Valor de Oferta / m2,2434
2022/1 Trimestre,Odivelas,Valor de Oferta / m2,2747
2022/1 Trimestre,Odivelas,Fogos em Oferta,653
2022/1 Trimestre,Gondomar,Fogos em Oferta,631
2022/1 Trimestre,Gondomar,Valor de Oferta / m2,1624
2022/1 Trimestre,Maia,Fogos em Oferta,442
2022/1 Trimestre,Maia,Valor de Oferta / m2,1864
2022/1 Trimestre,Matosinhos,Fogos em Oferta,1193
2022/1 Trimestre,Matosinhos,Valor de Oferta / m2,3041
2022/1 Trimestre,Porto,Valor de Oferta / m2,3888
2022/1 Trimestre,Porto,Fogos em Oferta,5016
2022/1 Trimestre,Póvoa de Varzim,Valor de Oferta / m2,2242
2022/1 Trimestre,Póvoa de Varzim,Fogos em Oferta,201
2022/1 Trimestre,Valongo,Valor de Oferta / m2,1686
2022/1 Trimestre,Valongo,Fogos em Oferta,338
2022/1 Trimestre,Vila do Conde,Valor de Oferta / m2,2036
2022/1 Trimestre,Vila do Conde,Fogos em Oferta,165
2022/1 Trimestre,Vila Nova de Gaia,Valor de Oferta / m2,2710
2022/1 Trimestre,Vila Nova de Gaia,Fogos em Oferta,1867
2022/1 Trimestre,Alcochete,Fogos em Oferta,286
2022/1 Trimestre,Alcochete,Valor de Oferta / m2,3464
2022/1 Trimestre,Almada,Fogos em Oferta,914
2022/1 Trimestre,Almada,Valor de Oferta / m2,2500
2022/1 Trimestre,Barreiro,Fogos em Oferta,377
2022/1 Trimestre,Barreiro,Valor de Oferta / m2,1965
2022/1 Trimestre,Moita,Fogos em Oferta,194
2022/1 Trimestre,Moita,Valor de Oferta / m2,1475
2022/1 Trimestre,Montijo,Fogos em Oferta,520
2022/1 Trimestre,Montijo,Valor de Oferta / m2,2093
2022/1 Trimestre,Palmela,Valor de Oferta / m2,1964
2022/1 Trimestre,Palmela,Fogos em Oferta,416
2022/1 Trimestre,Seixal,Valor de Oferta / m2,2266
2022/1 Trimestre,Seixal,Fogos em Oferta,1022
2022/1 Trimestre,Sesimbra,Valor de Oferta / m2,3519
2022/1 Trimestre,Sesimbra,Fogos em Oferta,438
2022/1 Trimestre,Setúbal,Valor de Oferta / m2,1993
2022/1 Trimestre,Setúbal,Fogos em Oferta,689
2022/2 Trimestre,Espinho,Valor de Oferta / m2,2323
2022/2 Trimestre,Espinho,Fogos em Oferta,46
2022/2 Trimestre,Cascais,Fogos em Oferta,2203
2022/2 Trimestre,Cascais,Valor de Oferta / m2,5507
2022/2 Trimestre,Lisboa,Fogos em Oferta,10059
2022/2 Trimestre,Lisboa,Valor de Oferta / m2,6400
2022/2 Trimestre,Loures,Fogos em Oferta,1021
2022/2 Trimestre,Loures,Valor de Oferta / m2,2849
2022/2 Trimestre,Mafra,Fogos em Oferta,381
2022/2 Trimestre,Mafra,Valor de Oferta / m2,2802
2022/2 Trimestre,Oeiras,Fogos em Oferta,1473
2022/2 Trimestre,Oeiras,Valor de Oferta / m2,4297
2022/2 Trimestre,Sintra,Fogos em Oferta,2344
2022/2 Trimestre,Sintra,Valor de Oferta / m2,2688
2022/2 Trimestre,Vila Franca de Xira,Valor de Oferta / m2,2019
2022/2 Trimestre,Vila Franca de Xira,Fogos em Oferta,695
2022/2 Trimestre,Amadora,Valor de Oferta / m2,2507
2022/2 Trimestre,Amadora,Fogos em Oferta,913
2022/2 Trimestre,Odivelas,Valor de Oferta / m2,2796
2022/2 Trimestre,Odivelas,Fogos em Oferta,599
2022/2 Trimestre,Gondomar,Fogos em Oferta,577
2022/2 Trimestre,Gondomar,Valor de Oferta / m2,1725
2022/2 Trimestre,Maia,Fogos em Oferta,527
2022/2 Trimestre,Maia,Valor de Oferta / m2,1971
2022/2 Trimestre,Matosinhos,Fogos em Oferta,1044
2022/2 Trimestre,Matosinhos,Valor de Oferta / m2,3168
2022/2 Trimestre,Porto,Fogos em Oferta,4735
2022/2 Trimestre,Porto,Valor de Oferta / m2,4044
2022/2 Trimestre,Póvoa de Varzim,Fogos em Oferta,188
2022/2 Trimestre,Póvoa de Varzim,Valor de Oferta / m2,2184
2022/2 Trimestre,Valongo,Fogos em Oferta,341
2022/2 Trimestre,Valongo,Valor de Oferta / m2,1680
2022/2 Trimestre,Vila do Conde,Fogos em Oferta,190
2022/2 Trimestre,Vila do Conde,Valor de Oferta / m2,2049
2022/2 Trimestre,Vila Nova de Gaia,Fogos em Oferta,1895
2022/2 Trimestre,Vila Nova de Gaia,Valor de Oferta / m2,2908
2022/2 Trimestre,Alcochete,Valor de Oferta / m2,3516
2022/2 Trimestre,Alcochete,Fogos em Oferta,293
2022/2 Trimestre,Almada,Fogos em Oferta,920
2022/2 Trimestre,Almada,Valor de Oferta / m2,2658
2022/2 Trimestre,Barreiro,Valor de Oferta / m2,2071
2022/2 Trimestre,Barreiro,Fogos em Oferta,358
2022/2 Trimestre,Moita,Fogos em Oferta,204
2022/2 Trimestre,Moita,Valor de Oferta / m2,1532
2022/2 Trimestre,Montijo,Valor de Oferta / m2,2157
2022/2 Trimestre,Montijo,Fogos em Oferta,484
2022/2 Trimestre,Palmela,Valor de Oferta / m2,2073
2022/2 Trimestre,Palmela,Fogos em Oferta,399
2022/2 Trimestre,Seixal,Valor de Oferta / m2,2365
2022/2 Trimestre,Seixal,Fogos em Oferta,1008
2022/2 Trimestre,Sesimbra,Valor de Oferta / m2,3728
2022/2 Trimestre,Sesimbra,Fogos em Oferta,476
2022/2 Trimestre,Setúbal,Fogos em Oferta,664
2022/2 Trimestre,Setúbal,Valor de Oferta / m2,2147
2022/3 Trimestre,Espinho,Valor de Oferta / m2,2223
2022/3 Trimestre,Espinho,Fogos em Oferta,40
2022/3 Trimestre,Cascais,Valor de Oferta / m2,5736
2022/3 Trimestre,Cascais,Fogos em Oferta,2198
2022/3 Trimestre,Lisboa,Valor de Oferta / m2,6245
2022/3 Trimestre,Lisboa,Fogos em Oferta,9192
2022/3 Trimestre,Loures,Valor de Oferta / m2,2870
2022/3 Trimestre,Loures,Fogos em Oferta,1009
2022/3 Trimestre,Mafra,Valor de Oferta / m2,2878
2022/3 Trimestre,Mafra,Fogos em Oferta,441
2022/3 Trimestre,Oeiras,Valor de Oferta / m2,4436
2022/3 Trimestre,Oeiras,Fogos em Oferta,1497
2022/3 Trimestre,Sintra,Valor de Oferta / m2,2692
2022/3 Trimestre,Sintra,Fogos em Oferta,2237
2022/3 Trimestre,Vila Franca de Xira,Valor de Oferta / m2,2103
2022/3 Trimestre,Vila Franca de Xira,Fogos em Oferta,712
2022/3 Trimestre,Amadora,Valor de Oferta / m2,2599
2022/3 Trimestre,Amadora,Fogos em Oferta,852
2022/3 Trimestre,Odivelas,Valor de Oferta / m2,2791
2022/3 Trimestre,Odivelas,Fogos em Oferta,609
2022/3 Trimestre,Gondomar,Valor de Oferta / m2,1762
2022/3 Trimestre,Gondomar,Fogos em Oferta,608
2022/3 Trimestre,Maia,Fogos em Oferta,604
2022/3 Trimestre,Maia,Valor de Oferta / m2,2050
2022/3 Trimestre,Matosinhos,Fogos em Oferta,1290
2022/3 Trimestre,Matosinhos,Valor de Oferta / m2,3353
2022/3 Trimestre,Porto,Fogos em Oferta,3990
2022/3 Trimestre,Porto,Valor de Oferta / m2,4136
2022/3 Trimestre,Póvoa de Varzim,Fogos em Oferta,150
2022/3 Trimestre,Póvoa de Varzim,Valor de Oferta / m2,2218
2022/3 Trimestre,Valongo,Fogos em Oferta,331
2022/3 Trimestre,Valongo,Valor de Oferta / m2,1708
2022/3 Trimestre,Vila do Conde,Fogos em Oferta,195
2022/3 Trimestre,Vila do Conde,Valor de Oferta / m2,2402
2022/3 Trimestre,Vila Nova de Gaia,Fogos em Oferta,1837
2022/3 Trimestre,Vila Nova de Gaia,Valor de Oferta / m2,2789
2022/3 Trimestre,Alcochete,Fogos em Oferta,236
2022/3 Trimestre,Alcochete,Valor de Oferta / m2,3268
2022/3 Trimestre,Almada,Fogos em Oferta,947
2022/3 Trimestre,Almada,Valor de Oferta / m2,2817
2022/3 Trimestre,Barreiro,Fogos em Oferta,405
2022/3 Trimestre,Barreiro,Valor de Oferta / m2,2069
2022/3 Trimestre,Moita,Fogos em Oferta,198
2022/3 Trimestre,Moita,Valor de Oferta / m2,1587
2022/3 Trimestre,Montijo,Fogos em Oferta,479
2022/3 Trimestre,Montijo,Valor de Oferta / m2,2222
2022/3 Trimestre,Palmela,Fogos em Oferta,425
2022/3 Trimestre,Palmela,Valor de Oferta / m2,2223
2022/3 Trimestre,Seixal,Fogos em Oferta,999
2022/3 Trimestre,Seixal,Valor de Oferta / m2,2345
2022/3 Trimestre,Sesimbra,Fogos em Oferta,428
2022/3 Trimestre,Sesimbra,Valor de Oferta / m2,3459
2022/3 Trimestre,Setúbal,Fogos em Oferta,746
2022/3 Trimestre,Setúbal,Valor de Oferta / m2,2313
2022/4 Trimestre,Amadora,Fogos em Oferta,832
2022/4 Trimestre,Odivelas,Fogos em Oferta,683
2022/4 Trimestre,Valongo,Valor de Oferta / m2,1791
2022/4 Trimestre,Vila do Conde,Valor de Oferta / m2,2258
2022/4 Trimestre,Moita,Fogos em Oferta,247
2022/4 Trimestre,Palmela,Fogos em Oferta,464
2022/4 Trimestre,Palmela,Valor de Oferta / m2,2335
2022/4 Trimestre,Sesimbra,Fogos em Oferta,520
2022/4 Trimestre,Setúbal,Fogos em Oferta,869
2022/4 Trimestre,Setúbal,Valor de Oferta / m2,2448
2022/4 Trimestre,Espinho,Fogos em Oferta,57
2022/4 Trimestre,Espinho,Valor de Oferta / m2,2669
2022/4 Trimestre,Cascais,Valor de Oferta / m2,6076
2022/4 Trimestre,Cascais,Fogos em Oferta,2554
2022/4 Trimestre,Lisboa,Valor de Oferta / m2,6578
2022/4 Trimestre,Lisboa,Fogos em Oferta,10755
2022/4 Trimestre,Loures,Valor de Oferta / m2,3000
2022/4 Trimestre,Loures,Fogos em Oferta,1034
2022/4 Trimestre,Mafra,Valor de Oferta / m2,3076
2022/4 Trimestre,Mafra,Fogos em Oferta,584
2022/4 Trimestre,Oeiras,Fogos em Oferta,2234
2022/4 Trimestre,Oeiras,Valor de Oferta / m2,4856
2022/4 Trimestre,Sintra,Valor de Oferta / m2,2761
2022/4 Trimestre,Sintra,Fogos em Oferta,2330
2022/4 Trimestre,Vila Franca de Xira,Valor de Oferta / m2,2169
2022/4 Trimestre,Vila Franca de Xira,Fogos em Oferta,752
2022/4 Trimestre,Amadora,Valor de Oferta / m2,2688
2022/4 Trimestre,Odivelas,Valor de Oferta / m2,2896
2022/4 Trimestre,Gondomar,Valor de Oferta / m2,1828
2022/4 Trimestre,Gondomar,Fogos em Oferta,663
2022/4 Trimestre,Maia,Valor de Oferta / m2,2111
2022/4 Trimestre,Maia,Fogos em Oferta,651
2022/4 Trimestre,Matosinhos,Valor de Oferta / m2,3671
2022/4 Trimestre,Matosinhos,Fogos em Oferta,1909
2022/4 Trimestre,Porto,Valor de Oferta / m2,4245
2022/4 Trimestre,Porto,Fogos em Oferta,4308
2022/4 Trimestre,Póvoa de Varzim,Valor de Oferta / m2,2214
2022/4 Trimestre,Póvoa de Varzim,Fogos em Oferta,171
2022/4 Trimestre,Valongo,Fogos em Oferta,298
2022/4 Trimestre,Vila do Conde,Fogos em Oferta,204
2022/4 Trimestre,Vila Nova de Gaia,Valor de Oferta / m2,2988
2022/4 Trimestre,Vila Nova de Gaia,Fogos em Oferta,2084
2022/4 Trimestre,Alcochete,Fogos em Oferta,278
2022/4 Trimestre,Alcochete,Valor de Oferta / m2,3576
2022/4 Trimestre,Almada,Fogos em Oferta,1005
2022/4 Trimestre,Almada,Valor de Oferta / m2,2959
2022/4 Trimestre,Barreiro,Fogos em Oferta,459
2022/4 Trimestre,Barreiro,Valor de Oferta / m2,2130
2022/4 Trimestre,Moita,Valor de Oferta / m2,1638
2022/4 Trimestre,Montijo,Valor de Oferta / m2,2343
2022/4 Trimestre,Montijo,Fogos em Oferta,539
2022/4 Trimestre,Seixal,Fogos em Oferta,1175
2022/4 Trimestre,Seixal,Valor de Oferta / m2,2512
2022/4 Trimestre,Sesimbra,Valor de Oferta / m2,4261
2023/1 Trimestre,Espinho,Fogos em Oferta,74
2023/1 Trimestre,Espinho,Valor de Oferta / m2,2819
2023/1 Trimestre,Cascais,Fogos em Oferta,2632
2023/1 Trimestre,Cascais,Valor de Oferta / m2,6056
2023/1 Trimestre,Lisboa,Fogos em Oferta,10878
2023/1 Trimestre,Lisboa,Valor de Oferta / m2,6681
2023/1 Trimestre,Loures,Fogos em Oferta,1091
2023/1 Trimestre,Loures,Valor de Oferta / m2,3095
2023/1 Trimestre,Mafra,Fogos em Oferta,679
2023/1 Trimestre,Mafra,Valor de Oferta / m2,3137
2023/1 Trimestre,Oeiras,Fogos em Oferta,1947
2023/1 Trimestre,Oeiras,Valor de Oferta / m2,4816
2023/1 Trimestre,Sintra,Fogos em Oferta,2397
2023/1 Trimestre,Sintra,Valor de Oferta / m2,2792
2023/1 Trimestre,Vila Franca de Xira,Fogos em Oferta,832
2023/1 Trimestre,Vila Franca de Xira,Valor de Oferta / m2,2301
2023/1 Trimestre,Amadora,Fogos em Oferta,939
2023/1 Trimestre,Amadora,Valor de Oferta / m2,2709
2023/1 Trimestre,Odivelas,Fogos em Oferta,726
2023/1 Trimestre,Odivelas,Valor de Oferta / m2,2940
2023/1 Trimestre,Gondomar,Valor de Oferta / m2,1909
2023/1 Trimestre,Gondomar,Fogos em Oferta,821
2023/1 Trimestre,Maia,Fogos em Oferta,905
2023/1 Trimestre,Maia,Valor de Oferta / m2,2189
2023/1 Trimestre,Matosinhos,Valor de Oferta / m2,3778
2023/1 Trimestre,Matosinhos,Fogos em Oferta,2088
2023/1 Trimestre,Porto,Valor de Oferta / m2,4343
2023/1 Trimestre,Porto,Fogos em Oferta,5052
2023/1 Trimestre,Póvoa de Varzim,Valor de Oferta / m2,2357
2023/1 Trimestre,Póvoa de Varzim,Fogos em Oferta,173
2023/1 Trimestre,Valongo,Valor de Oferta / m2,1822
2023/1 Trimestre,Valongo,Fogos em Oferta,342
2023/1 Trimestre,Vila do Conde,Valor de Oferta / m2,2408
2023/1 Trimestre,Vila do Conde,Fogos em Oferta,248
2023/1 Trimestre,Vila Nova de Gaia,Valor de Oferta / m2,3152
2023/1 Trimestre,Vila Nova de Gaia,Fogos em Oferta,2501
2023/1 Trimestre,Alcochete,Valor de Oferta / m2,3496
2023/1 Trimestre,Alcochete,Fogos em Oferta,282
2023/1 Trimestre,Almada,Valor de Oferta / m2,3042
2023/1 Trimestre,Almada,Fogos em Oferta,1090
2023/1 Trimestre,Barreiro,Valor de Oferta / m2,2294
2023/1 Trimestre,Barreiro,Fogos em Oferta,476
2023/1 Trimestre,Moita,Valor de Oferta / m2,1793
2023/1 Trimestre,Moita,Fogos em Oferta,281
2023/1 Trimestre,Montijo,Valor de Oferta / m2,2364
2023/1 Trimestre,Montijo,Fogos em Oferta,527
2023/1 Trimestre,Palmela,Valor de Oferta / m2,2343
2023/1 Trimestre,Palmela,Fogos em Oferta,532
2023/1 Trimestre,Seixal,Valor de Oferta / m2,2641
2023/1 Trimestre,Seixal,Fogos em Oferta,1272
2023/1 Trimestre,Sesimbra,Valor de Oferta / m2,4146
2023/1 Trimestre,Sesimbra,Fogos em Oferta,513
2023/1 Trimestre,Setúbal,Valor de Oferta / m2,2442
2023/1 Trimestre,Setúbal,Fogos em Oferta,959
2023/2 Trimestre,Espinho,Valor de Oferta / m2,3099
2023/2 Trimestre,Espinho,Fogos em Oferta,145
2023/2 Trimestre,Cascais,Fogos em Oferta,2908
2023/2 Trimestre,Cascais,Valor de Oferta / m2,6192
2023/2 Trimestre,Lisboa,Fogos em Oferta,12129
2023/2 Trimestre,Lisboa,Valor de Oferta / m2,6743
2023/2 Trimestre,Loures,Fogos em Oferta,1191
2023/2 Trimestre,Loures,Valor de Oferta / m2,3178
2023/2 Trimestre,Mafra,Fogos em Oferta,828
2023/2 Trimestre,Mafra,Valor de Oferta / m2,3178
2023/2 Trimestre,Oeiras,Fogos em Oferta,2482
2023/2 Trimestre,Oeiras,Valor de Oferta / m2,5023
2023/2 Trimestre,Sintra,Fogos em Oferta,2731
2023/2 Trimestre,Sintra,Valor de Oferta / m2,2859
2023/2 Trimestre,Vila Franca de Xira,Fogos em Oferta,981
2023/2 Trimestre,Vila Franca de Xira,Valor de Oferta / m2,2330
2023/2 Trimestre,Amadora,Fogos em Oferta,1023
2023/2 Trimestre,Amadora,Valor de Oferta / m2,2745
2023/2 Trimestre,Odivelas,Fogos em Oferta,740
2023/2 Trimestre,Odivelas,Valor de Oferta / m2,3002
2023/2 Trimestre,Gondomar,Valor de Oferta / m2,1999
2023/2 Trimestre,Gondomar,Fogos em Oferta,929
2023/2 Trimestre,Maia,Valor de Oferta / m2,2294
2023/2 Trimestre,Maia,Fogos em Oferta,966
2023/2 Trimestre,Matosinhos,Valor de Oferta / m2,3861
2023/2 Trimestre,Matosinhos,Fogos em Oferta,2226
2023/2 Trimestre,Porto,Valor de Oferta / m2,4431
2023/2 Trimestre,Porto,Fogos em Oferta,5447
2023/2 Trimestre,Póvoa de Varzim,Valor de Oferta / m2,2346
2023/2 Trimestre,Póvoa de Varzim,Fogos em Oferta,206
2023/2 Trimestre,Valongo,Valor de Oferta / m2,1817
2023/2 Trimestre,Valongo,Fogos em Oferta,334
2023/2 Trimestre,Vila do Conde,Fogos em Oferta,277
2023/2 Trimestre,Vila do Conde,Valor de Oferta / m2,2452
2023/2 Trimestre,Vila Nova de Gaia,Valor de Oferta / m2,3272
2023/2 Trimestre,Vila Nova de Gaia,Fogos em Oferta,2723
2023/2 Trimestre,Alcochete,Fogos em Oferta,311
2023/2 Trimestre,Alcochete,Valor de Oferta / m2,3471
2023/2 Trimestre,Almada,Fogos em Oferta,1295
2023/2 Trimestre,Almada,Valor de Oferta / m2,3127
2023/2 Trimestre,Barreiro,Fogos em Oferta,521
2023/2 Trimestre,Barreiro,Valor de Oferta / m2,2399
2023/2 Trimestre,Moita,Fogos em Oferta,343
2023/2 Trimestre,Moita,Valor de Oferta / m2,1819
2023/2 Trimestre,Montijo,Fogos em Oferta,530
2023/2 Trimestre,Montijo,Valor de Oferta / m2,2406
2023/2 Trimestre,Palmela,Fogos em Oferta,570
2023/2 Trimestre,Palmela,Valor de Oferta / m2,2426
2023/2 Trimestre,Seixal,Fogos em Oferta,1585
2023/2 Trimestre,Seixal,Valor de Oferta / m2,2770
2023/2 Trimestre,Sesimbra,Fogos em Oferta,683
2023/2 Trimestre,Sesimbra,Valor de Oferta / m2,4563
2023/2 Trimestre,Setúbal,Valor de Oferta / m2,2544
2023/2 Trimestre,Setúbal,Fogos em Oferta,1034
2023/3 Trimestre,Espinho,Valor de Oferta / m2,3030
2023/3 Trimestre,Espinho,Fogos em Oferta,147
2023/3 Trimestre,Cascais,Valor de Oferta / m2,6288
2023/3 Trimestre,Cascais,Fogos em Oferta,2889
2023/3 Trimestre,Lisboa,Valor de Oferta / m2,6787
2023/3 Trimestre,Lisboa,Fogos em Oferta,11751
2023/3 Trimestre,Loures,Valor de Oferta / m2,3199
2023/3 Trimestre,Loures,Fogos em Oferta,1126
2023/3 Trimestre,Mafra,Valor de Oferta / m2,3211
2023/3 Trimestre,Mafra,Fogos em Oferta,879
2023/3 Trimestre,Oeiras,Valor de Oferta / m2,5087
2023/3 Trimestre,Oeiras,Fogos em Oferta,2244
2023/3 Trimestre,Sintra,Valor de Oferta / m2,2887
2023/3 Trimestre,Sintra,Fogos em Oferta,2836
2023/3 Trimestre,Vila Franca de Xira,Valor de Oferta / m2,2361
2023/3 Trimestre,Vila Franca de Xira,Fogos em Oferta,972
2023/3 Trimestre,Amadora,Valor de Oferta / m2,2711
2023/3 Trimestre,Amadora,Fogos em Oferta,999
2023/3 Trimestre,Odivelas,Valor de Oferta / m2,2997
2023/3 Trimestre,Odivelas,Fogos em Oferta,743
2023/3 Trimestre,Gondomar,Fogos em Oferta,955
2023/3 Trimestre,Gondomar,Valor de Oferta / m2,2019
2023/3 Trimestre,Maia,Valor de Oferta / m2,2291
2023/3 Trimestre,Maia,Fogos em Oferta,1011
2023/3 Trimestre,Matosinhos,Valor de Oferta / m2,3825
2023/3 Trimestre,Matosinhos,Fogos em Oferta,2189
2023/3 Trimestre,Porto,Valor de Oferta / m2,4497
2023/3 Trimestre,Porto,Fogos em Oferta,5469
2023/3 Trimestre,Póvoa de Varzim,Fogos em Oferta,217
2023/3 Trimestre,Póvoa de Varzim,Valor de Oferta / m2,2464
2023/3 Trimestre,Valongo,Valor de Oferta / m2,1824
2023/3 Trimestre,Valongo,Fogos em Oferta,341
2023/3 Trimestre,Vila do Conde,Valor de Oferta / m2,2444
2023/3 Trimestre,Vila do Conde,Fogos em Oferta,281
2023/3 Trimestre,Vila Nova de Gaia,Valor de Oferta / m2,3290
2023/3 Trimestre,Vila Nova de Gaia,Fogos em Oferta,3081
2023/3 Trimestre,Alcochete,Fogos em Oferta,316
2023/3 Trimestre,Alcochete,Valor de Oferta / m2,3583
2023/3 Trimestre,Almada,Fogos em Oferta,1358
2023/3 Trimestre,Almada,Valor de Oferta / m2,3258
2023/3 Trimestre,Barreiro,Fogos em Oferta,491
2023/3 Trimestre,Barreiro,Valor de Oferta / m2,2244
2023/3 Trimestre,Moita,Valor de Oferta / m2,1803
2023/3 Trimestre,Moita,Fogos em Oferta,377
2023/3 Trimestre,Montijo,Fogos em Oferta,519
2023/3 Trimestre,Montijo,Valor de Oferta / m2,2477
2023/3 Trimestre,Palmela,Fogos em Oferta,673
2023/3 Trimestre,Palmela,Valor de Oferta / m2,2427
2023/3 Trimestre,Seixal,Fogos em Oferta,1748
2023/3 Trimestre,Seixal,Valor de Oferta / m2,2903
2023/3 Trimestre,Sesimbra,Fogos em Oferta,731
2023/3 Trimestre,Sesimbra,Valor de Oferta / m2,4641
2023/3 Trimestre,Setúbal,Fogos em Oferta,1179
2023/3 Trimestre,Setúbal,Valor de Oferta / m2,2614
2023/4 Trimestre,Espinho,Valor de Oferta / m2,2974
2023/4 Trimestre,Espinho,Fogos em Oferta,131
2023/4 Trimestre,Cascais,Valor de Oferta / m2,6734
2023/4 Trimestre,Cascais,Fogos em Oferta,3376
2023/4 Trimestre,Lisboa,Valor de Oferta / m2,6820
2023/4 Trimestre,Lisboa,Fogos em Oferta,12093
2023/4 Trimestre,Loures,Valor de Oferta / m2,3152
2023/4 Trimestre,Loures,Fogos em Oferta,1293
2023/4 Trimestre,Mafra,Valor de Oferta / m2,3186
2023/4 Trimestre,Mafra,Fogos em Oferta,894
2023/4 Trimestre,Oeiras,Valor de Oferta / m2,4853
2023/4 Trimestre,Oeiras,Fogos em Oferta,2508
2023/4 Trimestre,Sintra,Fogos em Oferta,3013
2023/4 Trimestre,Sintra,Valor de Oferta / m2,2953
2023/4 Trimestre,Vila Franca de Xira,Fogos em Oferta,936
2023/4 Trimestre,Vila Franca de Xira,Valor de Oferta / m2,2320
2023/4 Trimestre,Amadora,Fogos em Oferta,969
2023/4 Trimestre,Amadora,Valor de Oferta / m2,2746
2023/4 Trimestre,Odivelas,Fogos em Oferta,803
2023/4 Trimestre,Odivelas,Valor de Oferta / m2,3107
2023/4 Trimestre,Gondomar,Fogos em Oferta,957
2023/4 Trimestre,Gondomar,Valor de Oferta / m2,1958
2023/4 Trimestre,Maia,Fogos em Oferta,1058
2023/4 Trimestre,Maia,Valor de Oferta / m2,2312
2023/4 Trimestre,Matosinhos,Fogos em Oferta,2132
2023/4 Trimestre,Matosinhos,Valor de Oferta / m2,3800
2023/4 Trimestre,Porto,Fogos em Oferta,5682
2023/4 Trimestre,Porto,Valor de Oferta / m2,4581
2023/4 Trimestre,Póvoa de Varzim,Fogos em Oferta,255
2023/4 Trimestre,Póvoa de Varzim,Valor de Oferta / m2,2451
2023/4 Trimestre,Valongo,Fogos em Oferta,368
2023/4 Trimestre,Valongo,Valor de Oferta / m2,1953
2023/4 Trimestre,Vila do Conde,Fogos em Oferta,328
2023/4 Trimestre,Vila do Conde,Valor de Oferta / m2,2431
2023/4 Trimestre,Vila Nova de Gaia,Fogos em Oferta,3612
2023/4 Trimestre,Vila Nova de Gaia,Valor de Oferta / m2,3428
2023/4 Trimestre,Alcochete,Valor de Oferta / m2,3516
2023/4 Trimestre,Alcochete,Fogos em Oferta,352
2023/4 Trimestre,Almada,Valor de Oferta / m2,3237
2023/4 Trimestre,Almada,Fogos em Oferta,1461
2023/4 Trimestre,Barreiro,Valor de Oferta / m2,2416
2023/4 Trimestre,Barreiro,Fogos em Oferta,554
2023/4 Trimestre,Moita,Fogos em Oferta,391
2023/4 Trimestre,Moita,Valor de Oferta / m2,1762
2023/4 Trimestre,Montijo,Fogos em Oferta,581
2023/4 Trimestre,Montijo,Valor de Oferta / m2,2463
2023/4 Trimestre,Palmela,Fogos em Oferta,706
2023/4 Trimestre,Palmela,Valor de Oferta / m2,2476
2023/4 Trimestre,Seixal,Fogos em Oferta,1961
2023/4 Trimestre,Seixal,Valor de Oferta / m2,3101
2023/4 Trimestre,Sesimbra,Fogos em Oferta,708
2023/4 Trimestre,Sesimbra,Valor de Oferta / m2,4677
2023/4 Trimestre,Setúbal,Fogos em Oferta,1231
2023/4 Trimestre,Setúbal,Valor de Oferta / m2,2577
2024/1 Trimestre,Espinho,Fogos em Oferta,218
2024/1 Trimestre,Espinho,Valor de Oferta / m2,2989
2024/1 Trimestre,Cascais,Valor de Oferta / m2,6851
2024/1 Trimestre,Cascais,Fogos em Oferta,3706
2024/1 Trimestre,Lisboa,Fogos em Oferta,11677
2024/1 Trimestre,Lisboa,Valor de Oferta / m2,6682
2024/1 Trimestre,Loures,Fogos em Oferta,1360
2024/1 Trimestre,Loures,Valor de Oferta / m2,3173
2024/1 Trimestre,Mafra,Fogos em Oferta,1002
2024/1 Trimestre,Mafra,Valor de Oferta / m2,3204
2024/1 Trimestre,Oeiras,Valor de Oferta / m2,4884
2024/1 Trimestre,Oeiras,Fogos em Oferta,2301
2024/1 Trimestre,Sintra,Valor de Oferta / m2,2878
2024/1 Trimestre,Sintra,Fogos em Oferta,3136
2024/1 Trimestre,Vila Franca de Xira,Fogos em Oferta,1074
2024/1 Trimestre,Vila Franca de Xira,Valor de Oferta / m2,2413
2024/1 Trimestre,Amadora,Fogos em Oferta,1092
2024/1 Trimestre,Amadora,Valor de Oferta / m2,2827
2024/1 Trimestre,Odivelas,Fogos em Oferta,890
2024/1 Trimestre,Odivelas,Valor de Oferta / m2,3110
2024/1 Trimestre,Gondomar,Valor de Oferta / m2,2080
2024/1 Trimestre,Gondomar,Fogos em Oferta,1463
2024/1 Trimestre,Maia,Valor de Oferta / m2,2312
2024/1 Trimestre,Maia,Fogos em Oferta,1298
2024/1 Trimestre,Matosinhos,Valor de Oferta / m2,3610
2024/1 Trimestre,Matosinhos,Fogos em Oferta,1961
2024/1 Trimestre,Porto,Valor de Oferta / m2,4532
2024/1 Trimestre,Porto,Fogos em Oferta,6226
2024/1 Trimestre,Póvoa de Varzim,Valor de Oferta / m2,2495
2024/1 Trimestre,Póvoa de Varzim,Fogos em Oferta,299
2024/1 Trimestre,Valongo,Valor de Oferta / m2,1895
2024/1 Trimestre,Valongo,Fogos em Oferta,479
2024/1 Trimestre,Vila do Conde,Valor de Oferta / m2,2529
2024/1 Trimestre,Vila do Conde,Fogos em Oferta,476
2024/1 Trimestre,Vila Nova de Gaia,Valor de Oferta / m2,3286
2024/1 Trimestre,Vila Nova de Gaia,Fogos em Oferta,4035
2024/1 Trimestre,Alcochete,Valor de Oferta / m2,3647
2024/1 Trimestre,Alcochete,Fogos em Oferta,342
2024/1 Trimestre,Almada,Valor de Oferta / m2,3128
2024/1 Trimestre,Almada,Fogos em Oferta,1828
2024/1 Trimestre,Barreiro,Valor de Oferta / m2,2539
2024/1 Trimestre,Barreiro,Fogos em Oferta,664
2024/1 Trimestre,Moita,Valor de Oferta / m2,1875
2024/1 Trimestre,Moita,Fogos em Oferta,442
2024/1 Trimestre,Montijo,Valor de Oferta / m2,2497
2024/1 Trimestre,Montijo,Fogos em Oferta,700
2024/1 Trimestre,Palmela,Valor de Oferta / m2,2369
2024/1 Trimestre,Palmela,Fogos em Oferta,792
2024/1 Trimestre,Seixal,Valor de Oferta / m2,2952
2024/1 Trimestre,Seixal,Fogos em Oferta,2108
2024/1 Trimestre,Sesimbra,Valor de Oferta / m2,4727
2024/1 Trimestre,Sesimbra,Fogos em Oferta,865
2024/1 Trimestre,Setúbal,Valor de Oferta / m2,2626
2024/1 Trimestre,Setúbal,Fogos em Oferta,1332
2024/2 Trimestre,Espinho,Valor de Oferta / m2,2891
2024/2 Trimestre,Espinho,Fogos em Oferta,196
2024/2 Trimestre,Cascais,Valor de Oferta / m2,7093
2024/2 Trimestre,Cascais,Fogos em Oferta,3990
2024/2 Trimestre,Lisboa,Valor de Oferta / m2,6852
2024/2 Trimestre,Lisboa,Fogos em Oferta,12553
2024/2 Trimestre,Loures,Valor de Oferta / m2,3383
2024/2 Trimestre,Loures,Fogos em Oferta,1770
2024/2 Trimestre,Mafra,Valor de Oferta / m2,3354
2024/2 Trimestre,Mafra,Fogos em Oferta,1035
2024/2 Trimestre,Oeiras,Valor de Oferta / m2,5014
2024/2 Trimestre,Oeiras,Fogos em Oferta,2286
2024/2 Trimestre,Sintra,Valor de Oferta / m2,3048
2024/2 Trimestre,Sintra,Fogos em Oferta,3388
2024/2 Trimestre,Vila Franca de Xira,Valor de Oferta / m2,2438
2024/2 Trimestre,Vila Franca de Xira,Fogos em Oferta,1073
2024/2 Trimestre,Amadora,Valor de Oferta / m2,2849
2024/2 Trimestre,Amadora,Fogos em Oferta,1081
2024/2 Trimestre,Odivelas,Valor de Oferta / m2,3135
2024/2 Trimestre,Odivelas,Fogos em Oferta,945
2024/2 Trimestre,Gondomar,Fogos em Oferta,1292
2024/2 Trimestre,Gondomar,Valor de Oferta / m2,2109
2024/2 Trimestre,Maia,Fogos em Oferta,1288
2024/2 Trimestre,Maia,Valor de Oferta / m2,2367
2024/2 Trimestre,Matosinhos,Fogos em Oferta,1965
2024/2 Trimestre,Matosinhos,Valor de Oferta / m2,3662
2024/2 Trimestre,Porto,Fogos em Oferta,6583
2024/2 Trimestre,Porto,Valor de Oferta / m2,4447
2024/2 Trimestre,Póvoa de Varzim,Valor de Oferta / m2,2617
2024/2 Trimestre,Póvoa de Varzim,Fogos em Oferta,342
2024/2 Trimestre,Valongo,Fogos em Oferta,478
2024/2 Trimestre,Valongo,Valor de Oferta / m2,1979
2024/2 Trimestre,Vila do Conde,Fogos em Oferta,455
2024/2 Trimestre,Vila do Conde,Valor de Oferta / m2,2767
2024/2 Trimestre,Vila Nova de Gaia,Fogos em Oferta,4690
2024/2 Trimestre,Vila Nova de Gaia,Valor de Oferta / m2,3551
2024/2 Trimestre,Alcochete,Valor de Oferta / m2,4098
2024/2 Trimestre,Alcochete,Fogos em Oferta,393
2024/2 Trimestre,Almada,Valor de Oferta / m2,3189
2024/2 Trimestre,Almada,Fogos em Oferta,1782
2024/2 Trimestre,Barreiro,Valor de Oferta / m2,2395
2024/2 Trimestre,Barreiro,Fogos em Oferta,632
2024/2 Trimestre,Moita,Valor de Oferta / m2,1882
2024/2 Trimestre,Moita,Fogos em Oferta,473
2024/2 Trimestre,Montijo,Valor de Oferta / m2,2595
2024/2 Trimestre,Montijo,Fogos em Oferta,841
2024/2 Trimestre,Palmela,Valor de Oferta / m2,2518
2024/2 Trimestre,Palmela,Fogos em Oferta,756
2024/2 Trimestre,Seixal,Fogos em Oferta,2317
2024/2 Trimestre,Seixal,Valor de Oferta / m2,2960
2024/2 Trimestre,Sesimbra,Fogos em Oferta,855
2024/2 Trimestre,Sesimbra,Valor de Oferta / m2,4531
2024/2 Trimestre,Setúbal,Fogos em Oferta,1606
2024/2 Trimestre,Setúbal,Valor de Oferta / m2,2827
2024/3 Trimestre,Espinho,Valor de Oferta / m2,2860
2024/3 Trimestre,Espinho,Fogos em Oferta,198
2024/3 Trimestre,Cascais,Fogos em Oferta,4142
2024/3 Trimestre,Cascais,Valor de Oferta / m2,7260
2024/3 Trimestre,Lisboa,Fogos em Oferta,11637
2024/3 Trimestre,Lisboa,Valor de Oferta / m2,6955
2024/3 Trimestre,Loures,Fogos em Oferta,1548
2024/3 Trimestre,Loures,Valor de Oferta / m2,3330
2024/3 Trimestre,Mafra,Fogos em Oferta,974
2024/3 Trimestre,Mafra,Valor de Oferta / m2,3343
2024/3 Trimestre,Oeiras,Fogos em Oferta,2125
2024/3 Trimestre,Oeiras,Valor de Oferta / m2,5149
2024/3 Trimestre,Sintra,Fogos em Oferta,3330
2024/3 Trimestre,Sintra,Valor de Oferta / m2,3267
2024/3 Trimestre,Vila Franca de Xira,Valor de Oferta / m2,2541
2024/3 Trimestre,Vila Franca de Xira,Fogos em Oferta,1041
2024/3 Trimestre,Amadora,Fogos em Oferta,967
2024/3 Trimestre,Amadora,Valor de Oferta / m2,2907
2024/3 Trimestre,Odivelas,Fogos em Oferta,919
2024/3 Trimestre,Odivelas,Valor de Oferta / m2,3182
2024/3 Trimestre,Gondomar,Fogos em Oferta,1303
2024/3 Trimestre,Gondomar,Valor de Oferta / m2,2130
2024/3 Trimestre,Maia,Fogos em Oferta,1179
2024/3 Trimestre,Maia,Valor de Oferta / m2,2404
2024/3 Trimestre,Matosinhos,Fogos em Oferta,1987
2024/3 Trimestre,Matosinhos,Valor de Oferta / m2,3697
2024/3 Trimestre,Porto,Fogos em Oferta,6729
2024/3 Trimestre,Porto,Valor de Oferta / m2,4628
2024/3 Trimestre,Póvoa de Varzim,Fogos em Oferta,332
2024/3 Trimestre,Póvoa de Varzim,Valor de Oferta / m2,2701
2024/3 Trimestre,Valongo,Fogos em Oferta,503
2024/3 Trimestre,Valongo,Valor de Oferta / m2,2005
2024/3 Trimestre,Vila do Conde,Fogos em Oferta,461
2024/3 Trimestre,Vila do Conde,Valor de Oferta / m2,2887
2024/3 Trimestre,Vila Nova de Gaia,Fogos em Oferta,4797
2024/3 Trimestre,Vila Nova de Gaia,Valor de Oferta / m2,3650
2024/3 Trimestre,Alcochete,Valor de Oferta / m2,4141
2024/3 Trimestre,Alcochete,Fogos em Oferta,354
2024/3 Trimestre,Almada,Valor de Oferta / m2,3210
2024/3 Trimestre,Almada,Fogos em Oferta,1724
2024/3 Trimestre,Barreiro,Valor de Oferta / m2,2424
2024/3 Trimestre,Barreiro,Fogos em Oferta,572
2024/3 Trimestre,Moita,Fogos em Oferta,423
2024/3 Trimestre,Moita,Valor de Oferta / m2,1967
2024/3 Trimestre,Montijo,Valor de Oferta / m2,2724
2024/3 Trimestre,Montijo,Fogos em Oferta,871
2024/3 Trimestre,Palmela,Valor de Oferta / m2,2542
2024/3 Trimestre,Palmela,Fogos em Oferta,746
2024/3 Trimestre,Seixal,Fogos em Oferta,2273
2024/3 Trimestre,Seixal,Valor de Oferta / m2,3118
2024/3 Trimestre,Sesimbra,Fogos em Oferta,901
2024/3 Trimestre,Sesimbra,Valor de Oferta / m2,4274
2024/3 Trimestre,Setúbal,Fogos em Oferta,1564
2024/3 Trimestre,Setúbal,Valor de Oferta / m2,2819
2024/4 Trimestre,Espinho,Valor de Oferta / m2,2818
2024/4 Trimestre,Espinho,Fogos em Oferta,201
2024/4 Trimestre,Cascais,Valor de Oferta / m2,7154
2024/4 Trimestre,Cascais,Fogos em Oferta,3788
2024/4 Trimestre,Lisboa,Valor de Oferta / m2,6910
2024/4 Trimestre,Lisboa,Fogos em Oferta,10111
2024/4 Trimestre,Loures,Valor de Oferta / m2,3435
2024/4 Trimestre,Loures,Fogos em Oferta,1436
2024/4 Trimestre,Mafra,Valor de Oferta / m2,3391
2024/4 Trimestre,Mafra,Fogos em Oferta,902
2024/4 Trimestre,Oeiras,Valor de Oferta / m2,5186
2024/4 Trimestre,Oeiras,Fogos em Oferta,1966
2024/4 Trimestre,Sintra,Valor de Oferta / m2,3135
2024/4 Trimestre,Sintra,Fogos em Oferta,2966
2024/4 Trimestre,Vila Franca de Xira,Valor de Oferta / m2,2703
2024/4 Trimestre,Vila Franca de Xira,Fogos em Oferta,1029
2024/4 Trimestre,Amadora,Valor de Oferta / m2,2988
2024/4 Trimestre,Amadora,Fogos em Oferta,897
2024/4 Trimestre,Odivelas,Valor de Oferta / m2,3273
2024/4 Trimestre,Odivelas,Fogos em Oferta,832
2024/4 Trimestre,Gondomar,Fogos em Oferta,1097
2024/4 Trimestre,Gondomar,Valor de Oferta / m2,2100
2024/4 Trimestre,Maia,Fogos em Oferta,1144
2024/4 Trimestre,Maia,Valor de Oferta / m2,2434
2024/4 Trimestre,Matosinhos,Valor de Oferta / m2,3859
2024/4 Trimestre,Matosinhos,Fogos em Oferta,2014
2024/4 Trimestre,Porto,Fogos em Oferta,6451
2024/4 Trimestre,Porto,Valor de Oferta / m2,4746
2024/4 Trimestre,Póvoa de Varzim,Fogos em Oferta,315
2024/4 Trimestre,Póvoa de Varzim,Valor de Oferta / m2,2766
2024/4 Trimestre,Valongo,Valor de Oferta / m2,2049
2024/4 Trimestre,Valongo,Fogos em Oferta,466
2024/4 Trimestre,Vila do Conde,Valor de Oferta / m2,2774
2024/4 Trimestre,Vila do Conde,Fogos em Oferta,463
2024/4 Trimestre,Vila Nova de Gaia,Valor de Oferta / m2,3662
2024/4 Trimestre,Vila Nova de Gaia,Fogos em Oferta,4433
2024/4 Trimestre,Alcochete,Valor de Oferta / m2,4017
2024/4 Trimestre,Alcochete,Fogos em Oferta,310
2024/4 Trimestre,Almada,Valor de Oferta / m2,3338
2024/4 Trimestre,Almada,Fogos em Oferta,1687
2024/4 Trimestre,Barreiro,Valor de Oferta / m2,2492
2024/4 Trimestre,Barreiro,Fogos em Oferta,530
2024/4 Trimestre,Moita,Valor de Oferta / m2,2024
2024/4 Trimestre,Moita,Fogos em Oferta,418
2024/4 Trimestre,Montijo,Valor de Oferta / m2,2777
2024/4 Trimestre,Montijo,Fogos em Oferta,824
2024/4 Trimestre,Palmela,Valor de Oferta / m2,2566
2024/4 Trimestre,Palmela,Fogos em Oferta,671
2024/4 Trimestre,Seixal,Valor de Oferta / m2,3151
2024/4 Trimestre,Seixal,Fogos em Oferta,2185
2024/4 Trimestre,Sesimbra,Valor de Oferta / m2,4248
2024/4 Trimestre,Sesimbra,Fogos em Oferta,814
2024/4 Trimestre,Setúbal,Valor de Oferta / m2,3025
2024/4 Trimestre,Setúbal,Fogos em Oferta,1542
