data,concelho,var,n
2007/1 Trimestre,Cascais,Fogos Vendidos,1332
2007/1 Trimestre,Lisboa,Fogos Vendidos,3488
2007/1 Trimestre,Loures,Fogos Vendidos,911
2007/1 Trimestre,Oeiras,Fogos Vendidos,988
2007/1 Trimestre,Sintra,Fogos Vendidos,1896
2007/1 Trimestre,Vila Franca de Xira,Fogos Vendidos,821
2007/1 Trimestre,Amadora,Fogos Vendidos,892
2007/1 Trimestre,Odivelas,Fogos Vendidos,747
2007/1 Trimestre,Maia,Fogos Vendidos,718
2007/1 Trimestre,Matosinhos,Fogos Vendidos,918
2007/1 Trimestre,Porto,Fogos Vendidos,1370
2007/1 Trimestre,Vila do Conde,Fogos Vendidos,357
2007/1 Trimestre,Vila Nova de Gaia,Fogos Vendidos,1489
2007/1 Trimestre,Almada,Fogos Vendidos,1185
2007/1 Trimestre,Moita,Fogos Vendidos,331
2007/1 Trimestre,Montijo,Fogos Vendidos,389
2007/1 Trimestre,Palmela,Fogos Vendidos,463
2007/1 Trimestre,Seixal,Fogos Vendidos,858
2007/1 Trimestre,Setúbal,Fogos Vendidos,806
2007/1 Trimestre,Cascais,Preço de Venda / m2,2146
2007/1 Trimestre,Lisboa,Preço de Venda / m2,2310
2007/1 Trimestre,Loures,Preço de Venda / m2,1695
2007/1 Trimestre,Oeiras,Preço de Venda / m2,1781
2007/1 Trimestre,Sintra,Preço de Venda / m2,1203
2007/1 Trimestre,Vila Franca de Xira,Preço de Venda / m2,1475
2007/1 Trimestre,Amadora,Preço de Venda / m2,1543
2007/1 Trimestre,Odivelas,Preço de Venda / m2,1589
2007/1 Trimestre,Almada,Preço de Venda / m2,1491
2007/1 Trimestre,Moita,Preço de Venda / m2,945
2007/1 Trimestre,Montijo,Preço de Venda / m2,1148
2007/1 Trimestre,Palmela,Preço de Venda / m2,988
2007/1 Trimestre,Seixal,Preço de Venda / m2,1512
2007/1 Trimestre,Setúbal,Preço de Venda / m2,1051
2007/1 Trimestre,Maia,Preço de Venda / m2,1313
2007/1 Trimestre,Matosinhos,Preço de Venda / m2,1669
2007/1 Trimestre,Porto,Preço de Venda / m2,1793
2007/1 Trimestre,Vila do Conde,Preço de Venda / m2,948
2007/1 Trimestre,Vila Nova de Gaia,Preço de Venda / m2,1249
2007/2 Trimestre,Cascais,Preço de Venda / m2,1653
2007/2 Trimestre,Lisboa,Preço de Venda / m2,2243
2007/2 Trimestre,Loures,Preço de Venda / m2,1267
2007/2 Trimestre,Mafra,Preço de Venda / m2,1314
2007/2 Trimestre,Oeiras,Preço de Venda / m2,1924
2007/2 Trimestre,Sintra,Preço de Venda / m2,1280
2007/2 Trimestre,Vila Franca de Xira,Preço de Venda / m2,1507
2007/2 Trimestre,Amadora,Preço de Venda / m2,1559
2007/2 Trimestre,Odivelas,Preço de Venda / m2,1649
2007/2 Trimestre,Almada,Preço de Venda / m2,1362
2007/2 Trimestre,Barreiro,Preço de Venda / m2,985
2007/2 Trimestre,Moita,Preço de Venda / m2,957
2007/2 Trimestre,Palmela,Preço de Venda / m2,1077
2007/2 Trimestre,Seixal,Preço de Venda / m2,1547
2007/2 Trimestre,Sesimbra,Preço de Venda / m2,1170
2007/2 Trimestre,Setúbal,Preço de Venda / m2,1109
2007/2 Trimestre,Gondomar,Preço de Venda / m2,764
2007/2 Trimestre,Maia,Preço de Venda / m2,1154
2007/2 Trimestre,Matosinhos,Preço de Venda / m2,1494
2007/2 Trimestre,Porto,Preço de Venda / m2,1750
2007/2 Trimestre,Vila do Conde,Preço de Venda / m2,1149
2007/2 Trimestre,Vila Nova de Gaia,Preço de Venda / m2,1172
2007/2 Trimestre,Cascais,Fogos Vendidos,1353
2007/2 Trimestre,Lisboa,Fogos Vendidos,3511
2007/2 Trimestre,Loures,Fogos Vendidos,1172
2007/2 Trimestre,Mafra,Fogos Vendidos,601
2007/2 Trimestre,Oeiras,Fogos Vendidos,1104
2007/2 Trimestre,Sintra,Fogos Vendidos,2013
2007/2 Trimestre,Vila Franca de Xira,Fogos Vendidos,811
2007/2 Trimestre,Amadora,Fogos Vendidos,900
2007/2 Trimestre,Odivelas,Fogos Vendidos,741
2007/2 Trimestre,Gondomar,Fogos Vendidos,582
2007/2 Trimestre,Maia,Fogos Vendidos,725
2007/2 Trimestre,Matosinhos,Fogos Vendidos,935
2007/2 Trimestre,Porto,Fogos Vendidos,1360
2007/2 Trimestre,Vila do Conde,Fogos Vendidos,388
2007/2 Trimestre,Vila Nova de Gaia,Fogos Vendidos,1654
2007/2 Trimestre,Almada,Fogos Vendidos,1056
2007/2 Trimestre,Barreiro,Fogos Vendidos,420
2007/2 Trimestre,Moita,Fogos Vendidos,293
2007/2 Trimestre,Palmela,Fogos Vendidos,395
2007/2 Trimestre,Seixal,Fogos Vendidos,940
2007/2 Trimestre,Sesimbra,Fogos Vendidos,446
2007/2 Trimestre,Setúbal,Fogos Vendidos,856
2007/3 Trimestre,Cascais,Preço de Venda / m2,1731
2007/3 Trimestre,Lisboa,Preço de Venda / m2,2211
2007/3 Trimestre,Loures,Preço de Venda / m2,1409
2007/3 Trimestre,Oeiras,Preço de Venda / m2,2091
2007/3 Trimestre,Sintra,Preço de Venda / m2,1383
2007/3 Trimestre,Vila Franca de Xira,Preço de Venda / m2,1409
2007/3 Trimestre,Amadora,Preço de Venda / m2,1428
2007/3 Trimestre,Odivelas,Preço de Venda / m2,1617
2007/3 Trimestre,Almada,Preço de Venda / m2,1389
2007/3 Trimestre,Barreiro,Preço de Venda / m2,1161
2007/3 Trimestre,Palmela,Preço de Venda / m2,901
2007/3 Trimestre,Seixal,Preço de Venda / m2,1487
2007/3 Trimestre,Sesimbra,Preço de Venda / m2,1108
2007/3 Trimestre,Setúbal,Preço de Venda / m2,1095
2007/3 Trimestre,Gondomar,Preço de Venda / m2,872
2007/3 Trimestre,Maia,Preço de Venda / m2,1116
2007/3 Trimestre,Matosinhos,Preço de Venda / m2,1617
2007/3 Trimestre,Porto,Preço de Venda / m2,2077
2007/3 Trimestre,Vila do Conde,Preço de Venda / m2,1075
2007/3 Trimestre,Vila Nova de Gaia,Preço de Venda / m2,1076
2007/3 Trimestre,Cascais,Fogos Vendidos,1550
2007/3 Trimestre,Lisboa,Fogos Vendidos,3338
2007/3 Trimestre,Loures,Fogos Vendidos,808
2007/3 Trimestre,Oeiras,Fogos Vendidos,964
2007/3 Trimestre,Sintra,Fogos Vendidos,1913
2007/3 Trimestre,Vila Franca de Xira,Fogos Vendidos,763
2007/3 Trimestre,Amadora,Fogos Vendidos,788
2007/3 Trimestre,Odivelas,Fogos Vendidos,760
2007/3 Trimestre,Gondomar,Fogos Vendidos,601
2007/3 Trimestre,Maia,Fogos Vendidos,682
2007/3 Trimestre,Matosinhos,Fogos Vendidos,1015
2007/3 Trimestre,Porto,Fogos Vendidos,1257
2007/3 Trimestre,Valongo,Fogos Vendidos,384
2007/3 Trimestre,Vila do Conde,Fogos Vendidos,453
2007/3 Trimestre,Vila Nova de Gaia,Fogos Vendidos,2580
2007/3 Trimestre,Almada,Fogos Vendidos,972
2007/3 Trimestre,Barreiro,Fogos Vendidos,394
2007/3 Trimestre,Moita,Fogos Vendidos,362
2007/3 Trimestre,Montijo,Fogos Vendidos,346
2007/3 Trimestre,Palmela,Fogos Vendidos,346
2007/3 Trimestre,Seixal,Fogos Vendidos,876
2007/3 Trimestre,Sesimbra,Fogos Vendidos,443
2007/3 Trimestre,Setúbal,Fogos Vendidos,849
2007/4 Trimestre,Cascais,Preço de Venda / m2,1565
2007/4 Trimestre,Lisboa,Preço de Venda / m2,2291
2007/4 Trimestre,Loures,Preço de Venda / m2,1337
2007/4 Trimestre,Oeiras,Preço de Venda / m2,1951
2007/4 Trimestre,Sintra,Preço de Venda / m2,1496
2007/4 Trimestre,Vila Franca de Xira,Preço de Venda / m2,1438
2007/4 Trimestre,Amadora,Preço de Venda / m2,1316
2007/4 Trimestre,Odivelas,Preço de Venda / m2,1707
2007/4 Trimestre,Alcochete,Preço de Venda / m2,1053
2007/4 Trimestre,Almada,Preço de Venda / m2,1462
2007/4 Trimestre,Barreiro,Preço de Venda / m2,1162
2007/4 Trimestre,Palmela,Preço de Venda / m2,991
2007/4 Trimestre,Seixal,Preço de Venda / m2,1574
2007/4 Trimestre,Sesimbra,Preço de Venda / m2,1250
2007/4 Trimestre,Setúbal,Preço de Venda / m2,1046
2007/4 Trimestre,Gondomar,Preço de Venda / m2,980
2007/4 Trimestre,Maia,Preço de Venda / m2,1047
2007/4 Trimestre,Matosinhos,Preço de Venda / m2,1573
2007/4 Trimestre,Porto,Preço de Venda / m2,1836
2007/4 Trimestre,Vila Nova de Gaia,Preço de Venda / m2,1142
2007/4 Trimestre,Cascais,Fogos Vendidos,1161
2007/4 Trimestre,Lisboa,Fogos Vendidos,4009
2007/4 Trimestre,Loures,Fogos Vendidos,829
2007/4 Trimestre,Oeiras,Fogos Vendidos,1128
2007/4 Trimestre,Sintra,Fogos Vendidos,2022
2007/4 Trimestre,Vila Franca de Xira,Fogos Vendidos,780
2007/4 Trimestre,Amadora,Fogos Vendidos,824
2007/4 Trimestre,Odivelas,Fogos Vendidos,633
2007/4 Trimestre,Gondomar,Fogos Vendidos,548
2007/4 Trimestre,Maia,Fogos Vendidos,742
2007/4 Trimestre,Matosinhos,Fogos Vendidos,1036
2007/4 Trimestre,Porto,Fogos Vendidos,1617
2007/4 Trimestre,Valongo,Fogos Vendidos,499
2007/4 Trimestre,Vila Nova de Gaia,Fogos Vendidos,1590
2007/4 Trimestre,Alcochete,Fogos Vendidos,103
2007/4 Trimestre,Almada,Fogos Vendidos,1048
2007/4 Trimestre,Barreiro,Fogos Vendidos,400
2007/4 Trimestre,Palmela,Fogos Vendidos,335
2007/4 Trimestre,Seixal,Fogos Vendidos,916
2007/4 Trimestre,Sesimbra,Fogos Vendidos,349
2007/4 Trimestre,Setúbal,Fogos Vendidos,919
2008/1 Trimestre,Cascais,Preço de Venda / m2,1605
2008/1 Trimestre,Lisboa,Preço de Venda / m2,2298
2008/1 Trimestre,Loures,Preço de Venda / m2,1333
2008/1 Trimestre,Mafra,Preço de Venda / m2,1202
2008/1 Trimestre,Oeiras,Preço de Venda / m2,1873
2008/1 Trimestre,Sintra,Preço de Venda / m2,1393
2008/1 Trimestre,Vila Franca de Xira,Preço de Venda / m2,1378
2008/1 Trimestre,Amadora,Preço de Venda / m2,1482
2008/1 Trimestre,Odivelas,Preço de Venda / m2,1576
2008/1 Trimestre,Alcochete,Preço de Venda / m2,1061
2008/1 Trimestre,Almada,Preço de Venda / m2,1533
2008/1 Trimestre,Barreiro,Preço de Venda / m2,1182
2008/1 Trimestre,Seixal,Preço de Venda / m2,1474
2008/1 Trimestre,Sesimbra,Preço de Venda / m2,923
2008/1 Trimestre,Setúbal,Preço de Venda / m2,1047
2008/1 Trimestre,Gondomar,Preço de Venda / m2,889
2008/1 Trimestre,Maia,Preço de Venda / m2,1308
2008/1 Trimestre,Matosinhos,Preço de Venda / m2,1526
2008/1 Trimestre,Porto,Preço de Venda / m2,2026
2008/1 Trimestre,Vila Nova de Gaia,Preço de Venda / m2,1214
2008/1 Trimestre,Cascais,Fogos Vendidos,991
2008/1 Trimestre,Lisboa,Fogos Vendidos,3034
2008/1 Trimestre,Loures,Fogos Vendidos,929
2008/1 Trimestre,Mafra,Fogos Vendidos,484
2008/1 Trimestre,Oeiras,Fogos Vendidos,1104
2008/1 Trimestre,Sintra,Fogos Vendidos,1633
2008/1 Trimestre,Vila Franca de Xira,Fogos Vendidos,719
2008/1 Trimestre,Amadora,Fogos Vendidos,669
2008/1 Trimestre,Odivelas,Fogos Vendidos,613
2008/1 Trimestre,Gondomar,Fogos Vendidos,439
2008/1 Trimestre,Maia,Fogos Vendidos,591
2008/1 Trimestre,Matosinhos,Fogos Vendidos,852
2008/1 Trimestre,Porto,Fogos Vendidos,1226
2008/1 Trimestre,Vila Nova de Gaia,Fogos Vendidos,1372
2008/1 Trimestre,Alcochete,Fogos Vendidos,112
2008/1 Trimestre,Almada,Fogos Vendidos,806
2008/1 Trimestre,Barreiro,Fogos Vendidos,367
2008/1 Trimestre,Moita,Fogos Vendidos,311
2008/1 Trimestre,Seixal,Fogos Vendidos,755
2008/1 Trimestre,Sesimbra,Fogos Vendidos,329
2008/1 Trimestre,Setúbal,Fogos Vendidos,900
2008/2 Trimestre,Cascais,Preço de Venda / m2,1663
2008/2 Trimestre,Lisboa,Preço de Venda / m2,2310
2008/2 Trimestre,Loures,Preço de Venda / m2,1437
2008/2 Trimestre,Oeiras,Preço de Venda / m2,1588
2008/2 Trimestre,Sintra,Preço de Venda / m2,1503
2008/2 Trimestre,Vila Franca de Xira,Preço de Venda / m2,1579
2008/2 Trimestre,Amadora,Preço de Venda / m2,1329
2008/2 Trimestre,Odivelas,Preço de Venda / m2,1553
2008/2 Trimestre,Almada,Preço de Venda / m2,1364
2008/2 Trimestre,Seixal,Preço de Venda / m2,1357
2008/2 Trimestre,Sesimbra,Preço de Venda / m2,1089
2008/2 Trimestre,Setúbal,Preço de Venda / m2,1127
2008/2 Trimestre,Gondomar,Preço de Venda / m2,926
2008/2 Trimestre,Maia,Preço de Venda / m2,1104
2008/2 Trimestre,Matosinhos,Preço de Venda / m2,1563
2008/2 Trimestre,Porto,Preço de Venda / m2,1722
2008/2 Trimestre,Vila Nova de Gaia,Preço de Venda / m2,1340
2008/2 Trimestre,Cascais,Fogos Vendidos,1029
2008/2 Trimestre,Lisboa,Fogos Vendidos,3016
2008/2 Trimestre,Loures,Fogos Vendidos,801
2008/2 Trimestre,Mafra,Fogos Vendidos,447
2008/2 Trimestre,Oeiras,Fogos Vendidos,846
2008/2 Trimestre,Sintra,Fogos Vendidos,1640
2008/2 Trimestre,Vila Franca de Xira,Fogos Vendidos,708
2008/2 Trimestre,Amadora,Fogos Vendidos,731
2008/2 Trimestre,Odivelas,Fogos Vendidos,603
2008/2 Trimestre,Gondomar,Fogos Vendidos,485
2008/2 Trimestre,Maia,Fogos Vendidos,618
2008/2 Trimestre,Matosinhos,Fogos Vendidos,742
2008/2 Trimestre,Porto,Fogos Vendidos,1189
2008/2 Trimestre,Vila Nova de Gaia,Fogos Vendidos,1372
2008/2 Trimestre,Almada,Fogos Vendidos,880
2008/2 Trimestre,Palmela,Fogos Vendidos,349
2008/2 Trimestre,Seixal,Fogos Vendidos,798
2008/2 Trimestre,Sesimbra,Fogos Vendidos,348
2008/2 Trimestre,Setúbal,Fogos Vendidos,846
2008/3 Trimestre,Cascais,Preço de Venda / m2,1819
2008/3 Trimestre,Lisboa,Preço de Venda / m2,2111
2008/3 Trimestre,Loures,Preço de Venda / m2,1290
2008/3 Trimestre,Oeiras,Preço de Venda / m2,1707
2008/3 Trimestre,Sintra,Preço de Venda / m2,1220
2008/3 Trimestre,Vila Franca de Xira,Preço de Venda / m2,1457
2008/3 Trimestre,Amadora,Preço de Venda / m2,1464
2008/3 Trimestre,Odivelas,Preço de Venda / m2,1509
2008/3 Trimestre,Almada,Preço de Venda / m2,1397
2008/3 Trimestre,Palmela,Preço de Venda / m2,949
2008/3 Trimestre,Seixal,Preço de Venda / m2,1424
2008/3 Trimestre,Sesimbra,Preço de Venda / m2,1078
2008/3 Trimestre,Setúbal,Preço de Venda / m2,1046
2008/3 Trimestre,Gondomar,Preço de Venda / m2,1008
2008/3 Trimestre,Maia,Preço de Venda / m2,847
2008/3 Trimestre,Matosinhos,Preço de Venda / m2,1427
2008/3 Trimestre,Porto,Preço de Venda / m2,1902
2008/3 Trimestre,Vila do Conde,Preço de Venda / m2,837
2008/3 Trimestre,Vila Nova de Gaia,Preço de Venda / m2,1220
2008/3 Trimestre,Cascais,Fogos Vendidos,961
2008/3 Trimestre,Lisboa,Fogos Vendidos,2620
2008/3 Trimestre,Loures,Fogos Vendidos,882
2008/3 Trimestre,Mafra,Fogos Vendidos,344
2008/3 Trimestre,Oeiras,Fogos Vendidos,717
2008/3 Trimestre,Sintra,Fogos Vendidos,1389
2008/3 Trimestre,Vila Franca de Xira,Fogos Vendidos,521
2008/3 Trimestre,Amadora,Fogos Vendidos,597
2008/3 Trimestre,Odivelas,Fogos Vendidos,484
2008/3 Trimestre,Gondomar,Fogos Vendidos,811
2008/3 Trimestre,Maia,Fogos Vendidos,515
2008/3 Trimestre,Matosinhos,Fogos Vendidos,700
2008/3 Trimestre,Porto,Fogos Vendidos,1147
2008/3 Trimestre,Vila do Conde,Fogos Vendidos,336
2008/3 Trimestre,Vila Nova de Gaia,Fogos Vendidos,1204
2008/3 Trimestre,Almada,Fogos Vendidos,805
2008/3 Trimestre,Palmela,Fogos Vendidos,383
2008/3 Trimestre,Seixal,Fogos Vendidos,658
2008/3 Trimestre,Sesimbra,Fogos Vendidos,261
2008/3 Trimestre,Setúbal,Fogos Vendidos,624
2008/4 Trimestre,Cascais,Preço de Venda / m2,2233
2008/4 Trimestre,Lisboa,Preço de Venda / m2,2095
2008/4 Trimestre,Loures,Preço de Venda / m2,1389
2008/4 Trimestre,Mafra,Preço de Venda / m2,1330
2008/4 Trimestre,Oeiras,Preço de Venda / m2,1827
2008/4 Trimestre,Sintra,Preço de Venda / m2,1189
2008/4 Trimestre,Vila Franca de Xira,Preço de Venda / m2,1594
2008/4 Trimestre,Amadora,Preço de Venda / m2,1251
2008/4 Trimestre,Odivelas,Preço de Venda / m2,1525
2008/4 Trimestre,Almada,Preço de Venda / m2,1476
2008/4 Trimestre,Seixal,Preço de Venda / m2,1332
2008/4 Trimestre,Sesimbra,Preço de Venda / m2,1122
2008/4 Trimestre,Setúbal,Preço de Venda / m2,1167
2008/4 Trimestre,Gondomar,Preço de Venda / m2,1003
2008/4 Trimestre,Maia,Preço de Venda / m2,1027
2008/4 Trimestre,Matosinhos,Preço de Venda / m2,1340
2008/4 Trimestre,Porto,Preço de Venda / m2,1937
2008/4 Trimestre,Vila Nova de Gaia,Preço de Venda / m2,1192
2008/4 Trimestre,Cascais,Fogos Vendidos,857
2008/4 Trimestre,Lisboa,Fogos Vendidos,2749
2008/4 Trimestre,Loures,Fogos Vendidos,644
2008/4 Trimestre,Mafra,Fogos Vendidos,419
2008/4 Trimestre,Oeiras,Fogos Vendidos,1404
2008/4 Trimestre,Sintra,Fogos Vendidos,1380
2008/4 Trimestre,Vila Franca de Xira,Fogos Vendidos,472
2008/4 Trimestre,Amadora,Fogos Vendidos,707
2008/4 Trimestre,Odivelas,Fogos Vendidos,502
2008/4 Trimestre,Gondomar,Fogos Vendidos,459
2008/4 Trimestre,Maia,Fogos Vendidos,479
2008/4 Trimestre,Matosinhos,Fogos Vendidos,751
2008/4 Trimestre,Porto,Fogos Vendidos,1620
2008/4 Trimestre,Vila Nova de Gaia,Fogos Vendidos,1712
2008/4 Trimestre,Almada,Fogos Vendidos,761
2008/4 Trimestre,Seixal,Fogos Vendidos,765
2008/4 Trimestre,Sesimbra,Fogos Vendidos,275
2008/4 Trimestre,Setúbal,Fogos Vendidos,583
2009/1 Trimestre,Cascais,Preço de Venda / m2,2084
2009/1 Trimestre,Lisboa,Preço de Venda / m2,2019
2009/1 Trimestre,Loures,Preço de Venda / m2,1159
2009/1 Trimestre,Oeiras,Preço de Venda / m2,1739
2009/1 Trimestre,Sintra,Preço de Venda / m2,1105
2009/1 Trimestre,Vila Franca de Xira,Preço de Venda / m2,1607
2009/1 Trimestre,Amadora,Preço de Venda / m2,1296
2009/1 Trimestre,Odivelas,Preço de Venda / m2,1349
2009/1 Trimestre,Almada,Preço de Venda / m2,1725
2009/1 Trimestre,Seixal,Preço de Venda / m2,1173
2009/1 Trimestre,Sesimbra,Preço de Venda / m2,1025
2009/1 Trimestre,Setúbal,Preço de Venda / m2,1131
2009/1 Trimestre,Maia,Preço de Venda / m2,1074
2009/1 Trimestre,Matosinhos,Preço de Venda / m2,1069
2009/1 Trimestre,Porto,Preço de Venda / m2,1955
2009/1 Trimestre,Vila Nova de Gaia,Preço de Venda / m2,1190
2009/1 Trimestre,Cascais,Fogos Vendidos,459
2009/1 Trimestre,Lisboa,Fogos Vendidos,1480
2009/1 Trimestre,Loures,Fogos Vendidos,444
2009/1 Trimestre,Oeiras,Fogos Vendidos,332
2009/1 Trimestre,Sintra,Fogos Vendidos,694
2009/1 Trimestre,Vila Franca de Xira,Fogos Vendidos,289
2009/1 Trimestre,Amadora,Fogos Vendidos,351
2009/1 Trimestre,Odivelas,Fogos Vendidos,266
2009/1 Trimestre,Maia,Fogos Vendidos,326
2009/1 Trimestre,Matosinhos,Fogos Vendidos,374
2009/1 Trimestre,Porto,Fogos Vendidos,972
2009/1 Trimestre,Vila Nova de Gaia,Fogos Vendidos,831
2009/1 Trimestre,Almada,Fogos Vendidos,438
2009/1 Trimestre,Seixal,Fogos Vendidos,378
2009/1 Trimestre,Sesimbra,Fogos Vendidos,161
2009/1 Trimestre,Setúbal,Fogos Vendidos,324
2009/2 Trimestre,Cascais,Preço de Venda / m2,2618
2009/2 Trimestre,Lisboa,Preço de Venda / m2,2117
2009/2 Trimestre,Loures,Preço de Venda / m2,1268
2009/2 Trimestre,Mafra,Preço de Venda / m2,1043
2009/2 Trimestre,Oeiras,Preço de Venda / m2,1675
2009/2 Trimestre,Sintra,Preço de Venda / m2,1116
2009/2 Trimestre,Vila Franca de Xira,Preço de Venda / m2,1407
2009/2 Trimestre,Amadora,Preço de Venda / m2,1225
2009/2 Trimestre,Odivelas,Preço de Venda / m2,1288
2009/2 Trimestre,Almada,Preço de Venda / m2,1090
2009/2 Trimestre,Seixal,Preço de Venda / m2,1376
2009/2 Trimestre,Sesimbra,Preço de Venda / m2,893
2009/2 Trimestre,Setúbal,Preço de Venda / m2,1234
2009/2 Trimestre,Gondomar,Preço de Venda / m2,628
2009/2 Trimestre,Matosinhos,Preço de Venda / m2,1504
2009/2 Trimestre,Porto,Preço de Venda / m2,1868
2009/2 Trimestre,Vila Nova de Gaia,Preço de Venda / m2,1106
2009/2 Trimestre,Cascais,Fogos Vendidos,533
2009/2 Trimestre,Lisboa,Fogos Vendidos,1694
2009/2 Trimestre,Loures,Fogos Vendidos,429
2009/2 Trimestre,Mafra,Fogos Vendidos,229
2009/2 Trimestre,Oeiras,Fogos Vendidos,454
2009/2 Trimestre,Sintra,Fogos Vendidos,862
2009/2 Trimestre,Vila Franca de Xira,Fogos Vendidos,343
2009/2 Trimestre,Amadora,Fogos Vendidos,459
2009/2 Trimestre,Odivelas,Fogos Vendidos,418
2009/2 Trimestre,Gondomar,Fogos Vendidos,352
2009/2 Trimestre,Matosinhos,Fogos Vendidos,459
2009/2 Trimestre,Porto,Fogos Vendidos,981
2009/2 Trimestre,Vila Nova de Gaia,Fogos Vendidos,941
2009/2 Trimestre,Almada,Fogos Vendidos,476
2009/2 Trimestre,Seixal,Fogos Vendidos,432
2009/2 Trimestre,Sesimbra,Fogos Vendidos,185
2009/2 Trimestre,Setúbal,Fogos Vendidos,292
2009/3 Trimestre,Cascais,Preço de Venda / m2,2821
2009/3 Trimestre,Lisboa,Preço de Venda / m2,1901
2009/3 Trimestre,Loures,Preço de Venda / m2,1278
2009/3 Trimestre,Oeiras,Preço de Venda / m2,1568
2009/3 Trimestre,Sintra,Preço de Venda / m2,1195
2009/3 Trimestre,Vila Franca de Xira,Preço de Venda / m2,1599
2009/3 Trimestre,Amadora,Preço de Venda / m2,1183
2009/3 Trimestre,Odivelas,Preço de Venda / m2,1327
2009/3 Trimestre,Almada,Preço de Venda / m2,1163
2009/3 Trimestre,Seixal,Preço de Venda / m2,1491
2009/3 Trimestre,Setúbal,Preço de Venda / m2,1042
2009/3 Trimestre,Espinho,Preço de Venda / m2,1092
2009/3 Trimestre,Maia,Preço de Venda / m2,1061
2009/3 Trimestre,Matosinhos,Preço de Venda / m2,1312
2009/3 Trimestre,Porto,Preço de Venda / m2,1706
2009/3 Trimestre,Valongo,Preço de Venda / m2,975
2009/3 Trimestre,Vila Nova de Gaia,Preço de Venda / m2,1191
2009/3 Trimestre,Espinho,Fogos Vendidos,56
2009/3 Trimestre,Cascais,Fogos Vendidos,632
2009/3 Trimestre,Lisboa,Fogos Vendidos,2001
2009/3 Trimestre,Loures,Fogos Vendidos,466
2009/3 Trimestre,Oeiras,Fogos Vendidos,496
2009/3 Trimestre,Sintra,Fogos Vendidos,968
2009/3 Trimestre,Vila Franca de Xira,Fogos Vendidos,343
2009/3 Trimestre,Amadora,Fogos Vendidos,497
2009/3 Trimestre,Odivelas,Fogos Vendidos,423
2009/3 Trimestre,Maia,Fogos Vendidos,401
2009/3 Trimestre,Matosinhos,Fogos Vendidos,558
2009/3 Trimestre,Porto,Fogos Vendidos,1073
2009/3 Trimestre,Valongo,Fogos Vendidos,271
2009/3 Trimestre,Vila Nova de Gaia,Fogos Vendidos,1086
2009/3 Trimestre,Almada,Fogos Vendidos,578
2009/3 Trimestre,Seixal,Fogos Vendidos,496
2009/3 Trimestre,Setúbal,Fogos Vendidos,335
2009/4 Trimestre,Cascais,Preço de Venda / m2,1686
2009/4 Trimestre,Lisboa,Preço de Venda / m2,2274
2009/4 Trimestre,Loures,Preço de Venda / m2,1403
2009/4 Trimestre,Mafra,Preço de Venda / m2,1224
2009/4 Trimestre,Oeiras,Preço de Venda / m2,1553
2009/4 Trimestre,Sintra,Preço de Venda / m2,1102
2009/4 Trimestre,Vila Franca de Xira,Preço de Venda / m2,1457
2009/4 Trimestre,Amadora,Preço de Venda / m2,1395
2009/4 Trimestre,Odivelas,Preço de Venda / m2,1234
2009/4 Trimestre,Almada,Preço de Venda / m2,1233
2009/4 Trimestre,Barreiro,Preço de Venda / m2,1358
2009/4 Trimestre,Moita,Preço de Venda / m2,696
2009/4 Trimestre,Palmela,Preço de Venda / m2,1038
2009/4 Trimestre,Seixal,Preço de Venda / m2,1114
2009/4 Trimestre,Sesimbra,Preço de Venda / m2,976
2009/4 Trimestre,Setúbal,Preço de Venda / m2,995
2009/4 Trimestre,Espinho,Preço de Venda / m2,1124
2009/4 Trimestre,Maia,Preço de Venda / m2,1371
2009/4 Trimestre,Matosinhos,Preço de Venda / m2,1434
2009/4 Trimestre,Porto,Preço de Venda / m2,1697
2009/4 Trimestre,Póvoa de Varzim,Preço de Venda / m2,985
2009/4 Trimestre,Vila Nova de Gaia,Preço de Venda / m2,1277
2009/4 Trimestre,Espinho,Fogos Vendidos,62
2009/4 Trimestre,Cascais,Fogos Vendidos,755
2009/4 Trimestre,Lisboa,Fogos Vendidos,2300
2009/4 Trimestre,Loures,Fogos Vendidos,510
2009/4 Trimestre,Mafra,Fogos Vendidos,260
2009/4 Trimestre,Oeiras,Fogos Vendidos,472
2009/4 Trimestre,Sintra,Fogos Vendidos,976
2009/4 Trimestre,Vila Franca de Xira,Fogos Vendidos,362
2009/4 Trimestre,Amadora,Fogos Vendidos,461
2009/4 Trimestre,Odivelas,Fogos Vendidos,323
2009/4 Trimestre,Maia,Fogos Vendidos,444
2009/4 Trimestre,Matosinhos,Fogos Vendidos,673
2009/4 Trimestre,Porto,Fogos Vendidos,1157
2009/4 Trimestre,Póvoa de Varzim,Fogos Vendidos,189
2009/4 Trimestre,Vila Nova de Gaia,Fogos Vendidos,1065
2009/4 Trimestre,Almada,Fogos Vendidos,537
2009/4 Trimestre,Barreiro,Fogos Vendidos,190
2009/4 Trimestre,Moita,Fogos Vendidos,161
2009/4 Trimestre,Palmela,Fogos Vendidos,204
2009/4 Trimestre,Seixal,Fogos Vendidos,466
2009/4 Trimestre,Sesimbra,Fogos Vendidos,271
2009/4 Trimestre,Setúbal,Fogos Vendidos,301
2010/1 Trimestre,Cascais,Preço de Venda / m2,1709
2010/1 Trimestre,Lisboa,Preço de Venda / m2,2218
2010/1 Trimestre,Loures,Preço de Venda / m2,1326
2010/1 Trimestre,Mafra,Preço de Venda / m2,928
2010/1 Trimestre,Oeiras,Preço de Venda / m2,1581
2010/1 Trimestre,Sintra,Preço de Venda / m2,1116
2010/1 Trimestre,Vila Franca de Xira,Preço de Venda / m2,1390
2010/1 Trimestre,Amadora,Preço de Venda / m2,1235
2010/1 Trimestre,Odivelas,Preço de Venda / m2,1609
2010/1 Trimestre,Almada,Preço de Venda / m2,1148
2010/1 Trimestre,Barreiro,Preço de Venda / m2,977
2010/1 Trimestre,Moita,Preço de Venda / m2,1144
2010/1 Trimestre,Montijo,Preço de Venda / m2,1082
2010/1 Trimestre,Palmela,Preço de Venda / m2,996
2010/1 Trimestre,Seixal,Preço de Venda / m2,1121
2010/1 Trimestre,Sesimbra,Preço de Venda / m2,1196
2010/1 Trimestre,Setúbal,Preço de Venda / m2,1113
2010/1 Trimestre,Maia,Preço de Venda / m2,1310
2010/1 Trimestre,Matosinhos,Preço de Venda / m2,1561
2010/1 Trimestre,Porto,Preço de Venda / m2,1793
2010/1 Trimestre,Vila Nova de Gaia,Preço de Venda / m2,1311
2010/1 Trimestre,Cascais,Fogos Vendidos,655
2010/1 Trimestre,Lisboa,Fogos Vendidos,2303
2010/1 Trimestre,Loures,Fogos Vendidos,498
2010/1 Trimestre,Mafra,Fogos Vendidos,284
2010/1 Trimestre,Oeiras,Fogos Vendidos,610
2010/1 Trimestre,Sintra,Fogos Vendidos,969
2010/1 Trimestre,Vila Franca de Xira,Fogos Vendidos,408
2010/1 Trimestre,Amadora,Fogos Vendidos,489
2010/1 Trimestre,Odivelas,Fogos Vendidos,428
2010/1 Trimestre,Maia,Fogos Vendidos,389
2010/1 Trimestre,Matosinhos,Fogos Vendidos,604
2010/1 Trimestre,Porto,Fogos Vendidos,1105
2010/1 Trimestre,Vila Nova de Gaia,Fogos Vendidos,1134
2010/1 Trimestre,Almada,Fogos Vendidos,571
2010/1 Trimestre,Barreiro,Fogos Vendidos,235
2010/1 Trimestre,Moita,Fogos Vendidos,160
2010/1 Trimestre,Montijo,Fogos Vendidos,167
2010/1 Trimestre,Palmela,Fogos Vendidos,230
2010/1 Trimestre,Seixal,Fogos Vendidos,507
2010/1 Trimestre,Sesimbra,Fogos Vendidos,243
2010/1 Trimestre,Setúbal,Fogos Vendidos,348
2010/2 Trimestre,Cascais,Preço de Venda / m2,1759
2010/2 Trimestre,Lisboa,Preço de Venda / m2,2245
2010/2 Trimestre,Loures,Preço de Venda / m2,1376
2010/2 Trimestre,Mafra,Preço de Venda / m2,833
2010/2 Trimestre,Oeiras,Preço de Venda / m2,1713
2010/2 Trimestre,Sintra,Preço de Venda / m2,1138
2010/2 Trimestre,Vila Franca de Xira,Preço de Venda / m2,1479
2010/2 Trimestre,Amadora,Preço de Venda / m2,1300
2010/2 Trimestre,Odivelas,Preço de Venda / m2,1374
2010/2 Trimestre,Almada,Preço de Venda / m2,1102
2010/2 Trimestre,Barreiro,Preço de Venda / m2,1064
2010/2 Trimestre,Moita,Preço de Venda / m2,1128
2010/2 Trimestre,Montijo,Preço de Venda / m2,1071
2010/2 Trimestre,Palmela,Preço de Venda / m2,941
2010/2 Trimestre,Seixal,Preço de Venda / m2,1288
2010/2 Trimestre,Sesimbra,Preço de Venda / m2,1102
2010/2 Trimestre,Setúbal,Preço de Venda / m2,1157
2010/2 Trimestre,Maia,Preço de Venda / m2,1272
2010/2 Trimestre,Matosinhos,Preço de Venda / m2,1359
2010/2 Trimestre,Porto,Preço de Venda / m2,1941
2010/2 Trimestre,Vila Nova de Gaia,Preço de Venda / m2,1326
2010/2 Trimestre,Cascais,Fogos Vendidos,697
2010/2 Trimestre,Lisboa,Fogos Vendidos,2060
2010/2 Trimestre,Loures,Fogos Vendidos,689
2010/2 Trimestre,Mafra,Fogos Vendidos,257
2010/2 Trimestre,Oeiras,Fogos Vendidos,641
2010/2 Trimestre,Sintra,Fogos Vendidos,974
2010/2 Trimestre,Vila Franca de Xira,Fogos Vendidos,463
2010/2 Trimestre,Amadora,Fogos Vendidos,539
2010/2 Trimestre,Odivelas,Fogos Vendidos,438
2010/2 Trimestre,Maia,Fogos Vendidos,499
2010/2 Trimestre,Matosinhos,Fogos Vendidos,608
2010/2 Trimestre,Porto,Fogos Vendidos,1149
2010/2 Trimestre,Vila Nova de Gaia,Fogos Vendidos,1062
2010/2 Trimestre,Almada,Fogos Vendidos,573
2010/2 Trimestre,Barreiro,Fogos Vendidos,269
2010/2 Trimestre,Moita,Fogos Vendidos,166
2010/2 Trimestre,Montijo,Fogos Vendidos,228
2010/2 Trimestre,Palmela,Fogos Vendidos,248
2010/2 Trimestre,Seixal,Fogos Vendidos,558
2010/2 Trimestre,Sesimbra,Fogos Vendidos,244
2010/2 Trimestre,Setúbal,Fogos Vendidos,351
2010/3 Trimestre,Cascais,Preço de Venda / m2,1619
2010/3 Trimestre,Lisboa,Preço de Venda / m2,2104
2010/3 Trimestre,Loures,Preço de Venda / m2,1276
2010/3 Trimestre,Mafra,Preço de Venda / m2,1316
2010/3 Trimestre,Oeiras,Preço de Venda / m2,1610
2010/3 Trimestre,Sintra,Preço de Venda / m2,1182
2010/3 Trimestre,Vila Franca de Xira,Preço de Venda / m2,1223
2010/3 Trimestre,Amadora,Preço de Venda / m2,1309
2010/3 Trimestre,Odivelas,Preço de Venda / m2,1326
2010/3 Trimestre,Almada,Preço de Venda / m2,1351
2010/3 Trimestre,Montijo,Preço de Venda / m2,1030
2010/3 Trimestre,Palmela,Preço de Venda / m2,1088
2010/3 Trimestre,Seixal,Preço de Venda / m2,1246
2010/3 Trimestre,Sesimbra,Preço de Venda / m2,1189
2010/3 Trimestre,Setúbal,Preço de Venda / m2,1104
2010/3 Trimestre,Maia,Preço de Venda / m2,1342
2010/3 Trimestre,Matosinhos,Preço de Venda / m2,1302
2010/3 Trimestre,Porto,Preço de Venda / m2,1890
2010/3 Trimestre,Póvoa de Varzim,Preço de Venda / m2,910
2010/3 Trimestre,Vila do Conde,Preço de Venda / m2,1100
2010/3 Trimestre,Vila Nova de Gaia,Preço de Venda / m2,1384
2010/3 Trimestre,Cascais,Fogos Vendidos,606
2010/3 Trimestre,Lisboa,Fogos Vendidos,1816
2010/3 Trimestre,Loures,Fogos Vendidos,575
2010/3 Trimestre,Mafra,Fogos Vendidos,284
2010/3 Trimestre,Oeiras,Fogos Vendidos,505
2010/3 Trimestre,Sintra,Fogos Vendidos,936
2010/3 Trimestre,Vila Franca de Xira,Fogos Vendidos,373
2010/3 Trimestre,Amadora,Fogos Vendidos,435
2010/3 Trimestre,Odivelas,Fogos Vendidos,337
2010/3 Trimestre,Maia,Fogos Vendidos,407
2010/3 Trimestre,Matosinhos,Fogos Vendidos,541
2010/3 Trimestre,Porto,Fogos Vendidos,1130
2010/3 Trimestre,Póvoa de Varzim,Fogos Vendidos,262
2010/3 Trimestre,Vila do Conde,Fogos Vendidos,232
2010/3 Trimestre,Vila Nova de Gaia,Fogos Vendidos,991
2010/3 Trimestre,Almada,Fogos Vendidos,576
2010/3 Trimestre,Montijo,Fogos Vendidos,195
2010/3 Trimestre,Palmela,Fogos Vendidos,153
2010/3 Trimestre,Seixal,Fogos Vendidos,455
2010/3 Trimestre,Sesimbra,Fogos Vendidos,188
2010/3 Trimestre,Setúbal,Fogos Vendidos,364
2010/4 Trimestre,Cascais,Preço de Venda / m2,1784
2010/4 Trimestre,Lisboa,Preço de Venda / m2,2092
2010/4 Trimestre,Loures,Preço de Venda / m2,1206
2010/4 Trimestre,Mafra,Preço de Venda / m2,789
2010/4 Trimestre,Oeiras,Preço de Venda / m2,1625
2010/4 Trimestre,Sintra,Preço de Venda / m2,1038
2010/4 Trimestre,Vila Franca de Xira,Preço de Venda / m2,1233
2010/4 Trimestre,Amadora,Preço de Venda / m2,1278
2010/4 Trimestre,Odivelas,Preço de Venda / m2,1217
2010/4 Trimestre,Almada,Preço de Venda / m2,1240
2010/4 Trimestre,Montijo,Preço de Venda / m2,1309
2010/4 Trimestre,Palmela,Preço de Venda / m2,857
2010/4 Trimestre,Seixal,Preço de Venda / m2,1378
2010/4 Trimestre,Sesimbra,Preço de Venda / m2,1663
2010/4 Trimestre,Setúbal,Preço de Venda / m2,1014
2010/4 Trimestre,Matosinhos,Preço de Venda / m2,1396
2010/4 Trimestre,Porto,Preço de Venda / m2,1870
2010/4 Trimestre,Vila Nova de Gaia,Preço de Venda / m2,1360
2010/4 Trimestre,Cascais,Fogos Vendidos,709
2010/4 Trimestre,Lisboa,Fogos Vendidos,2040
2010/4 Trimestre,Loures,Fogos Vendidos,491
2010/4 Trimestre,Mafra,Fogos Vendidos,248
2010/4 Trimestre,Oeiras,Fogos Vendidos,477
2010/4 Trimestre,Sintra,Fogos Vendidos,893
2010/4 Trimestre,Vila Franca de Xira,Fogos Vendidos,332
2010/4 Trimestre,Amadora,Fogos Vendidos,395
2010/4 Trimestre,Odivelas,Fogos Vendidos,341
2010/4 Trimestre,Matosinhos,Fogos Vendidos,595
2010/4 Trimestre,Porto,Fogos Vendidos,1173
2010/4 Trimestre,Vila Nova de Gaia,Fogos Vendidos,1039
2010/4 Trimestre,Almada,Fogos Vendidos,453
2010/4 Trimestre,Montijo,Fogos Vendidos,174
2010/4 Trimestre,Palmela,Fogos Vendidos,161
2010/4 Trimestre,Seixal,Fogos Vendidos,415
2010/4 Trimestre,Sesimbra,Fogos Vendidos,235
2010/4 Trimestre,Setúbal,Fogos Vendidos,410
2011/1 Trimestre,Cascais,Preço de Venda / m2,1589
2011/1 Trimestre,Lisboa,Preço de Venda / m2,1922
2011/1 Trimestre,Loures,Preço de Venda / m2,1169
2011/1 Trimestre,Mafra,Preço de Venda / m2,1114
2011/1 Trimestre,Oeiras,Preço de Venda / m2,1414
2011/1 Trimestre,Sintra,Preço de Venda / m2,965
2011/1 Trimestre,Vila Franca de Xira,Preço de Venda / m2,1099
2011/1 Trimestre,Amadora,Preço de Venda / m2,1217
2011/1 Trimestre,Odivelas,Preço de Venda / m2,1274
2011/1 Trimestre,Almada,Preço de Venda / m2,1083
2011/1 Trimestre,Barreiro,Preço de Venda / m2,765
2011/1 Trimestre,Montijo,Preço de Venda / m2,956
2011/1 Trimestre,Palmela,Preço de Venda / m2,847
2011/1 Trimestre,Seixal,Preço de Venda / m2,1103
2011/1 Trimestre,Sesimbra,Preço de Venda / m2,1070
2011/1 Trimestre,Setúbal,Preço de Venda / m2,937
2011/1 Trimestre,Gondomar,Preço de Venda / m2,723
2011/1 Trimestre,Maia,Preço de Venda / m2,895
2011/1 Trimestre,Matosinhos,Preço de Venda / m2,1226
2011/1 Trimestre,Porto,Preço de Venda / m2,1418
2011/1 Trimestre,Vila do Conde,Preço de Venda / m2,853
2011/1 Trimestre,Vila Nova de Gaia,Preço de Venda / m2,1085
2011/1 Trimestre,Cascais,Fogos Vendidos,455
2011/1 Trimestre,Lisboa,Fogos Vendidos,1602
2011/1 Trimestre,Loures,Fogos Vendidos,396
2011/1 Trimestre,Mafra,Fogos Vendidos,173
2011/1 Trimestre,Oeiras,Fogos Vendidos,431
2011/1 Trimestre,Sintra,Fogos Vendidos,764
2011/1 Trimestre,Vila Franca de Xira,Fogos Vendidos,295
2011/1 Trimestre,Amadora,Fogos Vendidos,318
2011/1 Trimestre,Odivelas,Fogos Vendidos,275
2011/1 Trimestre,Gondomar,Fogos Vendidos,304
2011/1 Trimestre,Maia,Fogos Vendidos,312
2011/1 Trimestre,Matosinhos,Fogos Vendidos,542
2011/1 Trimestre,Porto,Fogos Vendidos,880
2011/1 Trimestre,Vila do Conde,Fogos Vendidos,198
2011/1 Trimestre,Vila Nova de Gaia,Fogos Vendidos,751
2011/1 Trimestre,Almada,Fogos Vendidos,389
2011/1 Trimestre,Barreiro,Fogos Vendidos,186
2011/1 Trimestre,Moita,Fogos Vendidos,125
2011/1 Trimestre,Montijo,Fogos Vendidos,134
2011/1 Trimestre,Palmela,Fogos Vendidos,168
2011/1 Trimestre,Seixal,Fogos Vendidos,311
2011/1 Trimestre,Sesimbra,Fogos Vendidos,153
2011/1 Trimestre,Setúbal,Fogos Vendidos,225
2011/2 Trimestre,Cascais,Preço de Venda / m2,1488
2011/2 Trimestre,Lisboa,Preço de Venda / m2,1879
2011/2 Trimestre,Loures,Preço de Venda / m2,1247
2011/2 Trimestre,Mafra,Preço de Venda / m2,1055
2011/2 Trimestre,Oeiras,Preço de Venda / m2,1455
2011/2 Trimestre,Sintra,Preço de Venda / m2,975
2011/2 Trimestre,Vila Franca de Xira,Preço de Venda / m2,1060
2011/2 Trimestre,Amadora,Preço de Venda / m2,1156
2011/2 Trimestre,Odivelas,Preço de Venda / m2,1177
2011/2 Trimestre,Almada,Preço de Venda / m2,1056
2011/2 Trimestre,Barreiro,Preço de Venda / m2,927
2011/2 Trimestre,Montijo,Preço de Venda / m2,893
2011/2 Trimestre,Palmela,Preço de Venda / m2,1164
2011/2 Trimestre,Seixal,Preço de Venda / m2,1045
2011/2 Trimestre,Sesimbra,Preço de Venda / m2,916
2011/2 Trimestre,Setúbal,Preço de Venda / m2,931
2011/2 Trimestre,Gondomar,Preço de Venda / m2,728
2011/2 Trimestre,Maia,Preço de Venda / m2,785
2011/2 Trimestre,Matosinhos,Preço de Venda / m2,1301
2011/2 Trimestre,Porto,Preço de Venda / m2,1253
2011/2 Trimestre,Póvoa de Varzim,Preço de Venda / m2,1034
2011/2 Trimestre,Valongo,Preço de Venda / m2,666
2011/2 Trimestre,Vila Nova de Gaia,Preço de Venda / m2,1008
2011/2 Trimestre,Cascais,Fogos Vendidos,481
2011/2 Trimestre,Lisboa,Fogos Vendidos,1593
2011/2 Trimestre,Loures,Fogos Vendidos,347
2011/2 Trimestre,Mafra,Fogos Vendidos,175
2011/2 Trimestre,Oeiras,Fogos Vendidos,403
2011/2 Trimestre,Sintra,Fogos Vendidos,708
2011/2 Trimestre,Vila Franca de Xira,Fogos Vendidos,275
2011/2 Trimestre,Amadora,Fogos Vendidos,304
2011/2 Trimestre,Odivelas,Fogos Vendidos,215
2011/2 Trimestre,Gondomar,Fogos Vendidos,343
2011/2 Trimestre,Maia,Fogos Vendidos,265
2011/2 Trimestre,Matosinhos,Fogos Vendidos,472
2011/2 Trimestre,Porto,Fogos Vendidos,874
2011/2 Trimestre,Póvoa de Varzim,Fogos Vendidos,186
2011/2 Trimestre,Valongo,Fogos Vendidos,232
2011/2 Trimestre,Vila Nova de Gaia,Fogos Vendidos,813
2011/2 Trimestre,Almada,Fogos Vendidos,411
2011/2 Trimestre,Barreiro,Fogos Vendidos,162
2011/2 Trimestre,Montijo,Fogos Vendidos,120
2011/2 Trimestre,Palmela,Fogos Vendidos,129
2011/2 Trimestre,Seixal,Fogos Vendidos,299
2011/2 Trimestre,Sesimbra,Fogos Vendidos,170
2011/2 Trimestre,Setúbal,Fogos Vendidos,229
2011/3 Trimestre,Cascais,Preço de Venda / m2,1481
2011/3 Trimestre,Lisboa,Preço de Venda / m2,1851
2011/3 Trimestre,Loures,Preço de Venda / m2,1340
2011/3 Trimestre,Mafra,Preço de Venda / m2,956
2011/3 Trimestre,Oeiras,Preço de Venda / m2,1361
2011/3 Trimestre,Sintra,Preço de Venda / m2,917
2011/3 Trimestre,Vila Franca de Xira,Preço de Venda / m2,1021
2011/3 Trimestre,Amadora,Preço de Venda / m2,1105
2011/3 Trimestre,Odivelas,Preço de Venda / m2,1273
2011/3 Trimestre,Almada,Preço de Venda / m2,966
2011/3 Trimestre,Barreiro,Preço de Venda / m2,711
2011/3 Trimestre,Moita,Preço de Venda / m2,596
2011/3 Trimestre,Montijo,Preço de Venda / m2,826
2011/3 Trimestre,Palmela,Preço de Venda / m2,1069
2011/3 Trimestre,Seixal,Preço de Venda / m2,937
2011/3 Trimestre,Sesimbra,Preço de Venda / m2,1713
2011/3 Trimestre,Setúbal,Preço de Venda / m2,810
2011/3 Trimestre,Maia,Preço de Venda / m2,930
2011/3 Trimestre,Matosinhos,Preço de Venda / m2,1277
2011/3 Trimestre,Porto,Preço de Venda / m2,1674
2011/3 Trimestre,Póvoa de Varzim,Preço de Venda / m2,939
2011/3 Trimestre,Vila do Conde,Preço de Venda / m2,730
2011/3 Trimestre,Vila Nova de Gaia,Preço de Venda / m2,899
2011/3 Trimestre,Cascais,Fogos Vendidos,328
2011/3 Trimestre,Lisboa,Fogos Vendidos,1146
2011/3 Trimestre,Loures,Fogos Vendidos,215
2011/3 Trimestre,Mafra,Fogos Vendidos,140
2011/3 Trimestre,Oeiras,Fogos Vendidos,293
2011/3 Trimestre,Sintra,Fogos Vendidos,542
2011/3 Trimestre,Vila Franca de Xira,Fogos Vendidos,253
2011/3 Trimestre,Amadora,Fogos Vendidos,225
2011/3 Trimestre,Odivelas,Fogos Vendidos,192
2011/3 Trimestre,Maia,Fogos Vendidos,245
2011/3 Trimestre,Matosinhos,Fogos Vendidos,414
2011/3 Trimestre,Porto,Fogos Vendidos,907
2011/3 Trimestre,Póvoa de Varzim,Fogos Vendidos,209
2011/3 Trimestre,Vila do Conde,Fogos Vendidos,220
2011/3 Trimestre,Vila Nova de Gaia,Fogos Vendidos,708
2011/3 Trimestre,Almada,Fogos Vendidos,297
2011/3 Trimestre,Barreiro,Fogos Vendidos,123
2011/3 Trimestre,Moita,Fogos Vendidos,75
2011/3 Trimestre,Montijo,Fogos Vendidos,124
2011/3 Trimestre,Palmela,Fogos Vendidos,121
2011/3 Trimestre,Seixal,Fogos Vendidos,254
2011/3 Trimestre,Sesimbra,Fogos Vendidos,135
2011/3 Trimestre,Setúbal,Fogos Vendidos,192
2011/4 Trimestre,Cascais,Preço de Venda / m2,1419
2011/4 Trimestre,Lisboa,Preço de Venda / m2,1770
2011/4 Trimestre,Loures,Preço de Venda / m2,1349
2011/4 Trimestre,Mafra,Preço de Venda / m2,1049
2011/4 Trimestre,Oeiras,Preço de Venda / m2,1354
2011/4 Trimestre,Sintra,Preço de Venda / m2,954
2011/4 Trimestre,Vila Franca de Xira,Preço de Venda / m2,1208
2011/4 Trimestre,Amadora,Preço de Venda / m2,960
2011/4 Trimestre,Odivelas,Preço de Venda / m2,1126
2011/4 Trimestre,Almada,Preço de Venda / m2,1282
2011/4 Trimestre,Montijo,Preço de Venda / m2,1055
2011/4 Trimestre,Palmela,Preço de Venda / m2,883
2011/4 Trimestre,Seixal,Preço de Venda / m2,1053
2011/4 Trimestre,Setúbal,Preço de Venda / m2,784
2011/4 Trimestre,Gondomar,Preço de Venda / m2,699
2011/4 Trimestre,Maia,Preço de Venda / m2,834
2011/4 Trimestre,Matosinhos,Preço de Venda / m2,1175
2011/4 Trimestre,Porto,Preço de Venda / m2,1202
2011/4 Trimestre,Póvoa de Varzim,Preço de Venda / m2,719
2011/4 Trimestre,Valongo,Preço de Venda / m2,518
2011/4 Trimestre,Vila do Conde,Preço de Venda / m2,619
2011/4 Trimestre,Vila Nova de Gaia,Preço de Venda / m2,856
2011/4 Trimestre,Cascais,Fogos Vendidos,406
2011/4 Trimestre,Lisboa,Fogos Vendidos,1375
2011/4 Trimestre,Loures,Fogos Vendidos,234
2011/4 Trimestre,Mafra,Fogos Vendidos,164
2011/4 Trimestre,Oeiras,Fogos Vendidos,256
2011/4 Trimestre,Sintra,Fogos Vendidos,580
2011/4 Trimestre,Vila Franca de Xira,Fogos Vendidos,208
2011/4 Trimestre,Amadora,Fogos Vendidos,223
2011/4 Trimestre,Odivelas,Fogos Vendidos,188
2011/4 Trimestre,Gondomar,Fogos Vendidos,233
2011/4 Trimestre,Maia,Fogos Vendidos,280
2011/4 Trimestre,Matosinhos,Fogos Vendidos,339
2011/4 Trimestre,Porto,Fogos Vendidos,1421
2011/4 Trimestre,Póvoa de Varzim,Fogos Vendidos,154
2011/4 Trimestre,Valongo,Fogos Vendidos,172
2011/4 Trimestre,Vila do Conde,Fogos Vendidos,144
2011/4 Trimestre,Vila Nova de Gaia,Fogos Vendidos,562
2011/4 Trimestre,Almada,Fogos Vendidos,340
2011/4 Trimestre,Montijo,Fogos Vendidos,117
2011/4 Trimestre,Palmela,Fogos Vendidos,88
2011/4 Trimestre,Seixal,Fogos Vendidos,296
2011/4 Trimestre,Setúbal,Fogos Vendidos,190
2012/1 Trimestre,Cascais,Preço de Venda / m2,1422
2012/1 Trimestre,Lisboa,Preço de Venda / m2,1712
2012/1 Trimestre,Loures,Preço de Venda / m2,1048
2012/1 Trimestre,Mafra,Preço de Venda / m2,972
2012/1 Trimestre,Oeiras,Preço de Venda / m2,1407
2012/1 Trimestre,Sintra,Preço de Venda / m2,934
2012/1 Trimestre,Vila Franca de Xira,Preço de Venda / m2,1104
2012/1 Trimestre,Amadora,Preço de Venda / m2,1022
2012/1 Trimestre,Odivelas,Preço de Venda / m2,1158
2012/1 Trimestre,Almada,Preço de Venda / m2,1003
2012/1 Trimestre,Barreiro,Preço de Venda / m2,608
2012/1 Trimestre,Seixal,Preço de Venda / m2,921
2012/1 Trimestre,Setúbal,Preço de Venda / m2,873
2012/1 Trimestre,Maia,Preço de Venda / m2,708
2012/1 Trimestre,Matosinhos,Preço de Venda / m2,1118
2012/1 Trimestre,Porto,Preço de Venda / m2,1255
2012/1 Trimestre,Póvoa de Varzim,Preço de Venda / m2,816
2012/1 Trimestre,Valongo,Preço de Venda / m2,720
2012/1 Trimestre,Vila do Conde,Preço de Venda / m2,668
2012/1 Trimestre,Vila Nova de Gaia,Preço de Venda / m2,987
2012/1 Trimestre,Cascais,Fogos Vendidos,273
2012/1 Trimestre,Lisboa,Fogos Vendidos,1153
2012/1 Trimestre,Loures,Fogos Vendidos,251
2012/1 Trimestre,Mafra,Fogos Vendidos,93
2012/1 Trimestre,Oeiras,Fogos Vendidos,211
2012/1 Trimestre,Sintra,Fogos Vendidos,484
2012/1 Trimestre,Vila Franca de Xira,Fogos Vendidos,170
2012/1 Trimestre,Amadora,Fogos Vendidos,226
2012/1 Trimestre,Odivelas,Fogos Vendidos,131
2012/1 Trimestre,Maia,Fogos Vendidos,190
2012/1 Trimestre,Matosinhos,Fogos Vendidos,398
2012/1 Trimestre,Porto,Fogos Vendidos,828
2012/1 Trimestre,Póvoa de Varzim,Fogos Vendidos,175
2012/1 Trimestre,Valongo,Fogos Vendidos,150
2012/1 Trimestre,Vila do Conde,Fogos Vendidos,175
2012/1 Trimestre,Vila Nova de Gaia,Fogos Vendidos,535
2012/1 Trimestre,Almada,Fogos Vendidos,248
2012/1 Trimestre,Barreiro,Fogos Vendidos,100
2012/1 Trimestre,Seixal,Fogos Vendidos,196
2012/1 Trimestre,Setúbal,Fogos Vendidos,297
2012/2 Trimestre,Cascais,Preço de Venda / m2,1452
2012/2 Trimestre,Lisboa,Preço de Venda / m2,1752
2012/2 Trimestre,Loures,Preço de Venda / m2,1039
2012/2 Trimestre,Mafra,Preço de Venda / m2,909
2012/2 Trimestre,Oeiras,Preço de Venda / m2,1333
2012/2 Trimestre,Sintra,Preço de Venda / m2,943
2012/2 Trimestre,Vila Franca de Xira,Preço de Venda / m2,1055
2012/2 Trimestre,Amadora,Preço de Venda / m2,905
2012/2 Trimestre,Odivelas,Preço de Venda / m2,987
2012/2 Trimestre,Almada,Preço de Venda / m2,938
2012/2 Trimestre,Barreiro,Preço de Venda / m2,836
2012/2 Trimestre,Seixal,Preço de Venda / m2,838
2012/2 Trimestre,Sesimbra,Preço de Venda / m2,1112
2012/2 Trimestre,Setúbal,Preço de Venda / m2,831
2012/2 Trimestre,Maia,Preço de Venda / m2,802
2012/2 Trimestre,Matosinhos,Preço de Venda / m2,1167
2012/2 Trimestre,Porto,Preço de Venda / m2,1210
2012/2 Trimestre,Póvoa de Varzim,Preço de Venda / m2,1025
2012/2 Trimestre,Valongo,Preço de Venda / m2,640
2012/2 Trimestre,Vila do Conde,Preço de Venda / m2,810
2012/2 Trimestre,Vila Nova de Gaia,Preço de Venda / m2,830
2012/2 Trimestre,Cascais,Fogos Vendidos,295
2012/2 Trimestre,Lisboa,Fogos Vendidos,1163
2012/2 Trimestre,Loures,Fogos Vendidos,232
2012/2 Trimestre,Mafra,Fogos Vendidos,156
2012/2 Trimestre,Oeiras,Fogos Vendidos,233
2012/2 Trimestre,Sintra,Fogos Vendidos,573
2012/2 Trimestre,Vila Franca de Xira,Fogos Vendidos,156
2012/2 Trimestre,Amadora,Fogos Vendidos,287
2012/2 Trimestre,Odivelas,Fogos Vendidos,157
2012/2 Trimestre,Maia,Fogos Vendidos,281
2012/2 Trimestre,Matosinhos,Fogos Vendidos,314
2012/2 Trimestre,Porto,Fogos Vendidos,771
2012/2 Trimestre,Póvoa de Varzim,Fogos Vendidos,186
2012/2 Trimestre,Valongo,Fogos Vendidos,199
2012/2 Trimestre,Vila do Conde,Fogos Vendidos,180
2012/2 Trimestre,Vila Nova de Gaia,Fogos Vendidos,758
2012/2 Trimestre,Almada,Fogos Vendidos,288
2012/2 Trimestre,Barreiro,Fogos Vendidos,123
2012/2 Trimestre,Seixal,Fogos Vendidos,213
2012/2 Trimestre,Sesimbra,Fogos Vendidos,99
2012/2 Trimestre,Setúbal,Fogos Vendidos,186
2012/3 Trimestre,Cascais,Preço de Venda / m2,1424
2012/3 Trimestre,Lisboa,Preço de Venda / m2,1713
2012/3 Trimestre,Loures,Preço de Venda / m2,1137
2012/3 Trimestre,Mafra,Preço de Venda / m2,946
2012/3 Trimestre,Oeiras,Preço de Venda / m2,1326
2012/3 Trimestre,Sintra,Preço de Venda / m2,818
2012/3 Trimestre,Vila Franca de Xira,Preço de Venda / m2,979
2012/3 Trimestre,Amadora,Preço de Venda / m2,1001
2012/3 Trimestre,Odivelas,Preço de Venda / m2,1032
2012/3 Trimestre,Almada,Preço de Venda / m2,905
2012/3 Trimestre,Palmela,Preço de Venda / m2,922
2012/3 Trimestre,Seixal,Preço de Venda / m2,981
2012/3 Trimestre,Sesimbra,Preço de Venda / m2,1067
2012/3 Trimestre,Setúbal,Preço de Venda / m2,808
2012/3 Trimestre,Gondomar,Preço de Venda / m2,872
2012/3 Trimestre,Maia,Preço de Venda / m2,688
2012/3 Trimestre,Matosinhos,Preço de Venda / m2,946
2012/3 Trimestre,Porto,Preço de Venda / m2,976
2012/3 Trimestre,Póvoa de Varzim,Preço de Venda / m2,1086
2012/3 Trimestre,Valongo,Preço de Venda / m2,606
2012/3 Trimestre,Vila Nova de Gaia,Preço de Venda / m2,876
2012/3 Trimestre,Cascais,Fogos Vendidos,291
2012/3 Trimestre,Lisboa,Fogos Vendidos,1038
2012/3 Trimestre,Loures,Fogos Vendidos,217
2012/3 Trimestre,Mafra,Fogos Vendidos,127
2012/3 Trimestre,Oeiras,Fogos Vendidos,190
2012/3 Trimestre,Sintra,Fogos Vendidos,445
2012/3 Trimestre,Vila Franca de Xira,Fogos Vendidos,141
2012/3 Trimestre,Amadora,Fogos Vendidos,216
2012/3 Trimestre,Odivelas,Fogos Vendidos,131
2012/3 Trimestre,Gondomar,Fogos Vendidos,214
2012/3 Trimestre,Maia,Fogos Vendidos,231
2012/3 Trimestre,Matosinhos,Fogos Vendidos,361
2012/3 Trimestre,Porto,Fogos Vendidos,631
2012/3 Trimestre,Póvoa de Varzim,Fogos Vendidos,170
2012/3 Trimestre,Valongo,Fogos Vendidos,208
2012/3 Trimestre,Vila Nova de Gaia,Fogos Vendidos,540
2012/3 Trimestre,Almada,Fogos Vendidos,244
2012/3 Trimestre,Palmela,Fogos Vendidos,75
2012/3 Trimestre,Seixal,Fogos Vendidos,228
2012/3 Trimestre,Sesimbra,Fogos Vendidos,108
2012/3 Trimestre,Setúbal,Fogos Vendidos,174
2012/4 Trimestre,Cascais,Preço de Venda / m2,1342
2012/4 Trimestre,Lisboa,Preço de Venda / m2,1634
2012/4 Trimestre,Loures,Preço de Venda / m2,1050
2012/4 Trimestre,Mafra,Preço de Venda / m2,773
2012/4 Trimestre,Oeiras,Preço de Venda / m2,1277
2012/4 Trimestre,Sintra,Preço de Venda / m2,787
2012/4 Trimestre,Vila Franca de Xira,Preço de Venda / m2,1084
2012/4 Trimestre,Amadora,Preço de Venda / m2,1085
2012/4 Trimestre,Odivelas,Preço de Venda / m2,922
2012/4 Trimestre,Almada,Preço de Venda / m2,867
2012/4 Trimestre,Seixal,Preço de Venda / m2,882
2012/4 Trimestre,Sesimbra,Preço de Venda / m2,671
2012/4 Trimestre,Setúbal,Preço de Venda / m2,627
2012/4 Trimestre,Maia,Preço de Venda / m2,703
2012/4 Trimestre,Matosinhos,Preço de Venda / m2,1132
2012/4 Trimestre,Porto,Preço de Venda / m2,1181
2012/4 Trimestre,Póvoa de Varzim,Preço de Venda / m2,904
2012/4 Trimestre,Valongo,Preço de Venda / m2,521
2012/4 Trimestre,Vila Nova de Gaia,Preço de Venda / m2,862
2012/4 Trimestre,Cascais,Fogos Vendidos,317
2012/4 Trimestre,Lisboa,Fogos Vendidos,1223
2012/4 Trimestre,Loures,Fogos Vendidos,215
2012/4 Trimestre,Mafra,Fogos Vendidos,114
2012/4 Trimestre,Oeiras,Fogos Vendidos,236
2012/4 Trimestre,Sintra,Fogos Vendidos,611
2012/4 Trimestre,Vila Franca de Xira,Fogos Vendidos,202
2012/4 Trimestre,Amadora,Fogos Vendidos,243
2012/4 Trimestre,Odivelas,Fogos Vendidos,143
2012/4 Trimestre,Maia,Fogos Vendidos,272
2012/4 Trimestre,Matosinhos,Fogos Vendidos,338
2012/4 Trimestre,Porto,Fogos Vendidos,718
2012/4 Trimestre,Póvoa de Varzim,Fogos Vendidos,154
2012/4 Trimestre,Valongo,Fogos Vendidos,167
2012/4 Trimestre,Vila Nova de Gaia,Fogos Vendidos,526
2012/4 Trimestre,Almada,Fogos Vendidos,271
2012/4 Trimestre,Barreiro,Fogos Vendidos,108
2012/4 Trimestre,Moita,Fogos Vendidos,96
2012/4 Trimestre,Seixal,Fogos Vendidos,253
2012/4 Trimestre,Sesimbra,Fogos Vendidos,116
2012/4 Trimestre,Setúbal,Fogos Vendidos,259
2013/1 Trimestre,Cascais,Preço de Venda / m2,1393
2013/1 Trimestre,Lisboa,Preço de Venda / m2,1558
2013/1 Trimestre,Loures,Preço de Venda / m2,1043
2013/1 Trimestre,Mafra,Preço de Venda / m2,797
2013/1 Trimestre,Oeiras,Preço de Venda / m2,1239
2013/1 Trimestre,Sintra,Preço de Venda / m2,882
2013/1 Trimestre,Vila Franca de Xira,Preço de Venda / m2,720
2013/1 Trimestre,Amadora,Preço de Venda / m2,981
2013/1 Trimestre,Odivelas,Preço de Venda / m2,1032
2013/1 Trimestre,Almada,Preço de Venda / m2,854
2013/1 Trimestre,Barreiro,Preço de Venda / m2,747
2013/1 Trimestre,Montijo,Preço de Venda / m2,587
2013/1 Trimestre,Palmela,Preço de Venda / m2,625
2013/1 Trimestre,Seixal,Preço de Venda / m2,770
2013/1 Trimestre,Setúbal,Preço de Venda / m2,633
2013/1 Trimestre,Maia,Preço de Venda / m2,791
2013/1 Trimestre,Matosinhos,Preço de Venda / m2,865
2013/1 Trimestre,Porto,Preço de Venda / m2,1129
2013/1 Trimestre,Valongo,Preço de Venda / m2,497
2013/1 Trimestre,Vila Nova de Gaia,Preço de Venda / m2,826
2013/1 Trimestre,Cascais,Fogos Vendidos,236
2013/1 Trimestre,Lisboa,Fogos Vendidos,938
2013/1 Trimestre,Loures,Fogos Vendidos,187
2013/1 Trimestre,Mafra,Fogos Vendidos,114
2013/1 Trimestre,Oeiras,Fogos Vendidos,207
2013/1 Trimestre,Sintra,Fogos Vendidos,464
2013/1 Trimestre,Vila Franca de Xira,Fogos Vendidos,152
2013/1 Trimestre,Amadora,Fogos Vendidos,172
2013/1 Trimestre,Odivelas,Fogos Vendidos,146
2013/1 Trimestre,Maia,Fogos Vendidos,190
2013/1 Trimestre,Matosinhos,Fogos Vendidos,241
2013/1 Trimestre,Porto,Fogos Vendidos,590
2013/1 Trimestre,Valongo,Fogos Vendidos,144
2013/1 Trimestre,Vila Nova de Gaia,Fogos Vendidos,513
2013/1 Trimestre,Almada,Fogos Vendidos,396
2013/1 Trimestre,Barreiro,Fogos Vendidos,86
2013/1 Trimestre,Montijo,Fogos Vendidos,70
2013/1 Trimestre,Palmela,Fogos Vendidos,97
2013/1 Trimestre,Seixal,Fogos Vendidos,204
2013/1 Trimestre,Setúbal,Fogos Vendidos,161
2013/2 Trimestre,Cascais,Preço de Venda / m2,1340
2013/2 Trimestre,Lisboa,Preço de Venda / m2,1658
2013/2 Trimestre,Loures,Preço de Venda / m2,1397
2013/2 Trimestre,Mafra,Preço de Venda / m2,849
2013/2 Trimestre,Oeiras,Preço de Venda / m2,1146
2013/2 Trimestre,Sintra,Preço de Venda / m2,817
2013/2 Trimestre,Vila Franca de Xira,Preço de Venda / m2,1028
2013/2 Trimestre,Amadora,Preço de Venda / m2,911
2013/2 Trimestre,Odivelas,Preço de Venda / m2,917
2013/2 Trimestre,Alcochete,Preço de Venda / m2,829
2013/2 Trimestre,Almada,Preço de Venda / m2,855
2013/2 Trimestre,Barreiro,Preço de Venda / m2,626
2013/2 Trimestre,Montijo,Preço de Venda / m2,805
2013/2 Trimestre,Seixal,Preço de Venda / m2,886
2013/2 Trimestre,Sesimbra,Preço de Venda / m2,759
2013/2 Trimestre,Setúbal,Preço de Venda / m2,608
2013/2 Trimestre,Maia,Preço de Venda / m2,682
2013/2 Trimestre,Matosinhos,Preço de Venda / m2,1027
2013/2 Trimestre,Porto,Preço de Venda / m2,1090
2013/2 Trimestre,Póvoa de Varzim,Preço de Venda / m2,857
2013/2 Trimestre,Valongo,Preço de Venda / m2,478
2013/2 Trimestre,Vila do Conde,Preço de Venda / m2,776
2013/2 Trimestre,Vila Nova de Gaia,Preço de Venda / m2,932
2013/2 Trimestre,Cascais,Fogos Vendidos,337
2013/2 Trimestre,Lisboa,Fogos Vendidos,1389
2013/2 Trimestre,Loures,Fogos Vendidos,240
2013/2 Trimestre,Mafra,Fogos Vendidos,119
2013/2 Trimestre,Oeiras,Fogos Vendidos,240
2013/2 Trimestre,Sintra,Fogos Vendidos,604
2013/2 Trimestre,Vila Franca de Xira,Fogos Vendidos,228
2013/2 Trimestre,Amadora,Fogos Vendidos,266
2013/2 Trimestre,Odivelas,Fogos Vendidos,179
2013/2 Trimestre,Maia,Fogos Vendidos,245
2013/2 Trimestre,Matosinhos,Fogos Vendidos,329
2013/2 Trimestre,Porto,Fogos Vendidos,737
2013/2 Trimestre,Póvoa de Varzim,Fogos Vendidos,171
2013/2 Trimestre,Valongo,Fogos Vendidos,159
2013/2 Trimestre,Vila do Conde,Fogos Vendidos,166
2013/2 Trimestre,Vila Nova de Gaia,Fogos Vendidos,642
2013/2 Trimestre,Alcochete,Fogos Vendidos,54
2013/2 Trimestre,Almada,Fogos Vendidos,279
2013/2 Trimestre,Barreiro,Fogos Vendidos,117
2013/2 Trimestre,Montijo,Fogos Vendidos,118
2013/2 Trimestre,Palmela,Fogos Vendidos,126
2013/2 Trimestre,Seixal,Fogos Vendidos,244
2013/2 Trimestre,Sesimbra,Fogos Vendidos,121
2013/2 Trimestre,Setúbal,Fogos Vendidos,234
2013/3 Trimestre,Cascais,Preço de Venda / m2,1318
2013/3 Trimestre,Lisboa,Preço de Venda / m2,1923
2013/3 Trimestre,Loures,Preço de Venda / m2,1411
2013/3 Trimestre,Mafra,Preço de Venda / m2,1034
2013/3 Trimestre,Oeiras,Preço de Venda / m2,1106
2013/3 Trimestre,Sintra,Preço de Venda / m2,745
2013/3 Trimestre,Vila Franca de Xira,Preço de Venda / m2,1115
2013/3 Trimestre,Amadora,Preço de Venda / m2,939
2013/3 Trimestre,Odivelas,Preço de Venda / m2,1001
2013/3 Trimestre,Almada,Preço de Venda / m2,836
2013/3 Trimestre,Montijo,Preço de Venda / m2,767
2013/3 Trimestre,Palmela,Preço de Venda / m2,735
2013/3 Trimestre,Seixal,Preço de Venda / m2,906
2013/3 Trimestre,Sesimbra,Preço de Venda / m2,950
2013/3 Trimestre,Setúbal,Preço de Venda / m2,659
2013/3 Trimestre,Maia,Preço de Venda / m2,625
2013/3 Trimestre,Matosinhos,Preço de Venda / m2,967
2013/3 Trimestre,Porto,Preço de Venda / m2,1093
2013/3 Trimestre,Póvoa de Varzim,Preço de Venda / m2,921
2013/3 Trimestre,Valongo,Preço de Venda / m2,534
2013/3 Trimestre,Vila Nova de Gaia,Preço de Venda / m2,888
2013/3 Trimestre,Cascais,Fogos Vendidos,455
2013/3 Trimestre,Lisboa,Fogos Vendidos,1404
2013/3 Trimestre,Loures,Fogos Vendidos,241
2013/3 Trimestre,Mafra,Fogos Vendidos,136
2013/3 Trimestre,Oeiras,Fogos Vendidos,259
2013/3 Trimestre,Sintra,Fogos Vendidos,562
2013/3 Trimestre,Vila Franca de Xira,Fogos Vendidos,177
2013/3 Trimestre,Amadora,Fogos Vendidos,231
2013/3 Trimestre,Odivelas,Fogos Vendidos,157
2013/3 Trimestre,Maia,Fogos Vendidos,225
2013/3 Trimestre,Matosinhos,Fogos Vendidos,342
2013/3 Trimestre,Porto,Fogos Vendidos,768
2013/3 Trimestre,Póvoa de Varzim,Fogos Vendidos,162
2013/3 Trimestre,Valongo,Fogos Vendidos,138
2013/3 Trimestre,Vila Nova de Gaia,Fogos Vendidos,602
2013/3 Trimestre,Almada,Fogos Vendidos,308
2013/3 Trimestre,Montijo,Fogos Vendidos,122
2013/3 Trimestre,Palmela,Fogos Vendidos,103
2013/3 Trimestre,Seixal,Fogos Vendidos,258
2013/3 Trimestre,Sesimbra,Fogos Vendidos,127
2013/3 Trimestre,Setúbal,Fogos Vendidos,212
2013/4 Trimestre,Cascais,Preço de Venda / m2,1401
2013/4 Trimestre,Lisboa,Preço de Venda / m2,1934
2013/4 Trimestre,Loures,Preço de Venda / m2,1606
2013/4 Trimestre,Mafra,Preço de Venda / m2,821
2013/4 Trimestre,Oeiras,Preço de Venda / m2,1254
2013/4 Trimestre,Sintra,Preço de Venda / m2,768
2013/4 Trimestre,Vila Franca de Xira,Preço de Venda / m2,1105
2013/4 Trimestre,Amadora,Preço de Venda / m2,969
2013/4 Trimestre,Odivelas,Preço de Venda / m2,1017
2013/4 Trimestre,Almada,Preço de Venda / m2,894
2013/4 Trimestre,Montijo,Preço de Venda / m2,672
2013/4 Trimestre,Palmela,Preço de Venda / m2,649
2013/4 Trimestre,Seixal,Preço de Venda / m2,809
2013/4 Trimestre,Sesimbra,Preço de Venda / m2,769
2013/4 Trimestre,Setúbal,Preço de Venda / m2,728
2013/4 Trimestre,Gondomar,Preço de Venda / m2,629
2013/4 Trimestre,Maia,Preço de Venda / m2,725
2013/4 Trimestre,Matosinhos,Preço de Venda / m2,1040
2013/4 Trimestre,Porto,Preço de Venda / m2,1205
2013/4 Trimestre,Póvoa de Varzim,Preço de Venda / m2,677
2013/4 Trimestre,Valongo,Preço de Venda / m2,457
2013/4 Trimestre,Vila Nova de Gaia,Preço de Venda / m2,940
2013/4 Trimestre,Cascais,Fogos Vendidos,545
2013/4 Trimestre,Lisboa,Fogos Vendidos,1766
2013/4 Trimestre,Loures,Fogos Vendidos,294
2013/4 Trimestre,Mafra,Fogos Vendidos,171
2013/4 Trimestre,Oeiras,Fogos Vendidos,377
2013/4 Trimestre,Sintra,Fogos Vendidos,725
2013/4 Trimestre,Vila Franca de Xira,Fogos Vendidos,224
2013/4 Trimestre,Amadora,Fogos Vendidos,299
2013/4 Trimestre,Odivelas,Fogos Vendidos,229
2013/4 Trimestre,Gondomar,Fogos Vendidos,239
2013/4 Trimestre,Maia,Fogos Vendidos,315
2013/4 Trimestre,Matosinhos,Fogos Vendidos,400
2013/4 Trimestre,Porto,Fogos Vendidos,976
2013/4 Trimestre,Póvoa de Varzim,Fogos Vendidos,154
2013/4 Trimestre,Valongo,Fogos Vendidos,148
2013/4 Trimestre,Vila Nova de Gaia,Fogos Vendidos,770
2013/4 Trimestre,Almada,Fogos Vendidos,297
2013/4 Trimestre,Barreiro,Fogos Vendidos,184
2013/4 Trimestre,Montijo,Fogos Vendidos,141
2013/4 Trimestre,Palmela,Fogos Vendidos,111
2013/4 Trimestre,Seixal,Fogos Vendidos,299
2013/4 Trimestre,Sesimbra,Fogos Vendidos,129
2013/4 Trimestre,Setúbal,Fogos Vendidos,297
2014/1 Trimestre,Cascais,Preço de Venda / m2,1373
2014/1 Trimestre,Lisboa,Preço de Venda / m2,1928
2014/1 Trimestre,Loures,Preço de Venda / m2,1785
2014/1 Trimestre,Mafra,Preço de Venda / m2,813
2014/1 Trimestre,Oeiras,Preço de Venda / m2,1345
2014/1 Trimestre,Sintra,Preço de Venda / m2,821
2014/1 Trimestre,Vila Franca de Xira,Preço de Venda / m2,1161
2014/1 Trimestre,Amadora,Preço de Venda / m2,969
2014/1 Trimestre,Odivelas,Preço de Venda / m2,1098
2014/1 Trimestre,Almada,Preço de Venda / m2,877
2014/1 Trimestre,Barreiro,Preço de Venda / m2,773
2014/1 Trimestre,Montijo,Preço de Venda / m2,653
2014/1 Trimestre,Palmela,Preço de Venda / m2,1002
2014/1 Trimestre,Seixal,Preço de Venda / m2,903
2014/1 Trimestre,Sesimbra,Preço de Venda / m2,859
2014/1 Trimestre,Setúbal,Preço de Venda / m2,683
2014/1 Trimestre,Gondomar,Preço de Venda / m2,556
2014/1 Trimestre,Maia,Preço de Venda / m2,738
2014/1 Trimestre,Matosinhos,Preço de Venda / m2,948
2014/1 Trimestre,Porto,Preço de Venda / m2,1272
2014/1 Trimestre,Póvoa de Varzim,Preço de Venda / m2,768
2014/1 Trimestre,Valongo,Preço de Venda / m2,498
2014/1 Trimestre,Vila Nova de Gaia,Preço de Venda / m2,766
2014/1 Trimestre,Cascais,Fogos Vendidos,392
2014/1 Trimestre,Lisboa,Fogos Vendidos,1533
2014/1 Trimestre,Loures,Fogos Vendidos,266
2014/1 Trimestre,Mafra,Fogos Vendidos,113
2014/1 Trimestre,Oeiras,Fogos Vendidos,305
2014/1 Trimestre,Sintra,Fogos Vendidos,501
2014/1 Trimestre,Vila Franca de Xira,Fogos Vendidos,185
2014/1 Trimestre,Amadora,Fogos Vendidos,223
2014/1 Trimestre,Odivelas,Fogos Vendidos,189
2014/1 Trimestre,Gondomar,Fogos Vendidos,234
2014/1 Trimestre,Maia,Fogos Vendidos,189
2014/1 Trimestre,Matosinhos,Fogos Vendidos,285
2014/1 Trimestre,Porto,Fogos Vendidos,668
2014/1 Trimestre,Póvoa de Varzim,Fogos Vendidos,122
2014/1 Trimestre,Valongo,Fogos Vendidos,131
2014/1 Trimestre,Vila Nova de Gaia,Fogos Vendidos,490
2014/1 Trimestre,Almada,Fogos Vendidos,347
2014/1 Trimestre,Barreiro,Fogos Vendidos,101
2014/1 Trimestre,Montijo,Fogos Vendidos,95
2014/1 Trimestre,Palmela,Fogos Vendidos,109
2014/1 Trimestre,Seixal,Fogos Vendidos,240
2014/1 Trimestre,Sesimbra,Fogos Vendidos,129
2014/1 Trimestre,Setúbal,Fogos Vendidos,178
2014/2 Trimestre,Cascais,Preço de Venda / m2,1524
2014/2 Trimestre,Lisboa,Preço de Venda / m2,1871
2014/2 Trimestre,Loures,Preço de Venda / m2,1171
2014/2 Trimestre,Mafra,Preço de Venda / m2,812
2014/2 Trimestre,Oeiras,Preço de Venda / m2,1221
2014/2 Trimestre,Sintra,Preço de Venda / m2,793
2014/2 Trimestre,Vila Franca de Xira,Preço de Venda / m2,1058
2014/2 Trimestre,Amadora,Preço de Venda / m2,988
2014/2 Trimestre,Odivelas,Preço de Venda / m2,1085
2014/2 Trimestre,Almada,Preço de Venda / m2,901
2014/2 Trimestre,Barreiro,Preço de Venda / m2,615
2014/2 Trimestre,Palmela,Preço de Venda / m2,770
2014/2 Trimestre,Seixal,Preço de Venda / m2,884
2014/2 Trimestre,Sesimbra,Preço de Venda / m2,867
2014/2 Trimestre,Setúbal,Preço de Venda / m2,713
2014/2 Trimestre,Gondomar,Preço de Venda / m2,807
2014/2 Trimestre,Maia,Preço de Venda / m2,770
2014/2 Trimestre,Matosinhos,Preço de Venda / m2,1256
2014/2 Trimestre,Porto,Preço de Venda / m2,1171
2014/2 Trimestre,Vila Nova de Gaia,Preço de Venda / m2,848
2014/2 Trimestre,Cascais,Fogos Vendidos,406
2014/2 Trimestre,Lisboa,Fogos Vendidos,1831
2014/2 Trimestre,Loures,Fogos Vendidos,250
2014/2 Trimestre,Mafra,Fogos Vendidos,111
2014/2 Trimestre,Oeiras,Fogos Vendidos,291
2014/2 Trimestre,Sintra,Fogos Vendidos,535
2014/2 Trimestre,Vila Franca de Xira,Fogos Vendidos,182
2014/2 Trimestre,Amadora,Fogos Vendidos,271
2014/2 Trimestre,Odivelas,Fogos Vendidos,146
2014/2 Trimestre,Gondomar,Fogos Vendidos,178
2014/2 Trimestre,Maia,Fogos Vendidos,188
2014/2 Trimestre,Matosinhos,Fogos Vendidos,362
2014/2 Trimestre,Porto,Fogos Vendidos,752
2014/2 Trimestre,Vila Nova de Gaia,Fogos Vendidos,652
2014/2 Trimestre,Almada,Fogos Vendidos,277
2014/2 Trimestre,Barreiro,Fogos Vendidos,97
2014/2 Trimestre,Palmela,Fogos Vendidos,85
2014/2 Trimestre,Seixal,Fogos Vendidos,248
2014/2 Trimestre,Sesimbra,Fogos Vendidos,134
2014/2 Trimestre,Setúbal,Fogos Vendidos,195
2014/3 Trimestre,Cascais,Preço de Venda / m2,1503
2014/3 Trimestre,Lisboa,Preço de Venda / m2,1956
2014/3 Trimestre,Loures,Preço de Venda / m2,1096
2014/3 Trimestre,Mafra,Preço de Venda / m2,978
2014/3 Trimestre,Oeiras,Preço de Venda / m2,1325
2014/3 Trimestre,Sintra,Preço de Venda / m2,811
2014/3 Trimestre,Vila Franca de Xira,Preço de Venda / m2,1044
2014/3 Trimestre,Amadora,Preço de Venda / m2,1031
2014/3 Trimestre,Odivelas,Preço de Venda / m2,1082
2014/3 Trimestre,Almada,Preço de Venda / m2,874
2014/3 Trimestre,Barreiro,Preço de Venda / m2,589
2014/3 Trimestre,Palmela,Preço de Venda / m2,801
2014/3 Trimestre,Seixal,Preço de Venda / m2,788
2014/3 Trimestre,Sesimbra,Preço de Venda / m2,939
2014/3 Trimestre,Setúbal,Preço de Venda / m2,804
2014/3 Trimestre,Gondomar,Preço de Venda / m2,563
2014/3 Trimestre,Maia,Preço de Venda / m2,717
2014/3 Trimestre,Matosinhos,Preço de Venda / m2,1049
2014/3 Trimestre,Porto,Preço de Venda / m2,1225
2014/3 Trimestre,Póvoa de Varzim,Preço de Venda / m2,893
2014/3 Trimestre,Valongo,Preço de Venda / m2,604
2014/3 Trimestre,Vila do Conde,Preço de Venda / m2,804
2014/3 Trimestre,Vila Nova de Gaia,Preço de Venda / m2,877
2014/3 Trimestre,Cascais,Fogos Vendidos,469
2014/3 Trimestre,Lisboa,Fogos Vendidos,1729
2014/3 Trimestre,Loures,Fogos Vendidos,280
2014/3 Trimestre,Mafra,Fogos Vendidos,139
2014/3 Trimestre,Oeiras,Fogos Vendidos,281
2014/3 Trimestre,Sintra,Fogos Vendidos,538
2014/3 Trimestre,Vila Franca de Xira,Fogos Vendidos,145
2014/3 Trimestre,Amadora,Fogos Vendidos,201
2014/3 Trimestre,Odivelas,Fogos Vendidos,196
2014/3 Trimestre,Gondomar,Fogos Vendidos,231
2014/3 Trimestre,Maia,Fogos Vendidos,226
2014/3 Trimestre,Matosinhos,Fogos Vendidos,312
2014/3 Trimestre,Porto,Fogos Vendidos,821
2014/3 Trimestre,Póvoa de Varzim,Fogos Vendidos,156
2014/3 Trimestre,Valongo,Fogos Vendidos,163
2014/3 Trimestre,Vila do Conde,Fogos Vendidos,139
2014/3 Trimestre,Vila Nova de Gaia,Fogos Vendidos,600
2014/3 Trimestre,Almada,Fogos Vendidos,287
2014/3 Trimestre,Barreiro,Fogos Vendidos,108
2014/3 Trimestre,Palmela,Fogos Vendidos,90
2014/3 Trimestre,Seixal,Fogos Vendidos,236
2014/3 Trimestre,Sesimbra,Fogos Vendidos,120
2014/3 Trimestre,Setúbal,Fogos Vendidos,182
2014/4 Trimestre,Cascais,Preço de Venda / m2,1436
2014/4 Trimestre,Lisboa,Preço de Venda / m2,1964
2014/4 Trimestre,Loures,Preço de Venda / m2,1165
2014/4 Trimestre,Mafra,Preço de Venda / m2,987
2014/4 Trimestre,Oeiras,Preço de Venda / m2,1306
2014/4 Trimestre,Sintra,Preço de Venda / m2,877
2014/4 Trimestre,Vila Franca de Xira,Preço de Venda / m2,1044
2014/4 Trimestre,Amadora,Preço de Venda / m2,985
2014/4 Trimestre,Odivelas,Preço de Venda / m2,1145
2014/4 Trimestre,Almada,Preço de Venda / m2,1054
2014/4 Trimestre,Barreiro,Preço de Venda / m2,691
2014/4 Trimestre,Palmela,Preço de Venda / m2,859
2014/4 Trimestre,Seixal,Preço de Venda / m2,868
2014/4 Trimestre,Sesimbra,Preço de Venda / m2,956
2014/4 Trimestre,Setúbal,Preço de Venda / m2,717
2014/4 Trimestre,Gondomar,Preço de Venda / m2,657
2014/4 Trimestre,Maia,Preço de Venda / m2,741
2014/4 Trimestre,Matosinhos,Preço de Venda / m2,951
2014/4 Trimestre,Porto,Preço de Venda / m2,1223
2014/4 Trimestre,Póvoa de Varzim,Preço de Venda / m2,947
2014/4 Trimestre,Valongo,Preço de Venda / m2,581
2014/4 Trimestre,Vila do Conde,Preço de Venda / m2,697
2014/4 Trimestre,Vila Nova de Gaia,Preço de Venda / m2,875
2014/4 Trimestre,Cascais,Fogos Vendidos,529
2014/4 Trimestre,Lisboa,Fogos Vendidos,2111
2014/4 Trimestre,Loures,Fogos Vendidos,286
2014/4 Trimestre,Mafra,Fogos Vendidos,208
2014/4 Trimestre,Oeiras,Fogos Vendidos,404
2014/4 Trimestre,Sintra,Fogos Vendidos,653
2014/4 Trimestre,Vila Franca de Xira,Fogos Vendidos,201
2014/4 Trimestre,Amadora,Fogos Vendidos,312
2014/4 Trimestre,Odivelas,Fogos Vendidos,170
2014/4 Trimestre,Gondomar,Fogos Vendidos,276
2014/4 Trimestre,Maia,Fogos Vendidos,228
2014/4 Trimestre,Matosinhos,Fogos Vendidos,418
2014/4 Trimestre,Porto,Fogos Vendidos,967
2014/4 Trimestre,Póvoa de Varzim,Fogos Vendidos,204
2014/4 Trimestre,Valongo,Fogos Vendidos,180
2014/4 Trimestre,Vila do Conde,Fogos Vendidos,164
2014/4 Trimestre,Vila Nova de Gaia,Fogos Vendidos,745
2014/4 Trimestre,Almada,Fogos Vendidos,289
2014/4 Trimestre,Barreiro,Fogos Vendidos,107
2014/4 Trimestre,Palmela,Fogos Vendidos,290
2014/4 Trimestre,Seixal,Fogos Vendidos,274
2014/4 Trimestre,Sesimbra,Fogos Vendidos,135
2014/4 Trimestre,Setúbal,Fogos Vendidos,298
2015/1 Trimestre,Cascais,Preço de Venda / m2,1611
2015/1 Trimestre,Lisboa,Preço de Venda / m2,1893
2015/1 Trimestre,Loures,Preço de Venda / m2,1148
2015/1 Trimestre,Mafra,Preço de Venda / m2,881
2015/1 Trimestre,Oeiras,Preço de Venda / m2,1418
2015/1 Trimestre,Sintra,Preço de Venda / m2,789
2015/1 Trimestre,Vila Franca de Xira,Preço de Venda / m2,923
2015/1 Trimestre,Amadora,Preço de Venda / m2,976
2015/1 Trimestre,Odivelas,Preço de Venda / m2,1091
2015/1 Trimestre,Alcochete,Preço de Venda / m2,768
2015/1 Trimestre,Almada,Preço de Venda / m2,881
2015/1 Trimestre,Barreiro,Preço de Venda / m2,724
2015/1 Trimestre,Moita,Preço de Venda / m2,619
2015/1 Trimestre,Montijo,Preço de Venda / m2,754
2015/1 Trimestre,Palmela,Preço de Venda / m2,693
2015/1 Trimestre,Seixal,Preço de Venda / m2,761
2015/1 Trimestre,Sesimbra,Preço de Venda / m2,895
2015/1 Trimestre,Setúbal,Preço de Venda / m2,733
2015/1 Trimestre,Gondomar,Preço de Venda / m2,625
2015/1 Trimestre,Maia,Preço de Venda / m2,743
2015/1 Trimestre,Matosinhos,Preço de Venda / m2,932
2015/1 Trimestre,Porto,Preço de Venda / m2,1258
2015/1 Trimestre,Póvoa de Varzim,Preço de Venda / m2,836
2015/1 Trimestre,Valongo,Preço de Venda / m2,627
2015/1 Trimestre,Vila do Conde,Preço de Venda / m2,1393
2015/1 Trimestre,Vila Nova de Gaia,Preço de Venda / m2,795
2015/1 Trimestre,Cascais,Fogos Vendidos,592
2015/1 Trimestre,Lisboa,Fogos Vendidos,2272
2015/1 Trimestre,Loures,Fogos Vendidos,312
2015/1 Trimestre,Mafra,Fogos Vendidos,145
2015/1 Trimestre,Oeiras,Fogos Vendidos,353
2015/1 Trimestre,Sintra,Fogos Vendidos,698
2015/1 Trimestre,Vila Franca de Xira,Fogos Vendidos,326
2015/1 Trimestre,Amadora,Fogos Vendidos,286
2015/1 Trimestre,Odivelas,Fogos Vendidos,229
2015/1 Trimestre,Gondomar,Fogos Vendidos,277
2015/1 Trimestre,Maia,Fogos Vendidos,266
2015/1 Trimestre,Matosinhos,Fogos Vendidos,483
2015/1 Trimestre,Porto,Fogos Vendidos,1128
2015/1 Trimestre,Póvoa de Varzim,Fogos Vendidos,206
2015/1 Trimestre,Valongo,Fogos Vendidos,183
2015/1 Trimestre,Vila do Conde,Fogos Vendidos,240
2015/1 Trimestre,Vila Nova de Gaia,Fogos Vendidos,782
2015/1 Trimestre,Alcochete,Fogos Vendidos,36
2015/1 Trimestre,Almada,Fogos Vendidos,334
2015/1 Trimestre,Barreiro,Fogos Vendidos,124
2015/1 Trimestre,Moita,Fogos Vendidos,116
2015/1 Trimestre,Montijo,Fogos Vendidos,88
2015/1 Trimestre,Palmela,Fogos Vendidos,107
2015/1 Trimestre,Seixal,Fogos Vendidos,286
2015/1 Trimestre,Sesimbra,Fogos Vendidos,149
2015/1 Trimestre,Setúbal,Fogos Vendidos,262
2015/2 Trimestre,Cascais,Preço de Venda / m2,1608
2015/2 Trimestre,Lisboa,Preço de Venda / m2,2034
2015/2 Trimestre,Loures,Preço de Venda / m2,1174
2015/2 Trimestre,Mafra,Preço de Venda / m2,875
2015/2 Trimestre,Oeiras,Preço de Venda / m2,1272
2015/2 Trimestre,Sintra,Preço de Venda / m2,815
2015/2 Trimestre,Vila Franca de Xira,Preço de Venda / m2,848
2015/2 Trimestre,Amadora,Preço de Venda / m2,996
2015/2 Trimestre,Odivelas,Preço de Venda / m2,1053
2015/2 Trimestre,Alcochete,Preço de Venda / m2,847
2015/2 Trimestre,Almada,Preço de Venda / m2,893
2015/2 Trimestre,Barreiro,Preço de Venda / m2,668
2015/2 Trimestre,Moita,Preço de Venda / m2,586
2015/2 Trimestre,Montijo,Preço de Venda / m2,671
2015/2 Trimestre,Palmela,Preço de Venda / m2,770
2015/2 Trimestre,Seixal,Preço de Venda / m2,822
2015/2 Trimestre,Sesimbra,Preço de Venda / m2,934
2015/2 Trimestre,Setúbal,Preço de Venda / m2,720
2015/2 Trimestre,Gondomar,Preço de Venda / m2,674
2015/2 Trimestre,Maia,Preço de Venda / m2,743
2015/2 Trimestre,Matosinhos,Preço de Venda / m2,875
2015/2 Trimestre,Porto,Preço de Venda / m2,1214
2015/2 Trimestre,Póvoa de Varzim,Preço de Venda / m2,848
2015/2 Trimestre,Valongo,Preço de Venda / m2,613
2015/2 Trimestre,Vila do Conde,Preço de Venda / m2,1569
2015/2 Trimestre,Vila Nova de Gaia,Preço de Venda / m2,749
2015/2 Trimestre,Cascais,Fogos Vendidos,603
2015/2 Trimestre,Lisboa,Fogos Vendidos,2179
2015/2 Trimestre,Loures,Fogos Vendidos,312
2015/2 Trimestre,Mafra,Fogos Vendidos,173
2015/2 Trimestre,Oeiras,Fogos Vendidos,362
2015/2 Trimestre,Sintra,Fogos Vendidos,682
2015/2 Trimestre,Vila Franca de Xira,Fogos Vendidos,217
2015/2 Trimestre,Amadora,Fogos Vendidos,271
2015/2 Trimestre,Odivelas,Fogos Vendidos,255
2015/2 Trimestre,Gondomar,Fogos Vendidos,296
2015/2 Trimestre,Maia,Fogos Vendidos,473
2015/2 Trimestre,Matosinhos,Fogos Vendidos,382
2015/2 Trimestre,Porto,Fogos Vendidos,1063
2015/2 Trimestre,Póvoa de Varzim,Fogos Vendidos,180
2015/2 Trimestre,Valongo,Fogos Vendidos,183
2015/2 Trimestre,Vila do Conde,Fogos Vendidos,180
2015/2 Trimestre,Vila Nova de Gaia,Fogos Vendidos,670
2015/2 Trimestre,Alcochete,Fogos Vendidos,45
2015/2 Trimestre,Almada,Fogos Vendidos,356
2015/2 Trimestre,Barreiro,Fogos Vendidos,143
2015/2 Trimestre,Moita,Fogos Vendidos,100
2015/2 Trimestre,Montijo,Fogos Vendidos,123
2015/2 Trimestre,Palmela,Fogos Vendidos,116
2015/2 Trimestre,Seixal,Fogos Vendidos,321
2015/2 Trimestre,Sesimbra,Fogos Vendidos,155
2015/2 Trimestre,Setúbal,Fogos Vendidos,297
2015/3 Trimestre,Cascais,Preço de Venda / m2,1583
2015/3 Trimestre,Lisboa,Preço de Venda / m2,2113
2015/3 Trimestre,Loures,Preço de Venda / m2,1151
2015/3 Trimestre,Mafra,Preço de Venda / m2,839
2015/3 Trimestre,Oeiras,Preço de Venda / m2,1346
2015/3 Trimestre,Sintra,Preço de Venda / m2,866
2015/3 Trimestre,Vila Franca de Xira,Preço de Venda / m2,882
2015/3 Trimestre,Amadora,Preço de Venda / m2,931
2015/3 Trimestre,Odivelas,Preço de Venda / m2,1065
2015/3 Trimestre,Alcochete,Preço de Venda / m2,1273
2015/3 Trimestre,Almada,Preço de Venda / m2,906
2015/3 Trimestre,Barreiro,Preço de Venda / m2,618
2015/3 Trimestre,Moita,Preço de Venda / m2,637
2015/3 Trimestre,Montijo,Preço de Venda / m2,612
2015/3 Trimestre,Palmela,Preço de Venda / m2,829
2015/3 Trimestre,Seixal,Preço de Venda / m2,829
2015/3 Trimestre,Sesimbra,Preço de Venda / m2,962
2015/3 Trimestre,Setúbal,Preço de Venda / m2,780
2015/3 Trimestre,Espinho,Preço de Venda / m2,746
2015/3 Trimestre,Gondomar,Preço de Venda / m2,656
2015/3 Trimestre,Maia,Preço de Venda / m2,829
2015/3 Trimestre,Matosinhos,Preço de Venda / m2,1058
2015/3 Trimestre,Porto,Preço de Venda / m2,1215
2015/3 Trimestre,Póvoa de Varzim,Preço de Venda / m2,825
2015/3 Trimestre,Valongo,Preço de Venda / m2,703
2015/3 Trimestre,Vila do Conde,Preço de Venda / m2,821
2015/3 Trimestre,Vila Nova de Gaia,Preço de Venda / m2,735
2015/3 Trimestre,Espinho,Fogos Vendidos,52
2015/3 Trimestre,Cascais,Fogos Vendidos,663
2015/3 Trimestre,Lisboa,Fogos Vendidos,2410
2015/3 Trimestre,Loures,Fogos Vendidos,342
2015/3 Trimestre,Mafra,Fogos Vendidos,170
2015/3 Trimestre,Oeiras,Fogos Vendidos,402
2015/3 Trimestre,Sintra,Fogos Vendidos,802
2015/3 Trimestre,Vila Franca de Xira,Fogos Vendidos,233
2015/3 Trimestre,Amadora,Fogos Vendidos,338
2015/3 Trimestre,Odivelas,Fogos Vendidos,242
2015/3 Trimestre,Gondomar,Fogos Vendidos,305
2015/3 Trimestre,Maia,Fogos Vendidos,291
2015/3 Trimestre,Matosinhos,Fogos Vendidos,461
2015/3 Trimestre,Porto,Fogos Vendidos,1176
2015/3 Trimestre,Póvoa de Varzim,Fogos Vendidos,205
2015/3 Trimestre,Valongo,Fogos Vendidos,168
2015/3 Trimestre,Vila do Conde,Fogos Vendidos,222
2015/3 Trimestre,Vila Nova de Gaia,Fogos Vendidos,800
2015/3 Trimestre,Alcochete,Fogos Vendidos,62
2015/3 Trimestre,Almada,Fogos Vendidos,438
2015/3 Trimestre,Barreiro,Fogos Vendidos,137
2015/3 Trimestre,Moita,Fogos Vendidos,131
2015/3 Trimestre,Montijo,Fogos Vendidos,99
2015/3 Trimestre,Palmela,Fogos Vendidos,107
2015/3 Trimestre,Seixal,Fogos Vendidos,318
2015/3 Trimestre,Sesimbra,Fogos Vendidos,206
2015/3 Trimestre,Setúbal,Fogos Vendidos,302
2015/4 Trimestre,Cascais,Preço de Venda / m2,1644
2015/4 Trimestre,Lisboa,Preço de Venda / m2,2186
2015/4 Trimestre,Loures,Preço de Venda / m2,1203
2015/4 Trimestre,Mafra,Preço de Venda / m2,967
2015/4 Trimestre,Oeiras,Preço de Venda / m2,1406
2015/4 Trimestre,Sintra,Preço de Venda / m2,854
2015/4 Trimestre,Vila Franca de Xira,Preço de Venda / m2,915
2015/4 Trimestre,Amadora,Preço de Venda / m2,990
2015/4 Trimestre,Odivelas,Preço de Venda / m2,1093
2015/4 Trimestre,Alcochete,Preço de Venda / m2,912
2015/4 Trimestre,Almada,Preço de Venda / m2,955
2015/4 Trimestre,Barreiro,Preço de Venda / m2,673
2015/4 Trimestre,Moita,Preço de Venda / m2,591
2015/4 Trimestre,Montijo,Preço de Venda / m2,837
2015/4 Trimestre,Palmela,Preço de Venda / m2,785
2015/4 Trimestre,Seixal,Preço de Venda / m2,897
2015/4 Trimestre,Sesimbra,Preço de Venda / m2,941
2015/4 Trimestre,Setúbal,Preço de Venda / m2,700
2015/4 Trimestre,Gondomar,Preço de Venda / m2,598
2015/4 Trimestre,Maia,Preço de Venda / m2,795
2015/4 Trimestre,Matosinhos,Preço de Venda / m2,1013
2015/4 Trimestre,Porto,Preço de Venda / m2,1230
2015/4 Trimestre,Póvoa de Varzim,Preço de Venda / m2,903
2015/4 Trimestre,Valongo,Preço de Venda / m2,655
2015/4 Trimestre,Vila do Conde,Preço de Venda / m2,1063
2015/4 Trimestre,Vila Nova de Gaia,Preço de Venda / m2,751
2015/4 Trimestre,Cascais,Fogos Vendidos,582
2015/4 Trimestre,Lisboa,Fogos Vendidos,3079
2015/4 Trimestre,Loures,Fogos Vendidos,312
2015/4 Trimestre,Mafra,Fogos Vendidos,247
2015/4 Trimestre,Oeiras,Fogos Vendidos,439
2015/4 Trimestre,Sintra,Fogos Vendidos,795
2015/4 Trimestre,Vila Franca de Xira,Fogos Vendidos,252
2015/4 Trimestre,Amadora,Fogos Vendidos,306
2015/4 Trimestre,Odivelas,Fogos Vendidos,219
2015/4 Trimestre,Gondomar,Fogos Vendidos,335
2015/4 Trimestre,Maia,Fogos Vendidos,332
2015/4 Trimestre,Matosinhos,Fogos Vendidos,497
2015/4 Trimestre,Porto,Fogos Vendidos,1316
2015/4 Trimestre,Póvoa de Varzim,Fogos Vendidos,247
2015/4 Trimestre,Valongo,Fogos Vendidos,254
2015/4 Trimestre,Vila do Conde,Fogos Vendidos,241
2015/4 Trimestre,Vila Nova de Gaia,Fogos Vendidos,898
2015/4 Trimestre,Alcochete,Fogos Vendidos,60
2015/4 Trimestre,Almada,Fogos Vendidos,399
2015/4 Trimestre,Barreiro,Fogos Vendidos,145
2015/4 Trimestre,Moita,Fogos Vendidos,125
2015/4 Trimestre,Montijo,Fogos Vendidos,207
2015/4 Trimestre,Palmela,Fogos Vendidos,146
2015/4 Trimestre,Seixal,Fogos Vendidos,324
2015/4 Trimestre,Sesimbra,Fogos Vendidos,163
2015/4 Trimestre,Setúbal,Fogos Vendidos,350
2016/1 Trimestre,Cascais,Preço de Venda / m2,1621
2016/1 Trimestre,Lisboa,Preço de Venda / m2,2174
2016/1 Trimestre,Loures,Preço de Venda / m2,1098
2016/1 Trimestre,Mafra,Preço de Venda / m2,877
2016/1 Trimestre,Oeiras,Preço de Venda / m2,1342
2016/1 Trimestre,Sintra,Preço de Venda / m2,849
2016/1 Trimestre,Vila Franca de Xira,Preço de Venda / m2,870
2016/1 Trimestre,Amadora,Preço de Venda / m2,1021
2016/1 Trimestre,Odivelas,Preço de Venda / m2,1087
2016/1 Trimestre,Alcochete,Preço de Venda / m2,1172
2016/1 Trimestre,Almada,Preço de Venda / m2,999
2016/1 Trimestre,Barreiro,Preço de Venda / m2,664
2016/1 Trimestre,Moita,Preço de Venda / m2,600
2016/1 Trimestre,Montijo,Preço de Venda / m2,893
2016/1 Trimestre,Palmela,Preço de Venda / m2,782
2016/1 Trimestre,Seixal,Preço de Venda / m2,840
2016/1 Trimestre,Sesimbra,Preço de Venda / m2,899
2016/1 Trimestre,Setúbal,Preço de Venda / m2,766
2016/1 Trimestre,Espinho,Preço de Venda / m2,772
2016/1 Trimestre,Gondomar,Preço de Venda / m2,619
2016/1 Trimestre,Maia,Preço de Venda / m2,756
2016/1 Trimestre,Matosinhos,Preço de Venda / m2,1042
2016/1 Trimestre,Porto,Preço de Venda / m2,1168
2016/1 Trimestre,Póvoa de Varzim,Preço de Venda / m2,819
2016/1 Trimestre,Valongo,Preço de Venda / m2,677
2016/1 Trimestre,Vila do Conde,Preço de Venda / m2,926
2016/1 Trimestre,Vila Nova de Gaia,Preço de Venda / m2,734
2016/1 Trimestre,Espinho,Fogos Vendidos,64
2016/1 Trimestre,Cascais,Fogos Vendidos,676
2016/1 Trimestre,Lisboa,Fogos Vendidos,2753
2016/1 Trimestre,Loures,Fogos Vendidos,379
2016/1 Trimestre,Mafra,Fogos Vendidos,222
2016/1 Trimestre,Oeiras,Fogos Vendidos,519
2016/1 Trimestre,Sintra,Fogos Vendidos,840
2016/1 Trimestre,Vila Franca de Xira,Fogos Vendidos,325
2016/1 Trimestre,Amadora,Fogos Vendidos,508
2016/1 Trimestre,Odivelas,Fogos Vendidos,272
2016/1 Trimestre,Gondomar,Fogos Vendidos,317
2016/1 Trimestre,Maia,Fogos Vendidos,357
2016/1 Trimestre,Matosinhos,Fogos Vendidos,514
2016/1 Trimestre,Porto,Fogos Vendidos,1325
2016/1 Trimestre,Póvoa de Varzim,Fogos Vendidos,221
2016/1 Trimestre,Valongo,Fogos Vendidos,248
2016/1 Trimestre,Vila do Conde,Fogos Vendidos,252
2016/1 Trimestre,Vila Nova de Gaia,Fogos Vendidos,870
2016/1 Trimestre,Alcochete,Fogos Vendidos,45
2016/1 Trimestre,Almada,Fogos Vendidos,463
2016/1 Trimestre,Barreiro,Fogos Vendidos,180
2016/1 Trimestre,Moita,Fogos Vendidos,129
2016/1 Trimestre,Montijo,Fogos Vendidos,132
2016/1 Trimestre,Palmela,Fogos Vendidos,158
2016/1 Trimestre,Seixal,Fogos Vendidos,396
2016/1 Trimestre,Sesimbra,Fogos Vendidos,155
2016/1 Trimestre,Setúbal,Fogos Vendidos,381
2016/2 Trimestre,Cascais,Preço de Venda / m2,1691
2016/2 Trimestre,Lisboa,Preço de Venda / m2,2283
2016/2 Trimestre,Loures,Preço de Venda / m2,1167
2016/2 Trimestre,Mafra,Preço de Venda / m2,893
2016/2 Trimestre,Oeiras,Preço de Venda / m2,1423
2016/2 Trimestre,Sintra,Preço de Venda / m2,835
2016/2 Trimestre,Vila Franca de Xira,Preço de Venda / m2,900
2016/2 Trimestre,Amadora,Preço de Venda / m2,1024
2016/2 Trimestre,Odivelas,Preço de Venda / m2,1150
2016/2 Trimestre,Alcochete,Preço de Venda / m2,1064
2016/2 Trimestre,Almada,Preço de Venda / m2,1005
2016/2 Trimestre,Barreiro,Preço de Venda / m2,657
2016/2 Trimestre,Moita,Preço de Venda / m2,597
2016/2 Trimestre,Montijo,Preço de Venda / m2,748
2016/2 Trimestre,Palmela,Preço de Venda / m2,796
2016/2 Trimestre,Seixal,Preço de Venda / m2,807
2016/2 Trimestre,Sesimbra,Preço de Venda / m2,965
2016/2 Trimestre,Setúbal,Preço de Venda / m2,787
2016/2 Trimestre,Espinho,Preço de Venda / m2,836
2016/2 Trimestre,Gondomar,Preço de Venda / m2,628
2016/2 Trimestre,Maia,Preço de Venda / m2,794
2016/2 Trimestre,Matosinhos,Preço de Venda / m2,896
2016/2 Trimestre,Porto,Preço de Venda / m2,1236
2016/2 Trimestre,Póvoa de Varzim,Preço de Venda / m2,691
2016/2 Trimestre,Valongo,Preço de Venda / m2,635
2016/2 Trimestre,Vila do Conde,Preço de Venda / m2,827
2016/2 Trimestre,Vila Nova de Gaia,Preço de Venda / m2,731
2016/2 Trimestre,Espinho,Fogos Vendidos,59
2016/2 Trimestre,Cascais,Fogos Vendidos,728
2016/2 Trimestre,Lisboa,Fogos Vendidos,2827
2016/2 Trimestre,Loures,Fogos Vendidos,440
2016/2 Trimestre,Mafra,Fogos Vendidos,274
2016/2 Trimestre,Oeiras,Fogos Vendidos,580
2016/2 Trimestre,Sintra,Fogos Vendidos,958
2016/2 Trimestre,Vila Franca de Xira,Fogos Vendidos,341
2016/2 Trimestre,Amadora,Fogos Vendidos,413
2016/2 Trimestre,Odivelas,Fogos Vendidos,313
2016/2 Trimestre,Gondomar,Fogos Vendidos,349
2016/2 Trimestre,Maia,Fogos Vendidos,402
2016/2 Trimestre,Matosinhos,Fogos Vendidos,579
2016/2 Trimestre,Porto,Fogos Vendidos,1386
2016/2 Trimestre,Póvoa de Varzim,Fogos Vendidos,222
2016/2 Trimestre,Valongo,Fogos Vendidos,212
2016/2 Trimestre,Vila do Conde,Fogos Vendidos,234
2016/2 Trimestre,Vila Nova de Gaia,Fogos Vendidos,1018
2016/2 Trimestre,Alcochete,Fogos Vendidos,78
2016/2 Trimestre,Almada,Fogos Vendidos,581
2016/2 Trimestre,Barreiro,Fogos Vendidos,189
2016/2 Trimestre,Moita,Fogos Vendidos,135
2016/2 Trimestre,Montijo,Fogos Vendidos,131
2016/2 Trimestre,Palmela,Fogos Vendidos,162
2016/2 Trimestre,Seixal,Fogos Vendidos,418
2016/2 Trimestre,Sesimbra,Fogos Vendidos,222
2016/2 Trimestre,Setúbal,Fogos Vendidos,394
2016/3 Trimestre,Cascais,Preço de Venda / m2,1719
2016/3 Trimestre,Lisboa,Preço de Venda / m2,2309
2016/3 Trimestre,Loures,Preço de Venda / m2,1256
2016/3 Trimestre,Mafra,Preço de Venda / m2,933
2016/3 Trimestre,Oeiras,Preço de Venda / m2,1429
2016/3 Trimestre,Sintra,Preço de Venda / m2,859
2016/3 Trimestre,Vila Franca de Xira,Preço de Venda / m2,851
2016/3 Trimestre,Amadora,Preço de Venda / m2,1032
2016/3 Trimestre,Odivelas,Preço de Venda / m2,1171
2016/3 Trimestre,Alcochete,Preço de Venda / m2,1109
2016/3 Trimestre,Almada,Preço de Venda / m2,1076
2016/3 Trimestre,Barreiro,Preço de Venda / m2,648
2016/3 Trimestre,Moita,Preço de Venda / m2,699
2016/3 Trimestre,Montijo,Preço de Venda / m2,787
2016/3 Trimestre,Palmela,Preço de Venda / m2,791
2016/3 Trimestre,Seixal,Preço de Venda / m2,830
2016/3 Trimestre,Sesimbra,Preço de Venda / m2,1070
2016/3 Trimestre,Setúbal,Preço de Venda / m2,834
2016/3 Trimestre,Gondomar,Preço de Venda / m2,650
2016/3 Trimestre,Maia,Preço de Venda / m2,806
2016/3 Trimestre,Matosinhos,Preço de Venda / m2,998
2016/3 Trimestre,Porto,Preço de Venda / m2,1311
2016/3 Trimestre,Póvoa de Varzim,Preço de Venda / m2,884
2016/3 Trimestre,Valongo,Preço de Venda / m2,676
2016/3 Trimestre,Vila do Conde,Preço de Venda / m2,878
2016/3 Trimestre,Vila Nova de Gaia,Preço de Venda / m2,804
2016/3 Trimestre,Cascais,Fogos Vendidos,755
2016/3 Trimestre,Lisboa,Fogos Vendidos,2641
2016/3 Trimestre,Loures,Fogos Vendidos,395
2016/3 Trimestre,Mafra,Fogos Vendidos,229
2016/3 Trimestre,Oeiras,Fogos Vendidos,491
2016/3 Trimestre,Sintra,Fogos Vendidos,978
2016/3 Trimestre,Vila Franca de Xira,Fogos Vendidos,286
2016/3 Trimestre,Amadora,Fogos Vendidos,405
2016/3 Trimestre,Odivelas,Fogos Vendidos,303
2016/3 Trimestre,Gondomar,Fogos Vendidos,323
2016/3 Trimestre,Maia,Fogos Vendidos,404
2016/3 Trimestre,Matosinhos,Fogos Vendidos,564
2016/3 Trimestre,Porto,Fogos Vendidos,1424
2016/3 Trimestre,Póvoa de Varzim,Fogos Vendidos,217
2016/3 Trimestre,Valongo,Fogos Vendidos,219
2016/3 Trimestre,Vila do Conde,Fogos Vendidos,254
2016/3 Trimestre,Vila Nova de Gaia,Fogos Vendidos,973
2016/3 Trimestre,Alcochete,Fogos Vendidos,65
2016/3 Trimestre,Almada,Fogos Vendidos,585
2016/3 Trimestre,Barreiro,Fogos Vendidos,183
2016/3 Trimestre,Moita,Fogos Vendidos,138
2016/3 Trimestre,Montijo,Fogos Vendidos,150
2016/3 Trimestre,Palmela,Fogos Vendidos,171
2016/3 Trimestre,Seixal,Fogos Vendidos,387
2016/3 Trimestre,Sesimbra,Fogos Vendidos,231
2016/3 Trimestre,Setúbal,Fogos Vendidos,412
2016/4 Trimestre,Cascais,Preço de Venda / m2,1828
2016/4 Trimestre,Lisboa,Preço de Venda / m2,2383
2016/4 Trimestre,Loures,Preço de Venda / m2,1295
2016/4 Trimestre,Mafra,Preço de Venda / m2,982
2016/4 Trimestre,Oeiras,Preço de Venda / m2,1571
2016/4 Trimestre,Sintra,Preço de Venda / m2,866
2016/4 Trimestre,Vila Franca de Xira,Preço de Venda / m2,948
2016/4 Trimestre,Amadora,Preço de Venda / m2,1094
2016/4 Trimestre,Odivelas,Preço de Venda / m2,1198
2016/4 Trimestre,Alcochete,Preço de Venda / m2,1084
2016/4 Trimestre,Almada,Preço de Venda / m2,1067
2016/4 Trimestre,Barreiro,Preço de Venda / m2,716
2016/4 Trimestre,Moita,Preço de Venda / m2,617
2016/4 Trimestre,Montijo,Preço de Venda / m2,802
2016/4 Trimestre,Palmela,Preço de Venda / m2,760
2016/4 Trimestre,Seixal,Preço de Venda / m2,874
2016/4 Trimestre,Sesimbra,Preço de Venda / m2,1041
2016/4 Trimestre,Setúbal,Preço de Venda / m2,748
2016/4 Trimestre,Espinho,Preço de Venda / m2,720
2016/4 Trimestre,Gondomar,Preço de Venda / m2,712
2016/4 Trimestre,Maia,Preço de Venda / m2,869
2016/4 Trimestre,Matosinhos,Preço de Venda / m2,1010
2016/4 Trimestre,Porto,Preço de Venda / m2,1281
2016/4 Trimestre,Póvoa de Varzim,Preço de Venda / m2,877
2016/4 Trimestre,Valongo,Preço de Venda / m2,664
2016/4 Trimestre,Vila do Conde,Preço de Venda / m2,1016
2016/4 Trimestre,Vila Nova de Gaia,Preço de Venda / m2,804
2016/4 Trimestre,Espinho,Fogos Vendidos,64
2016/4 Trimestre,Cascais,Fogos Vendidos,798
2016/4 Trimestre,Lisboa,Fogos Vendidos,2923
2016/4 Trimestre,Loures,Fogos Vendidos,418
2016/4 Trimestre,Mafra,Fogos Vendidos,267
2016/4 Trimestre,Oeiras,Fogos Vendidos,505
2016/4 Trimestre,Sintra,Fogos Vendidos,1132
2016/4 Trimestre,Vila Franca de Xira,Fogos Vendidos,312
2016/4 Trimestre,Amadora,Fogos Vendidos,396
2016/4 Trimestre,Odivelas,Fogos Vendidos,288
2016/4 Trimestre,Gondomar,Fogos Vendidos,351
2016/4 Trimestre,Maia,Fogos Vendidos,428
2016/4 Trimestre,Matosinhos,Fogos Vendidos,595
2016/4 Trimestre,Porto,Fogos Vendidos,1601
2016/4 Trimestre,Póvoa de Varzim,Fogos Vendidos,237
2016/4 Trimestre,Valongo,Fogos Vendidos,241
2016/4 Trimestre,Vila do Conde,Fogos Vendidos,263
2016/4 Trimestre,Vila Nova de Gaia,Fogos Vendidos,930
2016/4 Trimestre,Alcochete,Fogos Vendidos,70
2016/4 Trimestre,Almada,Fogos Vendidos,717
2016/4 Trimestre,Barreiro,Fogos Vendidos,231
2016/4 Trimestre,Moita,Fogos Vendidos,129
2016/4 Trimestre,Montijo,Fogos Vendidos,151
2016/4 Trimestre,Palmela,Fogos Vendidos,205
2016/4 Trimestre,Seixal,Fogos Vendidos,416
2016/4 Trimestre,Sesimbra,Fogos Vendidos,271
2016/4 Trimestre,Setúbal,Fogos Vendidos,429
2017/1 Trimestre,Cascais,Preço de Venda / m2,1725
2017/1 Trimestre,Lisboa,Preço de Venda / m2,2546
2017/1 Trimestre,Loures,Preço de Venda / m2,1224
2017/1 Trimestre,Mafra,Preço de Venda / m2,1035
2017/1 Trimestre,Oeiras,Preço de Venda / m2,1587
2017/1 Trimestre,Sintra,Preço de Venda / m2,866
2017/1 Trimestre,Vila Franca de Xira,Preço de Venda / m2,935
2017/1 Trimestre,Amadora,Preço de Venda / m2,1090
2017/1 Trimestre,Odivelas,Preço de Venda / m2,1233
2017/1 Trimestre,Alcochete,Preço de Venda / m2,968
2017/1 Trimestre,Almada,Preço de Venda / m2,1080
2017/1 Trimestre,Barreiro,Preço de Venda / m2,717
2017/1 Trimestre,Moita,Preço de Venda / m2,627
2017/1 Trimestre,Montijo,Preço de Venda / m2,874
2017/1 Trimestre,Palmela,Preço de Venda / m2,812
2017/1 Trimestre,Seixal,Preço de Venda / m2,821
2017/1 Trimestre,Sesimbra,Preço de Venda / m2,921
2017/1 Trimestre,Setúbal,Preço de Venda / m2,748
2017/1 Trimestre,Espinho,Preço de Venda / m2,844
2017/1 Trimestre,Gondomar,Preço de Venda / m2,694
2017/1 Trimestre,Maia,Preço de Venda / m2,858
2017/1 Trimestre,Matosinhos,Preço de Venda / m2,983
2017/1 Trimestre,Porto,Preço de Venda / m2,1314
2017/1 Trimestre,Póvoa de Varzim,Preço de Venda / m2,910
2017/1 Trimestre,Valongo,Preço de Venda / m2,690
2017/1 Trimestre,Vila do Conde,Preço de Venda / m2,1449
2017/1 Trimestre,Vila Nova de Gaia,Preço de Venda / m2,823
2017/1 Trimestre,Espinho,Fogos Vendidos,75
2017/1 Trimestre,Cascais,Fogos Vendidos,906
2017/1 Trimestre,Lisboa,Fogos Vendidos,2818
2017/1 Trimestre,Loures,Fogos Vendidos,443
2017/1 Trimestre,Mafra,Fogos Vendidos,302
2017/1 Trimestre,Oeiras,Fogos Vendidos,591
2017/1 Trimestre,Sintra,Fogos Vendidos,1212
2017/1 Trimestre,Vila Franca de Xira,Fogos Vendidos,372
2017/1 Trimestre,Amadora,Fogos Vendidos,488
2017/1 Trimestre,Odivelas,Fogos Vendidos,339
2017/1 Trimestre,Gondomar,Fogos Vendidos,404
2017/1 Trimestre,Maia,Fogos Vendidos,461
2017/1 Trimestre,Matosinhos,Fogos Vendidos,662
2017/1 Trimestre,Porto,Fogos Vendidos,1628
2017/1 Trimestre,Póvoa de Varzim,Fogos Vendidos,286
2017/1 Trimestre,Valongo,Fogos Vendidos,262
2017/1 Trimestre,Vila do Conde,Fogos Vendidos,276
2017/1 Trimestre,Vila Nova de Gaia,Fogos Vendidos,1113
2017/1 Trimestre,Alcochete,Fogos Vendidos,70
2017/1 Trimestre,Almada,Fogos Vendidos,542
2017/1 Trimestre,Barreiro,Fogos Vendidos,228
2017/1 Trimestre,Moita,Fogos Vendidos,163
2017/1 Trimestre,Montijo,Fogos Vendidos,218
2017/1 Trimestre,Palmela,Fogos Vendidos,211
2017/1 Trimestre,Seixal,Fogos Vendidos,491
2017/1 Trimestre,Sesimbra,Fogos Vendidos,238
2017/1 Trimestre,Setúbal,Fogos Vendidos,457
2017/2 Trimestre,Cascais,Preço de Venda / m2,1963
2017/2 Trimestre,Lisboa,Preço de Venda / m2,2889
2017/2 Trimestre,Loures,Preço de Venda / m2,1310
2017/2 Trimestre,Mafra,Preço de Venda / m2,987
2017/2 Trimestre,Oeiras,Preço de Venda / m2,1708
2017/2 Trimestre,Sintra,Preço de Venda / m2,915
2017/2 Trimestre,Vila Franca de Xira,Preço de Venda / m2,966
2017/2 Trimestre,Amadora,Preço de Venda / m2,1148
2017/2 Trimestre,Odivelas,Preço de Venda / m2,1282
2017/2 Trimestre,Alcochete,Preço de Venda / m2,1121
2017/2 Trimestre,Almada,Preço de Venda / m2,1185
2017/2 Trimestre,Barreiro,Preço de Venda / m2,833
2017/2 Trimestre,Moita,Preço de Venda / m2,604
2017/2 Trimestre,Montijo,Preço de Venda / m2,933
2017/2 Trimestre,Palmela,Preço de Venda / m2,883
2017/2 Trimestre,Seixal,Preço de Venda / m2,854
2017/2 Trimestre,Sesimbra,Preço de Venda / m2,924
2017/2 Trimestre,Setúbal,Preço de Venda / m2,777
2017/2 Trimestre,Gondomar,Preço de Venda / m2,713
2017/2 Trimestre,Maia,Preço de Venda / m2,919
2017/2 Trimestre,Matosinhos,Preço de Venda / m2,1055
2017/2 Trimestre,Porto,Preço de Venda / m2,1460
2017/2 Trimestre,Póvoa de Varzim,Preço de Venda / m2,945
2017/2 Trimestre,Valongo,Preço de Venda / m2,697
2017/2 Trimestre,Vila do Conde,Preço de Venda / m2,992
2017/2 Trimestre,Vila Nova de Gaia,Preço de Venda / m2,841
2017/2 Trimestre,Cascais,Fogos Vendidos,913
2017/2 Trimestre,Lisboa,Fogos Vendidos,2856
2017/2 Trimestre,Loures,Fogos Vendidos,482
2017/2 Trimestre,Mafra,Fogos Vendidos,322
2017/2 Trimestre,Oeiras,Fogos Vendidos,700
2017/2 Trimestre,Sintra,Fogos Vendidos,1346
2017/2 Trimestre,Vila Franca de Xira,Fogos Vendidos,436
2017/2 Trimestre,Amadora,Fogos Vendidos,485
2017/2 Trimestre,Odivelas,Fogos Vendidos,372
2017/2 Trimestre,Gondomar,Fogos Vendidos,450
2017/2 Trimestre,Maia,Fogos Vendidos,480
2017/2 Trimestre,Matosinhos,Fogos Vendidos,702
2017/2 Trimestre,Porto,Fogos Vendidos,1606
2017/2 Trimestre,Póvoa de Varzim,Fogos Vendidos,382
2017/2 Trimestre,Valongo,Fogos Vendidos,283
2017/2 Trimestre,Vila do Conde,Fogos Vendidos,268
2017/2 Trimestre,Vila Nova de Gaia,Fogos Vendidos,1168
2017/2 Trimestre,Alcochete,Fogos Vendidos,81
2017/2 Trimestre,Almada,Fogos Vendidos,653
2017/2 Trimestre,Barreiro,Fogos Vendidos,224
2017/2 Trimestre,Moita,Fogos Vendidos,163
2017/2 Trimestre,Montijo,Fogos Vendidos,243
2017/2 Trimestre,Palmela,Fogos Vendidos,226
2017/2 Trimestre,Seixal,Fogos Vendidos,509
2017/2 Trimestre,Sesimbra,Fogos Vendidos,266
2017/2 Trimestre,Setúbal,Fogos Vendidos,474
2017/3 Trimestre,Cascais,Preço de Venda / m2,1980
2017/3 Trimestre,Lisboa,Preço de Venda / m2,2971
2017/3 Trimestre,Loures,Preço de Venda / m2,1358
2017/3 Trimestre,Mafra,Preço de Venda / m2,1077
2017/3 Trimestre,Oeiras,Preço de Venda / m2,1736
2017/3 Trimestre,Sintra,Preço de Venda / m2,969
2017/3 Trimestre,Vila Franca de Xira,Preço de Venda / m2,1022
2017/3 Trimestre,Amadora,Preço de Venda / m2,1164
2017/3 Trimestre,Odivelas,Preço de Venda / m2,1368
2017/3 Trimestre,Alcochete,Preço de Venda / m2,1151
2017/3 Trimestre,Almada,Preço de Venda / m2,1270
2017/3 Trimestre,Barreiro,Preço de Venda / m2,747
2017/3 Trimestre,Moita,Preço de Venda / m2,660
2017/3 Trimestre,Montijo,Preço de Venda / m2,939
2017/3 Trimestre,Palmela,Preço de Venda / m2,834
2017/3 Trimestre,Seixal,Preço de Venda / m2,897
2017/3 Trimestre,Sesimbra,Preço de Venda / m2,989
2017/3 Trimestre,Setúbal,Preço de Venda / m2,803
2017/3 Trimestre,Espinho,Preço de Venda / m2,990
2017/3 Trimestre,Gondomar,Preço de Venda / m2,719
2017/3 Trimestre,Maia,Preço de Venda / m2,919
2017/3 Trimestre,Matosinhos,Preço de Venda / m2,1097
2017/3 Trimestre,Porto,Preço de Venda / m2,1445
2017/3 Trimestre,Póvoa de Varzim,Preço de Venda / m2,1141
2017/3 Trimestre,Valongo,Preço de Venda / m2,697
2017/3 Trimestre,Vila do Conde,Preço de Venda / m2,876
2017/3 Trimestre,Vila Nova de Gaia,Preço de Venda / m2,844
2017/3 Trimestre,Espinho,Fogos Vendidos,77
2017/3 Trimestre,Cascais,Fogos Vendidos,849
2017/3 Trimestre,Lisboa,Fogos Vendidos,2935
2017/3 Trimestre,Loures,Fogos Vendidos,443
2017/3 Trimestre,Mafra,Fogos Vendidos,357
2017/3 Trimestre,Oeiras,Fogos Vendidos,625
2017/3 Trimestre,Sintra,Fogos Vendidos,1355
2017/3 Trimestre,Vila Franca de Xira,Fogos Vendidos,368
2017/3 Trimestre,Amadora,Fogos Vendidos,514
2017/3 Trimestre,Odivelas,Fogos Vendidos,394
2017/3 Trimestre,Gondomar,Fogos Vendidos,465
2017/3 Trimestre,Maia,Fogos Vendidos,527
2017/3 Trimestre,Matosinhos,Fogos Vendidos,712
2017/3 Trimestre,Porto,Fogos Vendidos,1823
2017/3 Trimestre,Póvoa de Varzim,Fogos Vendidos,343
2017/3 Trimestre,Valongo,Fogos Vendidos,287
2017/3 Trimestre,Vila do Conde,Fogos Vendidos,287
2017/3 Trimestre,Vila Nova de Gaia,Fogos Vendidos,1082
2017/3 Trimestre,Alcochete,Fogos Vendidos,87
2017/3 Trimestre,Almada,Fogos Vendidos,600
2017/3 Trimestre,Barreiro,Fogos Vendidos,229
2017/3 Trimestre,Moita,Fogos Vendidos,156
2017/3 Trimestre,Montijo,Fogos Vendidos,195
2017/3 Trimestre,Palmela,Fogos Vendidos,235
2017/3 Trimestre,Seixal,Fogos Vendidos,554
2017/3 Trimestre,Sesimbra,Fogos Vendidos,320
2017/3 Trimestre,Setúbal,Fogos Vendidos,554
2017/4 Trimestre,Cascais,Preço de Venda / m2,2319
2017/4 Trimestre,Lisboa,Preço de Venda / m2,3144
2017/4 Trimestre,Loures,Preço de Venda / m2,1395
2017/4 Trimestre,Mafra,Preço de Venda / m2,1191
2017/4 Trimestre,Oeiras,Preço de Venda / m2,1894
2017/4 Trimestre,Sintra,Preço de Venda / m2,1009
2017/4 Trimestre,Vila Franca de Xira,Preço de Venda / m2,1049
2017/4 Trimestre,Amadora,Preço de Venda / m2,1223
2017/4 Trimestre,Odivelas,Preço de Venda / m2,1420
2017/4 Trimestre,Alcochete,Preço de Venda / m2,1202
2017/4 Trimestre,Almada,Preço de Venda / m2,1248
2017/4 Trimestre,Barreiro,Preço de Venda / m2,739
2017/4 Trimestre,Moita,Preço de Venda / m2,665
2017/4 Trimestre,Montijo,Preço de Venda / m2,1008
2017/4 Trimestre,Palmela,Preço de Venda / m2,863
2017/4 Trimestre,Seixal,Preço de Venda / m2,910
2017/4 Trimestre,Sesimbra,Preço de Venda / m2,983
2017/4 Trimestre,Setúbal,Preço de Venda / m2,934
2017/4 Trimestre,Gondomar,Preço de Venda / m2,762
2017/4 Trimestre,Maia,Preço de Venda / m2,948
2017/4 Trimestre,Matosinhos,Preço de Venda / m2,1088
2017/4 Trimestre,Porto,Preço de Venda / m2,1593
2017/4 Trimestre,Póvoa de Varzim,Preço de Venda / m2,1083
2017/4 Trimestre,Valongo,Preço de Venda / m2,811
2017/4 Trimestre,Vila do Conde,Preço de Venda / m2,860
2017/4 Trimestre,Vila Nova de Gaia,Preço de Venda / m2,902
2017/4 Trimestre,Cascais,Fogos Vendidos,1012
2017/4 Trimestre,Lisboa,Fogos Vendidos,3331
2017/4 Trimestre,Loures,Fogos Vendidos,505
2017/4 Trimestre,Mafra,Fogos Vendidos,408
2017/4 Trimestre,Oeiras,Fogos Vendidos,661
2017/4 Trimestre,Sintra,Fogos Vendidos,1373
2017/4 Trimestre,Vila Franca de Xira,Fogos Vendidos,472
2017/4 Trimestre,Amadora,Fogos Vendidos,551
2017/4 Trimestre,Odivelas,Fogos Vendidos,423
2017/4 Trimestre,Gondomar,Fogos Vendidos,489
2017/4 Trimestre,Maia,Fogos Vendidos,601
2017/4 Trimestre,Matosinhos,Fogos Vendidos,717
2017/4 Trimestre,Porto,Fogos Vendidos,1808
2017/4 Trimestre,Póvoa de Varzim,Fogos Vendidos,296
2017/4 Trimestre,Valongo,Fogos Vendidos,287
2017/4 Trimestre,Vila do Conde,Fogos Vendidos,278
2017/4 Trimestre,Vila Nova de Gaia,Fogos Vendidos,1241
2017/4 Trimestre,Alcochete,Fogos Vendidos,84
2017/4 Trimestre,Almada,Fogos Vendidos,702
2017/4 Trimestre,Barreiro,Fogos Vendidos,266
2017/4 Trimestre,Moita,Fogos Vendidos,211
2017/4 Trimestre,Montijo,Fogos Vendidos,246
2017/4 Trimestre,Palmela,Fogos Vendidos,252
2017/4 Trimestre,Seixal,Fogos Vendidos,553
2017/4 Trimestre,Sesimbra,Fogos Vendidos,342
2017/4 Trimestre,Setúbal,Fogos Vendidos,733
2018/1 Trimestre,Cascais,Preço de Venda / m2,2507
2018/1 Trimestre,Lisboa,Preço de Venda / m2,3404
2018/1 Trimestre,Loures,Preço de Venda / m2,1444
2018/1 Trimestre,Mafra,Preço de Venda / m2,1241
2018/1 Trimestre,Oeiras,Preço de Venda / m2,1974
2018/1 Trimestre,Sintra,Preço de Venda / m2,1058
2018/1 Trimestre,Vila Franca de Xira,Preço de Venda / m2,1069
2018/1 Trimestre,Amadora,Preço de Venda / m2,1343
2018/1 Trimestre,Odivelas,Preço de Venda / m2,1463
2018/1 Trimestre,Alcochete,Preço de Venda / m2,1269
2018/1 Trimestre,Almada,Preço de Venda / m2,1288
2018/1 Trimestre,Barreiro,Preço de Venda / m2,742
2018/1 Trimestre,Moita,Preço de Venda / m2,670
2018/1 Trimestre,Montijo,Preço de Venda / m2,1054
2018/1 Trimestre,Palmela,Preço de Venda / m2,942
2018/1 Trimestre,Seixal,Preço de Venda / m2,1040
2018/1 Trimestre,Sesimbra,Preço de Venda / m2,1051
2018/1 Trimestre,Setúbal,Preço de Venda / m2,929
2018/1 Trimestre,Gondomar,Preço de Venda / m2,804
2018/1 Trimestre,Maia,Preço de Venda / m2,913
2018/1 Trimestre,Matosinhos,Preço de Venda / m2,1228
2018/1 Trimestre,Porto,Preço de Venda / m2,1586
2018/1 Trimestre,Póvoa de Varzim,Preço de Venda / m2,1048
2018/1 Trimestre,Valongo,Preço de Venda / m2,749
2018/1 Trimestre,Vila do Conde,Preço de Venda / m2,1013
2018/1 Trimestre,Vila Nova de Gaia,Preço de Venda / m2,942
2018/1 Trimestre,Cascais,Fogos Vendidos,899
2018/1 Trimestre,Lisboa,Fogos Vendidos,2895
2018/1 Trimestre,Loures,Fogos Vendidos,546
2018/1 Trimestre,Mafra,Fogos Vendidos,356
2018/1 Trimestre,Oeiras,Fogos Vendidos,713
2018/1 Trimestre,Sintra,Fogos Vendidos,1428
2018/1 Trimestre,Vila Franca de Xira,Fogos Vendidos,511
2018/1 Trimestre,Amadora,Fogos Vendidos,572
2018/1 Trimestre,Odivelas,Fogos Vendidos,468
2018/1 Trimestre,Gondomar,Fogos Vendidos,454
2018/1 Trimestre,Maia,Fogos Vendidos,554
2018/1 Trimestre,Matosinhos,Fogos Vendidos,703
2018/1 Trimestre,Porto,Fogos Vendidos,1931
2018/1 Trimestre,Póvoa de Varzim,Fogos Vendidos,353
2018/1 Trimestre,Valongo,Fogos Vendidos,300
2018/1 Trimestre,Vila do Conde,Fogos Vendidos,296
2018/1 Trimestre,Vila Nova de Gaia,Fogos Vendidos,1193
2018/1 Trimestre,Alcochete,Fogos Vendidos,149
2018/1 Trimestre,Almada,Fogos Vendidos,745
2018/1 Trimestre,Barreiro,Fogos Vendidos,320
2018/1 Trimestre,Moita,Fogos Vendidos,198
2018/1 Trimestre,Montijo,Fogos Vendidos,235
2018/1 Trimestre,Palmela,Fogos Vendidos,244
2018/1 Trimestre,Seixal,Fogos Vendidos,585
2018/1 Trimestre,Sesimbra,Fogos Vendidos,337
2018/1 Trimestre,Setúbal,Fogos Vendidos,665
2018/2 Trimestre,Cascais,Preço de Venda / m2,2491
2018/2 Trimestre,Lisboa,Preço de Venda / m2,3273
2018/2 Trimestre,Loures,Preço de Venda / m2,1535
2018/2 Trimestre,Mafra,Preço de Venda / m2,1209
2018/2 Trimestre,Oeiras,Preço de Venda / m2,2134
2018/2 Trimestre,Sintra,Preço de Venda / m2,1104
2018/2 Trimestre,Vila Franca de Xira,Preço de Venda / m2,1114
2018/2 Trimestre,Amadora,Preço de Venda / m2,1383
2018/2 Trimestre,Odivelas,Preço de Venda / m2,1693
2018/2 Trimestre,Alcochete,Preço de Venda / m2,1601
2018/2 Trimestre,Almada,Preço de Venda / m2,1315
2018/2 Trimestre,Barreiro,Preço de Venda / m2,862
2018/2 Trimestre,Moita,Preço de Venda / m2,639
2018/2 Trimestre,Montijo,Preço de Venda / m2,1155
2018/2 Trimestre,Palmela,Preço de Venda / m2,961
2018/2 Trimestre,Seixal,Preço de Venda / m2,1073
2018/2 Trimestre,Sesimbra,Preço de Venda / m2,1149
2018/2 Trimestre,Setúbal,Preço de Venda / m2,959
2018/2 Trimestre,Gondomar,Preço de Venda / m2,875
2018/2 Trimestre,Maia,Preço de Venda / m2,953
2018/2 Trimestre,Matosinhos,Preço de Venda / m2,1179
2018/2 Trimestre,Porto,Preço de Venda / m2,1782
2018/2 Trimestre,Póvoa de Varzim,Preço de Venda / m2,1010
2018/2 Trimestre,Valongo,Preço de Venda / m2,748
2018/2 Trimestre,Vila do Conde,Preço de Venda / m2,921
2018/2 Trimestre,Vila Nova de Gaia,Preço de Venda / m2,941
2018/2 Trimestre,Cascais,Fogos Vendidos,939
2018/2 Trimestre,Lisboa,Fogos Vendidos,3050
2018/2 Trimestre,Loures,Fogos Vendidos,644
2018/2 Trimestre,Mafra,Fogos Vendidos,452
2018/2 Trimestre,Oeiras,Fogos Vendidos,798
2018/2 Trimestre,Sintra,Fogos Vendidos,1668
2018/2 Trimestre,Vila Franca de Xira,Fogos Vendidos,546
2018/2 Trimestre,Amadora,Fogos Vendidos,643
2018/2 Trimestre,Odivelas,Fogos Vendidos,508
2018/2 Trimestre,Gondomar,Fogos Vendidos,525
2018/2 Trimestre,Maia,Fogos Vendidos,629
2018/2 Trimestre,Matosinhos,Fogos Vendidos,760
2018/2 Trimestre,Porto,Fogos Vendidos,1990
2018/2 Trimestre,Póvoa de Varzim,Fogos Vendidos,403
2018/2 Trimestre,Valongo,Fogos Vendidos,399
2018/2 Trimestre,Vila do Conde,Fogos Vendidos,348
2018/2 Trimestre,Vila Nova de Gaia,Fogos Vendidos,1454
2018/2 Trimestre,Alcochete,Fogos Vendidos,95
2018/2 Trimestre,Almada,Fogos Vendidos,848
2018/2 Trimestre,Barreiro,Fogos Vendidos,350
2018/2 Trimestre,Moita,Fogos Vendidos,256
2018/2 Trimestre,Montijo,Fogos Vendidos,282
2018/2 Trimestre,Palmela,Fogos Vendidos,292
2018/2 Trimestre,Seixal,Fogos Vendidos,779
2018/2 Trimestre,Sesimbra,Fogos Vendidos,365
2018/2 Trimestre,Setúbal,Fogos Vendidos,765
2018/3 Trimestre,Cascais,Preço de Venda / m2,2562
2018/3 Trimestre,Lisboa,Preço de Venda / m2,3542
2018/3 Trimestre,Loures,Preço de Venda / m2,1574
2018/3 Trimestre,Mafra,Preço de Venda / m2,1376
2018/3 Trimestre,Oeiras,Preço de Venda / m2,2321
2018/3 Trimestre,Sintra,Preço de Venda / m2,1150
2018/3 Trimestre,Vila Franca de Xira,Preço de Venda / m2,1136
2018/3 Trimestre,Amadora,Preço de Venda / m2,1436
2018/3 Trimestre,Odivelas,Preço de Venda / m2,1613
2018/3 Trimestre,Alcochete,Preço de Venda / m2,1375
2018/3 Trimestre,Almada,Preço de Venda / m2,1447
2018/3 Trimestre,Barreiro,Preço de Venda / m2,815
2018/3 Trimestre,Moita,Preço de Venda / m2,805
2018/3 Trimestre,Montijo,Preço de Venda / m2,1095
2018/3 Trimestre,Palmela,Preço de Venda / m2,982
2018/3 Trimestre,Seixal,Preço de Venda / m2,1102
2018/3 Trimestre,Sesimbra,Preço de Venda / m2,1148
2018/3 Trimestre,Setúbal,Preço de Venda / m2,990
2018/3 Trimestre,Gondomar,Preço de Venda / m2,839
2018/3 Trimestre,Maia,Preço de Venda / m2,1048
2018/3 Trimestre,Matosinhos,Preço de Venda / m2,1326
2018/3 Trimestre,Porto,Preço de Venda / m2,1973
2018/3 Trimestre,Póvoa de Varzim,Preço de Venda / m2,1059
2018/3 Trimestre,Valongo,Preço de Venda / m2,827
2018/3 Trimestre,Vila do Conde,Preço de Venda / m2,1050
2018/3 Trimestre,Vila Nova de Gaia,Preço de Venda / m2,980
2018/3 Trimestre,Cascais,Fogos Vendidos,1036
2018/3 Trimestre,Lisboa,Fogos Vendidos,2904
2018/3 Trimestre,Loures,Fogos Vendidos,607
2018/3 Trimestre,Mafra,Fogos Vendidos,458
2018/3 Trimestre,Oeiras,Fogos Vendidos,650
2018/3 Trimestre,Sintra,Fogos Vendidos,1657
2018/3 Trimestre,Vila Franca de Xira,Fogos Vendidos,564
2018/3 Trimestre,Amadora,Fogos Vendidos,642
2018/3 Trimestre,Odivelas,Fogos Vendidos,562
2018/3 Trimestre,Gondomar,Fogos Vendidos,601
2018/3 Trimestre,Maia,Fogos Vendidos,657
2018/3 Trimestre,Matosinhos,Fogos Vendidos,821
2018/3 Trimestre,Porto,Fogos Vendidos,1884
2018/3 Trimestre,Póvoa de Varzim,Fogos Vendidos,392
2018/3 Trimestre,Valongo,Fogos Vendidos,419
2018/3 Trimestre,Vila do Conde,Fogos Vendidos,346
2018/3 Trimestre,Vila Nova de Gaia,Fogos Vendidos,1386
2018/3 Trimestre,Alcochete,Fogos Vendidos,115
2018/3 Trimestre,Almada,Fogos Vendidos,939
2018/3 Trimestre,Barreiro,Fogos Vendidos,399
2018/3 Trimestre,Moita,Fogos Vendidos,264
2018/3 Trimestre,Montijo,Fogos Vendidos,309
2018/3 Trimestre,Palmela,Fogos Vendidos,307
2018/3 Trimestre,Seixal,Fogos Vendidos,706
2018/3 Trimestre,Sesimbra,Fogos Vendidos,449
2018/3 Trimestre,Setúbal,Fogos Vendidos,745
2018/4 Trimestre,Cascais,Preço de Venda / m2,2513
2018/4 Trimestre,Lisboa,Preço de Venda / m2,3669
2018/4 Trimestre,Loures,Preço de Venda / m2,1509
2018/4 Trimestre,Mafra,Preço de Venda / m2,1134
2018/4 Trimestre,Oeiras,Preço de Venda / m2,2305
2018/4 Trimestre,Sintra,Preço de Venda / m2,1071
2018/4 Trimestre,Vila Franca de Xira,Preço de Venda / m2,1100
2018/4 Trimestre,Amadora,Preço de Venda / m2,1409
2018/4 Trimestre,Odivelas,Preço de Venda / m2,1685
2018/4 Trimestre,Alcochete,Preço de Venda / m2,1523
2018/4 Trimestre,Almada,Preço de Venda / m2,1370
2018/4 Trimestre,Barreiro,Preço de Venda / m2,878
2018/4 Trimestre,Moita,Preço de Venda / m2,654
2018/4 Trimestre,Montijo,Preço de Venda / m2,1019
2018/4 Trimestre,Palmela,Preço de Venda / m2,949
2018/4 Trimestre,Seixal,Preço de Venda / m2,967
2018/4 Trimestre,Sesimbra,Preço de Venda / m2,1664
2018/4 Trimestre,Setúbal,Preço de Venda / m2,985
2018/4 Trimestre,Espinho,Preço de Venda / m2,938
2018/4 Trimestre,Gondomar,Preço de Venda / m2,858
2018/4 Trimestre,Maia,Preço de Venda / m2,914
2018/4 Trimestre,Matosinhos,Preço de Venda / m2,1306
2018/4 Trimestre,Porto,Preço de Venda / m2,2085
2018/4 Trimestre,Póvoa de Varzim,Preço de Venda / m2,948
2018/4 Trimestre,Valongo,Preço de Venda / m2,852
2018/4 Trimestre,Vila do Conde,Preço de Venda / m2,1021
2018/4 Trimestre,Vila Nova de Gaia,Preço de Venda / m2,940
2018/4 Trimestre,Espinho,Fogos Vendidos,68
2018/4 Trimestre,Cascais,Fogos Vendidos,856
2018/4 Trimestre,Lisboa,Fogos Vendidos,2893
2018/4 Trimestre,Loures,Fogos Vendidos,545
2018/4 Trimestre,Mafra,Fogos Vendidos,376
2018/4 Trimestre,Oeiras,Fogos Vendidos,679
2018/4 Trimestre,Sintra,Fogos Vendidos,1680
2018/4 Trimestre,Vila Franca de Xira,Fogos Vendidos,499
2018/4 Trimestre,Amadora,Fogos Vendidos,572
2018/4 Trimestre,Odivelas,Fogos Vendidos,447
2018/4 Trimestre,Gondomar,Fogos Vendidos,579
2018/4 Trimestre,Maia,Fogos Vendidos,692
2018/4 Trimestre,Matosinhos,Fogos Vendidos,842
2018/4 Trimestre,Porto,Fogos Vendidos,1880
2018/4 Trimestre,Póvoa de Varzim,Fogos Vendidos,348
2018/4 Trimestre,Valongo,Fogos Vendidos,424
2018/4 Trimestre,Vila do Conde,Fogos Vendidos,378
2018/4 Trimestre,Vila Nova de Gaia,Fogos Vendidos,1451
2018/4 Trimestre,Alcochete,Fogos Vendidos,98
2018/4 Trimestre,Almada,Fogos Vendidos,790
2018/4 Trimestre,Barreiro,Fogos Vendidos,357
2018/4 Trimestre,Moita,Fogos Vendidos,259
2018/4 Trimestre,Montijo,Fogos Vendidos,260
2018/4 Trimestre,Palmela,Fogos Vendidos,256
2018/4 Trimestre,Seixal,Fogos Vendidos,766
2018/4 Trimestre,Sesimbra,Fogos Vendidos,379
2018/4 Trimestre,Setúbal,Fogos Vendidos,804
2019/1 Trimestre,Espinho,Fogos Vendidos,82
2019/1 Trimestre,Cascais,Fogos Vendidos,848
2019/1 Trimestre,Cascais,Preço de Venda / m2,2547
2019/1 Trimestre,Lisboa,Fogos Vendidos,2798
2019/1 Trimestre,Lisboa,Preço de Venda / m2,3560
2019/1 Trimestre,Loures,Fogos Vendidos,567
2019/1 Trimestre,Loures,Preço de Venda / m2,1670
2019/1 Trimestre,Mafra,Fogos Vendidos,383
2019/1 Trimestre,Mafra,Preço de Venda / m2,1290
2019/1 Trimestre,Oeiras,Fogos Vendidos,697
2019/1 Trimestre,Oeiras,Preço de Venda / m2,2258
2019/1 Trimestre,Sintra,Fogos Vendidos,1534
2019/1 Trimestre,Sintra,Preço de Venda / m2,1139
2019/1 Trimestre,Vila Franca de Xira,Fogos Vendidos,520
2019/1 Trimestre,Vila Franca de Xira,Preço de Venda / m2,1195
2019/1 Trimestre,Amadora,Fogos Vendidos,556
2019/1 Trimestre,Amadora,Preço de Venda / m2,1527
2019/1 Trimestre,Odivelas,Fogos Vendidos,436
2019/1 Trimestre,Odivelas,Preço de Venda / m2,1756
2019/1 Trimestre,Gondomar,Fogos Vendidos,556
2019/1 Trimestre,Gondomar,Preço de Venda / m2,892
2019/1 Trimestre,Maia,Fogos Vendidos,527
2019/1 Trimestre,Maia,Preço de Venda / m2,1131
2019/1 Trimestre,Matosinhos,Fogos Vendidos,760
2019/1 Trimestre,Matosinhos,Preço de Venda / m2,1374
2019/1 Trimestre,Porto,Fogos Vendidos,1683
2019/1 Trimestre,Porto,Preço de Venda / m2,2139
2019/1 Trimestre,Póvoa de Varzim,Fogos Vendidos,320
2019/1 Trimestre,Póvoa de Varzim,Preço de Venda / m2,1061
2019/1 Trimestre,Valongo,Fogos Vendidos,394
2019/1 Trimestre,Valongo,Preço de Venda / m2,853
2019/1 Trimestre,Vila do Conde,Fogos Vendidos,348
2019/1 Trimestre,Vila do Conde,Preço de Venda / m2,1056
2019/1 Trimestre,Vila Nova de Gaia,Fogos Vendidos,1458
2019/1 Trimestre,Vila Nova de Gaia,Preço de Venda / m2,1066
2019/1 Trimestre,Alcochete,Fogos Vendidos,112
2019/1 Trimestre,Alcochete,Preço de Venda / m2,1464
2019/1 Trimestre,Almada,Fogos Vendidos,814
2019/1 Trimestre,Almada,Preço de Venda / m2,1420
2019/1 Trimestre,Barreiro,Fogos Vendidos,375
2019/1 Trimestre,Barreiro,Preço de Venda / m2,889
2019/1 Trimestre,Moita,Fogos Vendidos,273
2019/1 Trimestre,Moita,Preço de Venda / m2,724
2019/1 Trimestre,Montijo,Fogos Vendidos,267
2019/1 Trimestre,Montijo,Preço de Venda / m2,1083
2019/1 Trimestre,Palmela,Fogos Vendidos,419
2019/1 Trimestre,Palmela,Preço de Venda / m2,1007
2019/1 Trimestre,Seixal,Fogos Vendidos,772
2019/1 Trimestre,Seixal,Preço de Venda / m2,1081
2019/1 Trimestre,Sesimbra,Fogos Vendidos,385
2019/1 Trimestre,Sesimbra,Preço de Venda / m2,1330
2019/1 Trimestre,Setúbal,Fogos Vendidos,862
2019/1 Trimestre,Setúbal,Preço de Venda / m2,1022
2019/2 Trimestre,Cascais,Fogos Vendidos,836
2019/2 Trimestre,Cascais,Preço de Venda / m2,2734
2019/2 Trimestre,Lisboa,Fogos Vendidos,2764
2019/2 Trimestre,Lisboa,Preço de Venda / m2,3709
2019/2 Trimestre,Loures,Fogos Vendidos,558
2019/2 Trimestre,Loures,Preço de Venda / m2,1684
2019/2 Trimestre,Mafra,Fogos Vendidos,367
2019/2 Trimestre,Mafra,Preço de Venda / m2,1393
2019/2 Trimestre,Oeiras,Fogos Vendidos,676
2019/2 Trimestre,Oeiras,Preço de Venda / m2,2358
2019/2 Trimestre,Sintra,Fogos Vendidos,1513
2019/2 Trimestre,Sintra,Preço de Venda / m2,1241
2019/2 Trimestre,Vila Franca de Xira,Fogos Vendidos,508
2019/2 Trimestre,Vila Franca de Xira,Preço de Venda / m2,1267
2019/2 Trimestre,Amadora,Fogos Vendidos,544
2019/2 Trimestre,Amadora,Preço de Venda / m2,1610
2019/2 Trimestre,Odivelas,Fogos Vendidos,429
2019/2 Trimestre,Odivelas,Preço de Venda / m2,1857
2019/2 Trimestre,Gondomar,Fogos Vendidos,542
2019/2 Trimestre,Gondomar,Preço de Venda / m2,882
2019/2 Trimestre,Maia,Fogos Vendidos,510
2019/2 Trimestre,Maia,Preço de Venda / m2,1201
2019/2 Trimestre,Matosinhos,Fogos Vendidos,738
2019/2 Trimestre,Matosinhos,Preço de Venda / m2,1464
2019/2 Trimestre,Porto,Fogos Vendidos,1658
2019/2 Trimestre,Porto,Preço de Venda / m2,2002
2019/2 Trimestre,Póvoa de Varzim,Fogos Vendidos,315
2019/2 Trimestre,Póvoa de Varzim,Preço de Venda / m2,1128
2019/2 Trimestre,Valongo,Fogos Vendidos,391
2019/2 Trimestre,Valongo,Preço de Venda / m2,838
2019/2 Trimestre,Vila do Conde,Fogos Vendidos,330
2019/2 Trimestre,Vila do Conde,Preço de Venda / m2,1091
2019/2 Trimestre,Vila Nova de Gaia,Fogos Vendidos,1413
2019/2 Trimestre,Vila Nova de Gaia,Preço de Venda / m2,1086
2019/2 Trimestre,Alcochete,Fogos Vendidos,106
2019/2 Trimestre,Alcochete,Preço de Venda / m2,1569
2019/2 Trimestre,Almada,Fogos Vendidos,795
2019/2 Trimestre,Almada,Preço de Venda / m2,1566
2019/2 Trimestre,Barreiro,Fogos Vendidos,368
2019/2 Trimestre,Barreiro,Preço de Venda / m2,896
2019/2 Trimestre,Moita,Fogos Vendidos,268
2019/2 Trimestre,Moita,Preço de Venda / m2,748
2019/2 Trimestre,Montijo,Fogos Vendidos,263
2019/2 Trimestre,Montijo,Preço de Venda / m2,1159
2019/2 Trimestre,Palmela,Fogos Vendidos,413
2019/2 Trimestre,Palmela,Preço de Venda / m2,1008
2019/2 Trimestre,Seixal,Fogos Vendidos,761
2019/2 Trimestre,Seixal,Preço de Venda / m2,1134
2019/2 Trimestre,Sesimbra,Fogos Vendidos,378
2019/2 Trimestre,Sesimbra,Preço de Venda / m2,1209
2019/2 Trimestre,Setúbal,Fogos Vendidos,851
2019/2 Trimestre,Setúbal,Preço de Venda / m2,1054
2019/3 Trimestre,Espinho,Fogos Vendidos,87
2019/3 Trimestre,Cascais,Fogos Vendidos,858
2019/3 Trimestre,Cascais,Preço de Venda / m2,2618
2019/3 Trimestre,Lisboa,Fogos Vendidos,2848
2019/3 Trimestre,Lisboa,Preço de Venda / m2,3826
2019/3 Trimestre,Loures,Fogos Vendidos,577
2019/3 Trimestre,Loures,Preço de Venda / m2,1732
2019/3 Trimestre,Mafra,Fogos Vendidos,389
2019/3 Trimestre,Mafra,Preço de Venda / m2,1261
2019/3 Trimestre,Oeiras,Fogos Vendidos,707
2019/3 Trimestre,Oeiras,Preço de Venda / m2,2405
2019/3 Trimestre,Sintra,Fogos Vendidos,1562
2019/3 Trimestre,Sintra,Preço de Venda / m2,1295
2019/3 Trimestre,Vila Franca de Xira,Fogos Vendidos,526
2019/3 Trimestre,Vila Franca de Xira,Preço de Venda / m2,1237
2019/3 Trimestre,Amadora,Fogos Vendidos,564
2019/3 Trimestre,Amadora,Preço de Venda / m2,1641
2019/3 Trimestre,Odivelas,Fogos Vendidos,446
2019/3 Trimestre,Odivelas,Preço de Venda / m2,1816
2019/3 Trimestre,Gondomar,Fogos Vendidos,580
2019/3 Trimestre,Gondomar,Preço de Venda / m2,915
2019/3 Trimestre,Maia,Fogos Vendidos,555
2019/3 Trimestre,Maia,Preço de Venda / m2,1155
2019/3 Trimestre,Matosinhos,Fogos Vendidos,803
2019/3 Trimestre,Matosinhos,Preço de Venda / m2,1553
2019/3 Trimestre,Porto,Fogos Vendidos,1785
2019/3 Trimestre,Porto,Preço de Venda / m2,2325
2019/3 Trimestre,Póvoa de Varzim,Fogos Vendidos,335
2019/3 Trimestre,Póvoa de Varzim,Preço de Venda / m2,1314
2019/3 Trimestre,Valongo,Fogos Vendidos,416
2019/3 Trimestre,Valongo,Preço de Venda / m2,897
2019/3 Trimestre,Vila do Conde,Fogos Vendidos,358
2019/3 Trimestre,Vila do Conde,Preço de Venda / m2,1011
2019/3 Trimestre,Vila Nova de Gaia,Fogos Vendidos,1530
2019/3 Trimestre,Vila Nova de Gaia,Preço de Venda / m2,1125
2019/3 Trimestre,Alcochete,Fogos Vendidos,109
2019/3 Trimestre,Alcochete,Preço de Venda / m2,1483
2019/3 Trimestre,Almada,Fogos Vendidos,825
2019/3 Trimestre,Almada,Preço de Venda / m2,1491
2019/3 Trimestre,Barreiro,Fogos Vendidos,380
2019/3 Trimestre,Barreiro,Preço de Venda / m2,1008
2019/3 Trimestre,Moita,Fogos Vendidos,276
2019/3 Trimestre,Moita,Preço de Venda / m2,800
2019/3 Trimestre,Montijo,Fogos Vendidos,275
2019/3 Trimestre,Montijo,Preço de Venda / m2,1106
2019/3 Trimestre,Palmela,Fogos Vendidos,426
2019/3 Trimestre,Palmela,Preço de Venda / m2,1041
2019/3 Trimestre,Seixal,Fogos Vendidos,784
2019/3 Trimestre,Seixal,Preço de Venda / m2,1212
2019/3 Trimestre,Sesimbra,Fogos Vendidos,390
2019/3 Trimestre,Sesimbra,Preço de Venda / m2,1498
2019/3 Trimestre,Setúbal,Fogos Vendidos,877
2019/3 Trimestre,Setúbal,Preço de Venda / m2,1149
2019/4 Trimestre,Espinho,Fogos Vendidos,92
2019/4 Trimestre,Cascais,Fogos Vendidos,913
2019/4 Trimestre,Cascais,Preço de Venda / m2,2703
2019/4 Trimestre,Lisboa,Fogos Vendidos,3052
2019/4 Trimestre,Lisboa,Preço de Venda / m2,3964
2019/4 Trimestre,Loures,Fogos Vendidos,621
2019/4 Trimestre,Loures,Preço de Venda / m2,1728
2019/4 Trimestre,Mafra,Fogos Vendidos,421
2019/4 Trimestre,Mafra,Preço de Venda / m2,1360
2019/4 Trimestre,Oeiras,Fogos Vendidos,749
2019/4 Trimestre,Oeiras,Preço de Venda / m2,2350
2019/4 Trimestre,Sintra,Fogos Vendidos,1673
2019/4 Trimestre,Sintra,Preço de Venda / m2,1342
2019/4 Trimestre,Vila Franca de Xira,Fogos Vendidos,560
2019/4 Trimestre,Vila Franca de Xira,Preço de Venda / m2,1275
2019/4 Trimestre,Amadora,Fogos Vendidos,601
2019/4 Trimestre,Amadora,Preço de Venda / m2,1641
2019/4 Trimestre,Odivelas,Fogos Vendidos,478
2019/4 Trimestre,Odivelas,Preço de Venda / m2,1866
2019/4 Trimestre,Gondomar,Fogos Vendidos,609
2019/4 Trimestre,Gondomar,Preço de Venda / m2,953
2019/4 Trimestre,Maia,Fogos Vendidos,580
2019/4 Trimestre,Maia,Preço de Venda / m2,1199
2019/4 Trimestre,Matosinhos,Fogos Vendidos,842
2019/4 Trimestre,Matosinhos,Preço de Venda / m2,1565
2019/4 Trimestre,Porto,Fogos Vendidos,1873
2019/4 Trimestre,Porto,Preço de Venda / m2,2360
2019/4 Trimestre,Póvoa de Varzim,Fogos Vendidos,352
2019/4 Trimestre,Póvoa de Varzim,Preço de Venda / m2,1293
2019/4 Trimestre,Valongo,Fogos Vendidos,441
2019/4 Trimestre,Valongo,Preço de Venda / m2,974
2019/4 Trimestre,Vila do Conde,Fogos Vendidos,386
2019/4 Trimestre,Vila do Conde,Preço de Venda / m2,1191
2019/4 Trimestre,Vila Nova de Gaia,Fogos Vendidos,1609
2019/4 Trimestre,Vila Nova de Gaia,Preço de Venda / m2,1137
2019/4 Trimestre,Alcochete,Fogos Vendidos,121
2019/4 Trimestre,Alcochete,Preço de Venda / m2,1737
2019/4 Trimestre,Almada,Fogos Vendidos,885
2019/4 Trimestre,Almada,Preço de Venda / m2,1572
2019/4 Trimestre,Barreiro,Fogos Vendidos,409
2019/4 Trimestre,Barreiro,Preço de Venda / m2,1022
2019/4 Trimestre,Moita,Fogos Vendidos,296
2019/4 Trimestre,Moita,Preço de Venda / m2,824
2019/4 Trimestre,Montijo,Fogos Vendidos,288
2019/4 Trimestre,Montijo,Preço de Venda / m2,1214
2019/4 Trimestre,Palmela,Fogos Vendidos,456
2019/4 Trimestre,Palmela,Preço de Venda / m2,769
2019/4 Trimestre,Seixal,Fogos Vendidos,831
2019/4 Trimestre,Seixal,Preço de Venda / m2,1191
2019/4 Trimestre,Sesimbra,Fogos Vendidos,418
2019/4 Trimestre,Sesimbra,Preço de Venda / m2,1283
2019/4 Trimestre,Setúbal,Fogos Vendidos,933
2019/4 Trimestre,Setúbal,Preço de Venda / m2,1149
2020/1 Trimestre,Espinho,Fogos Vendidos,80
2020/1 Trimestre,Cascais,Fogos Vendidos,821
2020/1 Trimestre,Cascais,Preço de Venda / m2,2889
2020/1 Trimestre,Lisboa,Fogos Vendidos,2748
2020/1 Trimestre,Lisboa,Preço de Venda / m2,4038
2020/1 Trimestre,Loures,Fogos Vendidos,559
2020/1 Trimestre,Loures,Preço de Venda / m2,1814
2020/1 Trimestre,Mafra,Fogos Vendidos,375
2020/1 Trimestre,Mafra,Preço de Venda / m2,1350
2020/1 Trimestre,Oeiras,Fogos Vendidos,679
2020/1 Trimestre,Oeiras,Preço de Venda / m2,2443
2020/1 Trimestre,Sintra,Fogos Vendidos,1507
2020/1 Trimestre,Sintra,Preço de Venda / m2,1433
2020/1 Trimestre,Vila Franca de Xira,Fogos Vendidos,504
2020/1 Trimestre,Vila Franca de Xira,Preço de Venda / m2,1347
2020/1 Trimestre,Amadora,Fogos Vendidos,543
2020/1 Trimestre,Amadora,Preço de Venda / m2,1726
2020/1 Trimestre,Odivelas,Fogos Vendidos,432
2020/1 Trimestre,Odivelas,Preço de Venda / m2,1914
2020/1 Trimestre,Gondomar,Fogos Vendidos,556
2020/1 Trimestre,Gondomar,Preço de Venda / m2,1062
2020/1 Trimestre,Maia,Fogos Vendidos,527
2020/1 Trimestre,Maia,Preço de Venda / m2,1159
2020/1 Trimestre,Matosinhos,Fogos Vendidos,764
2020/1 Trimestre,Matosinhos,Preço de Venda / m2,1872
2020/1 Trimestre,Porto,Fogos Vendidos,1696
2020/1 Trimestre,Porto,Preço de Venda / m2,2269
2020/1 Trimestre,Póvoa de Varzim,Fogos Vendidos,320
2020/1 Trimestre,Póvoa de Varzim,Preço de Venda / m2,1142
2020/1 Trimestre,Valongo,Fogos Vendidos,398
2020/1 Trimestre,Valongo,Preço de Venda / m2,1063
2020/1 Trimestre,Vila do Conde,Fogos Vendidos,355
2020/1 Trimestre,Vila do Conde,Preço de Venda / m2,1417
2020/1 Trimestre,Vila Nova de Gaia,Fogos Vendidos,1468
2020/1 Trimestre,Vila Nova de Gaia,Preço de Venda / m2,1272
2020/1 Trimestre,Alcochete,Fogos Vendidos,110
2020/1 Trimestre,Alcochete,Preço de Venda / m2,1664
2020/1 Trimestre,Almada,Fogos Vendidos,794
2020/1 Trimestre,Almada,Preço de Venda / m2,1613
2020/1 Trimestre,Barreiro,Fogos Vendidos,368
2020/1 Trimestre,Barreiro,Preço de Venda / m2,1130
2020/1 Trimestre,Moita,Fogos Vendidos,263
2020/1 Trimestre,Moita,Preço de Venda / m2,870
2020/1 Trimestre,Montijo,Fogos Vendidos,259
2020/1 Trimestre,Montijo,Preço de Venda / m2,1384
2020/1 Trimestre,Palmela,Fogos Vendidos,413
2020/1 Trimestre,Palmela,Preço de Venda / m2,1154
2020/1 Trimestre,Seixal,Fogos Vendidos,748
2020/1 Trimestre,Seixal,Preço de Venda / m2,1333
2020/1 Trimestre,Sesimbra,Fogos Vendidos,376
2020/1 Trimestre,Sesimbra,Preço de Venda / m2,1400
2020/1 Trimestre,Setúbal,Fogos Vendidos,836
2020/1 Trimestre,Setúbal,Preço de Venda / m2,1224
2020/2 Trimestre,Espinho,Fogos Vendidos,60
2020/2 Trimestre,Cascais,Fogos Vendidos,580
2020/2 Trimestre,Cascais,Preço de Venda / m2,2722
2020/2 Trimestre,Lisboa,Fogos Vendidos,1930
2020/2 Trimestre,Lisboa,Preço de Venda / m2,3609
2020/2 Trimestre,Loures,Fogos Vendidos,392
2020/2 Trimestre,Loures,Preço de Venda / m2,1830
2020/2 Trimestre,Mafra,Fogos Vendidos,262
2020/2 Trimestre,Mafra,Preço de Venda / m2,1349
2020/2 Trimestre,Oeiras,Fogos Vendidos,480
2020/2 Trimestre,Oeiras,Preço de Venda / m2,2426
2020/2 Trimestre,Sintra,Fogos Vendidos,1061
2020/2 Trimestre,Sintra,Preço de Venda / m2,1464
2020/2 Trimestre,Vila Franca de Xira,Fogos Vendidos,354
2020/2 Trimestre,Vila Franca de Xira,Preço de Venda / m2,1347
2020/2 Trimestre,Amadora,Fogos Vendidos,383
2020/2 Trimestre,Amadora,Preço de Venda / m2,1735
2020/2 Trimestre,Odivelas,Fogos Vendidos,302
2020/2 Trimestre,Odivelas,Preço de Venda / m2,2048
2020/2 Trimestre,Gondomar,Fogos Vendidos,409
2020/2 Trimestre,Gondomar,Preço de Venda / m2,1174
2020/2 Trimestre,Maia,Fogos Vendidos,393
2020/2 Trimestre,Maia,Preço de Venda / m2,1289
2020/2 Trimestre,Matosinhos,Fogos Vendidos,560
2020/2 Trimestre,Matosinhos,Preço de Venda / m2,1813
2020/2 Trimestre,Porto,Fogos Vendidos,1256
2020/2 Trimestre,Porto,Preço de Venda / m2,2234
2020/2 Trimestre,Póvoa de Varzim,Fogos Vendidos,234
2020/2 Trimestre,Póvoa de Varzim,Preço de Venda / m2,1354
2020/2 Trimestre,Valongo,Fogos Vendidos,290
2020/2 Trimestre,Valongo,Preço de Venda / m2,1098
2020/2 Trimestre,Vila do Conde,Fogos Vendidos,251
2020/2 Trimestre,Vila do Conde,Preço de Venda / m2,1311
2020/2 Trimestre,Vila Nova de Gaia,Fogos Vendidos,1076
2020/2 Trimestre,Vila Nova de Gaia,Preço de Venda / m2,1115
2020/2 Trimestre,Alcochete,Fogos Vendidos,72
2020/2 Trimestre,Alcochete,Preço de Venda / m2,1448
2020/2 Trimestre,Almada,Fogos Vendidos,559
2020/2 Trimestre,Almada,Preço de Venda / m2,1677
2020/2 Trimestre,Barreiro,Fogos Vendidos,257
2020/2 Trimestre,Barreiro,Preço de Venda / m2,993
2020/2 Trimestre,Moita,Fogos Vendidos,191
2020/2 Trimestre,Moita,Preço de Venda / m2,914
2020/2 Trimestre,Montijo,Fogos Vendidos,185
2020/2 Trimestre,Montijo,Preço de Venda / m2,1397
2020/2 Trimestre,Palmela,Fogos Vendidos,290
2020/2 Trimestre,Palmela,Preço de Venda / m2,1260
2020/2 Trimestre,Seixal,Fogos Vendidos,529
2020/2 Trimestre,Seixal,Preço de Venda / m2,1376
2020/2 Trimestre,Sesimbra,Fogos Vendidos,261
2020/2 Trimestre,Sesimbra,Preço de Venda / m2,1449
2020/2 Trimestre,Setúbal,Fogos Vendidos,593
2020/2 Trimestre,Setúbal,Preço de Venda / m2,1254
2020/3 Trimestre,Espinho,Fogos Vendidos,73
2020/3 Trimestre,Cascais,Fogos Vendidos,706
2020/3 Trimestre,Cascais,Preço de Venda / m2,2779
2020/3 Trimestre,Lisboa,Fogos Vendidos,2332
2020/3 Trimestre,Lisboa,Preço de Venda / m2,3714
2020/3 Trimestre,Loures,Fogos Vendidos,477
2020/3 Trimestre,Loures,Preço de Venda / m2,1902
2020/3 Trimestre,Mafra,Fogos Vendidos,322
2020/3 Trimestre,Mafra,Preço de Venda / m2,1527
2020/3 Trimestre,Oeiras,Fogos Vendidos,580
2020/3 Trimestre,Oeiras,Preço de Venda / m2,2601
2020/3 Trimestre,Sintra,Fogos Vendidos,1292
2020/3 Trimestre,Sintra,Preço de Venda / m2,1466
2020/3 Trimestre,Vila Franca de Xira,Fogos Vendidos,431
2020/3 Trimestre,Vila Franca de Xira,Preço de Venda / m2,1369
2020/3 Trimestre,Amadora,Fogos Vendidos,463
2020/3 Trimestre,Amadora,Preço de Venda / m2,1722
2020/3 Trimestre,Odivelas,Fogos Vendidos,365
2020/3 Trimestre,Odivelas,Preço de Venda / m2,2037
2020/3 Trimestre,Gondomar,Fogos Vendidos,506
2020/3 Trimestre,Gondomar,Preço de Venda / m2,1145
2020/3 Trimestre,Maia,Fogos Vendidos,488
2020/3 Trimestre,Maia,Preço de Venda / m2,1037
2020/3 Trimestre,Matosinhos,Fogos Vendidos,695
2020/3 Trimestre,Matosinhos,Preço de Venda / m2,1858
2020/3 Trimestre,Porto,Fogos Vendidos,1555
2020/3 Trimestre,Porto,Preço de Venda / m2,2105
2020/3 Trimestre,Póvoa de Varzim,Fogos Vendidos,296
2020/3 Trimestre,Póvoa de Varzim,Preço de Venda / m2,1300
2020/3 Trimestre,Valongo,Fogos Vendidos,364
2020/3 Trimestre,Valongo,Preço de Venda / m2,1156
2020/3 Trimestre,Vila do Conde,Fogos Vendidos,311
2020/3 Trimestre,Vila do Conde,Preço de Venda / m2,1439
2020/3 Trimestre,Vila Nova de Gaia,Fogos Vendidos,1343
2020/3 Trimestre,Vila Nova de Gaia,Preço de Venda / m2,1248
2020/3 Trimestre,Alcochete,Fogos Vendidos,85
2020/3 Trimestre,Alcochete,Preço de Venda / m2,1510
2020/3 Trimestre,Almada,Fogos Vendidos,679
2020/3 Trimestre,Almada,Preço de Venda / m2,1762
2020/3 Trimestre,Barreiro,Fogos Vendidos,313
2020/3 Trimestre,Barreiro,Preço de Venda / m2,1150
2020/3 Trimestre,Moita,Fogos Vendidos,228
2020/3 Trimestre,Moita,Preço de Venda / m2,905
2020/3 Trimestre,Montijo,Fogos Vendidos,221
2020/3 Trimestre,Montijo,Preço de Venda / m2,1251
2020/3 Trimestre,Palmela,Fogos Vendidos,352
2020/3 Trimestre,Palmela,Preço de Venda / m2,1228
2020/3 Trimestre,Seixal,Fogos Vendidos,645
2020/3 Trimestre,Seixal,Preço de Venda / m2,1349
2020/3 Trimestre,Sesimbra,Fogos Vendidos,322
2020/3 Trimestre,Sesimbra,Preço de Venda / m2,1515
2020/3 Trimestre,Setúbal,Fogos Vendidos,715
2020/3 Trimestre,Setúbal,Preço de Venda / m2,1275
2020/4 Trimestre,Espinho,Fogos Vendidos,85
2020/4 Trimestre,Cascais,Fogos Vendidos,801
2020/4 Trimestre,Cascais,Preço de Venda / m2,2924
2020/4 Trimestre,Lisboa,Fogos Vendidos,2643
2020/4 Trimestre,Lisboa,Preço de Venda / m2,3780
2020/4 Trimestre,Loures,Fogos Vendidos,545
2020/4 Trimestre,Loures,Preço de Venda / m2,1831
2020/4 Trimestre,Mafra,Fogos Vendidos,354
2020/4 Trimestre,Mafra,Preço de Venda / m2,1575
2020/4 Trimestre,Oeiras,Fogos Vendidos,660
2020/4 Trimestre,Oeiras,Preço de Venda / m2,2547
2020/4 Trimestre,Sintra,Fogos Vendidos,1462
2020/4 Trimestre,Sintra,Preço de Venda / m2,1500
2020/4 Trimestre,Vila Franca de Xira,Fogos Vendidos,492
2020/4 Trimestre,Vila Franca de Xira,Preço de Venda / m2,1431
2020/4 Trimestre,Amadora,Fogos Vendidos,528
2020/4 Trimestre,Amadora,Preço de Venda / m2,1704
2020/4 Trimestre,Odivelas,Fogos Vendidos,416
2020/4 Trimestre,Odivelas,Preço de Venda / m2,1932
2020/4 Trimestre,Gondomar,Fogos Vendidos,555
2020/4 Trimestre,Gondomar,Preço de Venda / m2,1081
2020/4 Trimestre,Maia,Fogos Vendidos,527
2020/4 Trimestre,Maia,Preço de Venda / m2,1070
2020/4 Trimestre,Matosinhos,Fogos Vendidos,758
2020/4 Trimestre,Matosinhos,Preço de Venda / m2,1993
2020/4 Trimestre,Porto,Fogos Vendidos,1687
2020/4 Trimestre,Porto,Preço de Venda / m2,2286
2020/4 Trimestre,Póvoa de Varzim,Fogos Vendidos,319
2020/4 Trimestre,Póvoa de Varzim,Preço de Venda / m2,1240
2020/4 Trimestre,Valongo,Fogos Vendidos,394
2020/4 Trimestre,Valongo,Preço de Venda / m2,1136
2020/4 Trimestre,Vila do Conde,Fogos Vendidos,350
2020/4 Trimestre,Vila do Conde,Preço de Venda / m2,1274
2020/4 Trimestre,Vila Nova de Gaia,Fogos Vendidos,1457
2020/4 Trimestre,Vila Nova de Gaia,Preço de Venda / m2,1332
2020/4 Trimestre,Alcochete,Fogos Vendidos,106
2020/4 Trimestre,Alcochete,Preço de Venda / m2,1741
2020/4 Trimestre,Almada,Fogos Vendidos,772
2020/4 Trimestre,Almada,Preço de Venda / m2,1769
2020/4 Trimestre,Barreiro,Fogos Vendidos,352
2020/4 Trimestre,Barreiro,Preço de Venda / m2,1169
2020/4 Trimestre,Moita,Fogos Vendidos,257
2020/4 Trimestre,Moita,Preço de Venda / m2,987
2020/4 Trimestre,Montijo,Fogos Vendidos,251
2020/4 Trimestre,Montijo,Preço de Venda / m2,1382
2020/4 Trimestre,Palmela,Fogos Vendidos,397
2020/4 Trimestre,Palmela,Preço de Venda / m2,1197
2020/4 Trimestre,Seixal,Fogos Vendidos,729
2020/4 Trimestre,Seixal,Preço de Venda / m2,1347
2020/4 Trimestre,Sesimbra,Fogos Vendidos,363
2020/4 Trimestre,Sesimbra,Preço de Venda / m2,1496
2020/4 Trimestre,Setúbal,Fogos Vendidos,813
2020/4 Trimestre,Setúbal,Preço de Venda / m2,1304
2021/1 Trimestre,Espinho,Fogos Vendidos,78
2021/1 Trimestre,Espinho,Preço de Venda / m2,1262
2021/1 Trimestre,Cascais,Fogos Vendidos,739
2021/1 Trimestre,Cascais,Preço de Venda / m2,2955
2021/1 Trimestre,Lisboa,Fogos Vendidos,2464
2021/1 Trimestre,Lisboa,Preço de Venda / m2,3901
2021/1 Trimestre,Loures,Fogos Vendidos,497
2021/1 Trimestre,Loures,Preço de Venda / m2,1999
2021/1 Trimestre,Mafra,Fogos Vendidos,328
2021/1 Trimestre,Mafra,Preço de Venda / m2,1579
2021/1 Trimestre,Oeiras,Fogos Vendidos,611
2021/1 Trimestre,Oeiras,Preço de Venda / m2,2754
2021/1 Trimestre,Sintra,Fogos Vendidos,1356
2021/1 Trimestre,Sintra,Preço de Venda / m2,1581
2021/1 Trimestre,Vila Franca de Xira,Fogos Vendidos,453
2021/1 Trimestre,Vila Franca de Xira,Preço de Venda / m2,1553
2021/1 Trimestre,Amadora,Fogos Vendidos,484
2021/1 Trimestre,Amadora,Preço de Venda / m2,1874
2021/1 Trimestre,Odivelas,Fogos Vendidos,383
2021/1 Trimestre,Odivelas,Preço de Venda / m2,2117
2021/1 Trimestre,Gondomar,Fogos Vendidos,521
2021/1 Trimestre,Gondomar,Preço de Venda / m2,1210
2021/1 Trimestre,Maia,Fogos Vendidos,504
2021/1 Trimestre,Maia,Preço de Venda / m2,1383
2021/1 Trimestre,Matosinhos,Fogos Vendidos,723
2021/1 Trimestre,Matosinhos,Preço de Venda / m2,1883
2021/1 Trimestre,Porto,Fogos Vendidos,1612
2021/1 Trimestre,Porto,Preço de Venda / m2,2308
2021/1 Trimestre,Póvoa de Varzim,Fogos Vendidos,306
2021/1 Trimestre,Póvoa de Varzim,Preço de Venda / m2,1349
2021/1 Trimestre,Valongo,Fogos Vendidos,376
2021/1 Trimestre,Valongo,Preço de Venda / m2,1148
2021/1 Trimestre,Vila do Conde,Fogos Vendidos,339
2021/1 Trimestre,Vila do Conde,Preço de Venda / m2,1518
2021/1 Trimestre,Vila Nova de Gaia,Fogos Vendidos,1392
2021/1 Trimestre,Vila Nova de Gaia,Preço de Venda / m2,1352
2021/1 Trimestre,Alcochete,Fogos Vendidos,96
2021/1 Trimestre,Alcochete,Preço de Venda / m2,1661
2021/1 Trimestre,Almada,Fogos Vendidos,710
2021/1 Trimestre,Almada,Preço de Venda / m2,1820
2021/1 Trimestre,Barreiro,Fogos Vendidos,326
2021/1 Trimestre,Barreiro,Preço de Venda / m2,1231
2021/1 Trimestre,Moita,Fogos Vendidos,236
2021/1 Trimestre,Moita,Preço de Venda / m2,985
2021/1 Trimestre,Montijo,Fogos Vendidos,234
2021/1 Trimestre,Montijo,Preço de Venda / m2,1365
2021/1 Trimestre,Palmela,Fogos Vendidos,368
2021/1 Trimestre,Palmela,Preço de Venda / m2,1293
2021/1 Trimestre,Seixal,Fogos Vendidos,672
2021/1 Trimestre,Seixal,Preço de Venda / m2,1410
2021/1 Trimestre,Sesimbra,Fogos Vendidos,336
2021/1 Trimestre,Sesimbra,Preço de Venda / m2,1865
2021/1 Trimestre,Setúbal,Fogos Vendidos,751
2021/1 Trimestre,Setúbal,Preço de Venda / m2,1339
2021/2 Trimestre,Espinho,Fogos Vendidos,90
2021/2 Trimestre,Cascais,Fogos Vendidos,872
2021/2 Trimestre,Cascais,Preço de Venda / m2,3250
2021/2 Trimestre,Lisboa,Fogos Vendidos,2889
2021/2 Trimestre,Lisboa,Preço de Venda / m2,3966
2021/2 Trimestre,Loures,Fogos Vendidos,584
2021/2 Trimestre,Loures,Preço de Venda / m2,2004
2021/2 Trimestre,Mafra,Fogos Vendidos,381
2021/2 Trimestre,Mafra,Preço de Venda / m2,1794
2021/2 Trimestre,Oeiras,Fogos Vendidos,716
2021/2 Trimestre,Oeiras,Preço de Venda / m2,3058
2021/2 Trimestre,Sintra,Fogos Vendidos,1591
2021/2 Trimestre,Sintra,Preço de Venda / m2,1682
2021/2 Trimestre,Vila Franca de Xira,Fogos Vendidos,539
2021/2 Trimestre,Vila Franca de Xira,Preço de Venda / m2,1533
2021/2 Trimestre,Amadora,Fogos Vendidos,571
2021/2 Trimestre,Amadora,Preço de Venda / m2,1935
2021/2 Trimestre,Odivelas,Fogos Vendidos,453
2021/2 Trimestre,Odivelas,Preço de Venda / m2,2136
2021/2 Trimestre,Gondomar,Fogos Vendidos,612
2021/2 Trimestre,Gondomar,Preço de Venda / m2,1247
2021/2 Trimestre,Maia,Fogos Vendidos,587
2021/2 Trimestre,Maia,Preço de Venda / m2,1406
2021/2 Trimestre,Matosinhos,Fogos Vendidos,851
2021/2 Trimestre,Matosinhos,Preço de Venda / m2,2062
2021/2 Trimestre,Porto,Fogos Vendidos,1884
2021/2 Trimestre,Porto,Preço de Venda / m2,2586
2021/2 Trimestre,Póvoa de Varzim,Fogos Vendidos,353
2021/2 Trimestre,Póvoa de Varzim,Preço de Venda / m2,1285
2021/2 Trimestre,Valongo,Fogos Vendidos,438
2021/2 Trimestre,Valongo,Preço de Venda / m2,1240
2021/2 Trimestre,Vila do Conde,Fogos Vendidos,397
2021/2 Trimestre,Vila do Conde,Preço de Venda / m2,1355
2021/2 Trimestre,Vila Nova de Gaia,Fogos Vendidos,1646
2021/2 Trimestre,Vila Nova de Gaia,Preço de Venda / m2,1395
2021/2 Trimestre,Alcochete,Fogos Vendidos,113
2021/2 Trimestre,Alcochete,Preço de Venda / m2,1728
2021/2 Trimestre,Almada,Fogos Vendidos,839
2021/2 Trimestre,Almada,Preço de Venda / m2,1910
2021/2 Trimestre,Barreiro,Fogos Vendidos,386
2021/2 Trimestre,Barreiro,Preço de Venda / m2,1248
2021/2 Trimestre,Moita,Fogos Vendidos,280
2021/2 Trimestre,Moita,Preço de Venda / m2,999
2021/2 Trimestre,Montijo,Fogos Vendidos,274
2021/2 Trimestre,Montijo,Preço de Venda / m2,1373
2021/2 Trimestre,Palmela,Fogos Vendidos,432
2021/2 Trimestre,Palmela,Preço de Venda / m2,1375
2021/2 Trimestre,Seixal,Fogos Vendidos,795
2021/2 Trimestre,Seixal,Preço de Venda / m2,1502
2021/2 Trimestre,Sesimbra,Fogos Vendidos,396
2021/2 Trimestre,Sesimbra,Preço de Venda / m2,2045
2021/2 Trimestre,Setúbal,Fogos Vendidos,885
2021/2 Trimestre,Setúbal,Preço de Venda / m2,1390
2021/3 Trimestre,Espinho,Fogos Vendidos,91
2021/3 Trimestre,Espinho,Preço de Venda / m2,1534
2021/3 Trimestre,Cascais,Fogos Vendidos,876
2021/3 Trimestre,Cascais,Preço de Venda / m2,3492
2021/3 Trimestre,Lisboa,Fogos Vendidos,2919
2021/3 Trimestre,Lisboa,Preço de Venda / m2,3954
2021/3 Trimestre,Loures,Fogos Vendidos,590
2021/3 Trimestre,Loures,Preço de Venda / m2,2034
2021/3 Trimestre,Mafra,Fogos Vendidos,390
2021/3 Trimestre,Mafra,Preço de Venda / m2,1843
2021/3 Trimestre,Oeiras,Fogos Vendidos,720
2021/3 Trimestre,Oeiras,Preço de Venda / m2,3047
2021/3 Trimestre,Sintra,Fogos Vendidos,1602
2021/3 Trimestre,Sintra,Preço de Venda / m2,1732
2021/3 Trimestre,Vila Franca de Xira,Fogos Vendidos,539
2021/3 Trimestre,Vila Franca de Xira,Preço de Venda / m2,1591
2021/3 Trimestre,Amadora,Fogos Vendidos,575
2021/3 Trimestre,Amadora,Preço de Venda / m2,1924
2021/3 Trimestre,Odivelas,Fogos Vendidos,458
2021/3 Trimestre,Odivelas,Preço de Venda / m2,2200
2021/3 Trimestre,Gondomar,Fogos Vendidos,619
2021/3 Trimestre,Gondomar,Preço de Venda / m2,1306
2021/3 Trimestre,Maia,Fogos Vendidos,596
2021/3 Trimestre,Maia,Preço de Venda / m2,1534
2021/3 Trimestre,Matosinhos,Fogos Vendidos,855
2021/3 Trimestre,Matosinhos,Preço de Venda / m2,2027
2021/3 Trimestre,Porto,Fogos Vendidos,1898
2021/3 Trimestre,Porto,Preço de Venda / m2,2935
2021/3 Trimestre,Póvoa de Varzim,Fogos Vendidos,356
2021/3 Trimestre,Póvoa de Varzim,Preço de Venda / m2,1439
2021/3 Trimestre,Valongo,Fogos Vendidos,445
2021/3 Trimestre,Valongo,Preço de Venda / m2,1248
2021/3 Trimestre,Vila do Conde,Fogos Vendidos,373
2021/3 Trimestre,Vila do Conde,Preço de Venda / m2,1723
2021/3 Trimestre,Vila Nova de Gaia,Fogos Vendidos,1617
2021/3 Trimestre,Vila Nova de Gaia,Preço de Venda / m2,1463
2021/3 Trimestre,Alcochete,Fogos Vendidos,114
2021/3 Trimestre,Alcochete,Preço de Venda / m2,1725
2021/3 Trimestre,Almada,Fogos Vendidos,843
2021/3 Trimestre,Almada,Preço de Venda / m2,1984
2021/3 Trimestre,Barreiro,Fogos Vendidos,388
2021/3 Trimestre,Barreiro,Preço de Venda / m2,1320
2021/3 Trimestre,Moita,Fogos Vendidos,281
2021/3 Trimestre,Moita,Preço de Venda / m2,1112
2021/3 Trimestre,Montijo,Fogos Vendidos,275
2021/3 Trimestre,Montijo,Preço de Venda / m2,1446
2021/3 Trimestre,Palmela,Fogos Vendidos,434
2021/3 Trimestre,Palmela,Preço de Venda / m2,1412
2021/3 Trimestre,Seixal,Fogos Vendidos,796
2021/3 Trimestre,Seixal,Preço de Venda / m2,1541
2021/3 Trimestre,Sesimbra,Fogos Vendidos,397
2021/3 Trimestre,Sesimbra,Preço de Venda / m2,1982
2021/3 Trimestre,Setúbal,Fogos Vendidos,889
2021/3 Trimestre,Setúbal,Preço de Venda / m2,1505
2021/4 Trimestre,Gondomar,Fogos Vendidos,657
2021/4 Trimestre,Gondomar,Preço de Venda / m2,1369
2021/4 Trimestre,Maia,Fogos Vendidos,625
2021/4 Trimestre,Maia,Preço de Venda / m2,1516
2021/4 Trimestre,Matosinhos,Fogos Vendidos,903
2021/4 Trimestre,Matosinhos,Preço de Venda / m2,1946
2021/4 Trimestre,Odivelas,Fogos Vendidos,487
2021/4 Trimestre,Odivelas,Preço de Venda / m2,2101
2021/4 Trimestre,Porto,Fogos Vendidos,2016
2021/4 Trimestre,Porto,Preço de Venda / m2,3000
2021/4 Trimestre,Vila do Conde,Fogos Vendidos,421
2021/4 Trimestre,Vila do Conde,Preço de Venda / m2,1287
2021/4 Trimestre,Vila Nova de Gaia,Fogos Vendidos,1721
2021/4 Trimestre,Vila Nova de Gaia,Preço de Venda / m2,1651
2021/4 Trimestre,Espinho,Fogos Vendidos,96
2021/4 Trimestre,Espinho,Preço de Venda / m2,1476
2021/4 Trimestre,Cascais,Fogos Vendidos,931
2021/4 Trimestre,Cascais,Preço de Venda / m2,3779
2021/4 Trimestre,Lisboa,Fogos Vendidos,3116
2021/4 Trimestre,Lisboa,Preço de Venda / m2,4643
2021/4 Trimestre,Loures,Fogos Vendidos,632
2021/4 Trimestre,Loures,Preço de Venda / m2,2049
2021/4 Trimestre,Mafra,Fogos Vendidos,413
2021/4 Trimestre,Mafra,Preço de Venda / m2,1863
2021/4 Trimestre,Oeiras,Fogos Vendidos,772
2021/4 Trimestre,Oeiras,Preço de Venda / m2,3072
2021/4 Trimestre,Sintra,Fogos Vendidos,1707
2021/4 Trimestre,Sintra,Preço de Venda / m2,1753
2021/4 Trimestre,Vila Franca de Xira,Fogos Vendidos,573
2021/4 Trimestre,Vila Franca de Xira,Preço de Venda / m2,1643
2021/4 Trimestre,Amadora,Fogos Vendidos,614
2021/4 Trimestre,Amadora,Preço de Venda / m2,1978
2021/4 Trimestre,Póvoa de Varzim,Fogos Vendidos,384
2021/4 Trimestre,Póvoa de Varzim,Preço de Venda / m2,1440
2021/4 Trimestre,Valongo,Fogos Vendidos,474
2021/4 Trimestre,Valongo,Preço de Venda / m2,1348
2021/4 Trimestre,Alcochete,Fogos Vendidos,117
2021/4 Trimestre,Alcochete,Preço de Venda / m2,1888
2021/4 Trimestre,Almada,Fogos Vendidos,898
2021/4 Trimestre,Almada,Preço de Venda / m2,1933
2021/4 Trimestre,Barreiro,Fogos Vendidos,416
2021/4 Trimestre,Barreiro,Preço de Venda / m2,1333
2021/4 Trimestre,Moita,Fogos Vendidos,297
2021/4 Trimestre,Moita,Preço de Venda / m2,1191
2021/4 Trimestre,Montijo,Fogos Vendidos,299
2021/4 Trimestre,Montijo,Preço de Venda / m2,1445
2021/4 Trimestre,Palmela,Fogos Vendidos,463
2021/4 Trimestre,Palmela,Preço de Venda / m2,1371
2021/4 Trimestre,Seixal,Fogos Vendidos,851
2021/4 Trimestre,Seixal,Preço de Venda / m2,1557
2021/4 Trimestre,Sesimbra,Fogos Vendidos,427
2021/4 Trimestre,Sesimbra,Preço de Venda / m2,2406
2021/4 Trimestre,Setúbal,Fogos Vendidos,950
2021/4 Trimestre,Setúbal,Preço de Venda / m2,1548
2022/1 Trimestre,Espinho,Fogos Vendidos,89
2022/1 Trimestre,Espinho,Preço de Venda / m2,2081
2022/1 Trimestre,Cascais,Fogos Vendidos,904
2022/1 Trimestre,Cascais,Preço de Venda / m2,3632
2022/1 Trimestre,Lisboa,Fogos Vendidos,3000
2022/1 Trimestre,Lisboa,Preço de Venda / m2,4316
2022/1 Trimestre,Loures,Fogos Vendidos,611
2022/1 Trimestre,Loures,Preço de Venda / m2,2219
2022/1 Trimestre,Mafra,Fogos Vendidos,398
2022/1 Trimestre,Mafra,Preço de Venda / m2,2161
2022/1 Trimestre,Oeiras,Fogos Vendidos,744
2022/1 Trimestre,Oeiras,Preço de Venda / m2,3108
2022/1 Trimestre,Sintra,Fogos Vendidos,1648
2022/1 Trimestre,Sintra,Preço de Venda / m2,1881
2022/1 Trimestre,Vila Franca de Xira,Fogos Vendidos,554
2022/1 Trimestre,Vila Franca de Xira,Preço de Venda / m2,1682
2022/1 Trimestre,Amadora,Fogos Vendidos,595
2022/1 Trimestre,Amadora,Preço de Venda / m2,2046
2022/1 Trimestre,Odivelas,Fogos Vendidos,468
2022/1 Trimestre,Odivelas,Preço de Venda / m2,2325
2022/1 Trimestre,Gondomar,Fogos Vendidos,620
2022/1 Trimestre,Gondomar,Preço de Venda / m2,1387
2022/1 Trimestre,Maia,Fogos Vendidos,582
2022/1 Trimestre,Maia,Preço de Venda / m2,1659
2022/1 Trimestre,Matosinhos,Fogos Vendidos,845
2022/1 Trimestre,Matosinhos,Preço de Venda / m2,2257
2022/1 Trimestre,Porto,Fogos Vendidos,1892
2022/1 Trimestre,Porto,Preço de Venda / m2,2992
2022/1 Trimestre,Póvoa de Varzim,Fogos Vendidos,361
2022/1 Trimestre,Póvoa de Varzim,Preço de Venda / m2,1750
2022/1 Trimestre,Valongo,Fogos Vendidos,441
2022/1 Trimestre,Valongo,Preço de Venda / m2,1443
2022/1 Trimestre,Vila do Conde,Fogos Vendidos,396
2022/1 Trimestre,Vila do Conde,Preço de Venda / m2,1465
2022/1 Trimestre,Vila Nova de Gaia,Fogos Vendidos,1619
2022/1 Trimestre,Vila Nova de Gaia,Preço de Venda / m2,1692
2022/1 Trimestre,Alcochete,Fogos Vendidos,114
2022/1 Trimestre,Alcochete,Preço de Venda / m2,1909
2022/1 Trimestre,Almada,Fogos Vendidos,867
2022/1 Trimestre,Almada,Preço de Venda / m2,2120
2022/1 Trimestre,Barreiro,Fogos Vendidos,398
2022/1 Trimestre,Barreiro,Preço de Venda / m2,1396
2022/1 Trimestre,Moita,Fogos Vendidos,290
2022/1 Trimestre,Moita,Preço de Venda / m2,1219
2022/1 Trimestre,Montijo,Fogos Vendidos,287
2022/1 Trimestre,Montijo,Preço de Venda / m2,1630
2022/1 Trimestre,Palmela,Fogos Vendidos,446
2022/1 Trimestre,Palmela,Preço de Venda / m2,1649
2022/1 Trimestre,Seixal,Fogos Vendidos,825
2022/1 Trimestre,Seixal,Preço de Venda / m2,1679
2022/1 Trimestre,Sesimbra,Fogos Vendidos,410
2022/1 Trimestre,Sesimbra,Preço de Venda / m2,2360
2022/1 Trimestre,Setúbal,Fogos Vendidos,917
2022/1 Trimestre,Setúbal,Preço de Venda / m2,1639
2022/2 Trimestre,Vila Franca de Xira,Fogos Vendidos,543
2022/2 Trimestre,Amadora,Fogos Vendidos,591
2022/2 Trimestre,Amadora,Preço de Venda / m2,2116
2022/2 Trimestre,Gondomar,Fogos Vendidos,587
2022/2 Trimestre,Porto,Fogos Vendidos,1786
2022/2 Trimestre,Porto,Preço de Venda / m2,3451
2022/2 Trimestre,Maia,Fogos Vendidos,555
2022/2 Trimestre,Maia,Preço de Venda / m2,1621
2022/2 Trimestre,Matosinhos,Fogos Vendidos,803
2022/2 Trimestre,Matosinhos,Preço de Venda / m2,2378
2022/2 Trimestre,Póvoa de Varzim,Fogos Vendidos,340
2022/2 Trimestre,Póvoa de Varzim,Preço de Venda / m2,1731
2022/2 Trimestre,Espinho,Fogos Vendidos,88
2022/2 Trimestre,Espinho,Preço de Venda / m2,2194
2022/2 Trimestre,Cascais,Fogos Vendidos,893
2022/2 Trimestre,Cascais,Preço de Venda / m2,3763
2022/2 Trimestre,Lisboa,Fogos Vendidos,2959
2022/2 Trimestre,Lisboa,Preço de Venda / m2,4505
2022/2 Trimestre,Loures,Fogos Vendidos,602
2022/2 Trimestre,Loures,Preço de Venda / m2,2214
2022/2 Trimestre,Mafra,Fogos Vendidos,396
2022/2 Trimestre,Mafra,Preço de Venda / m2,2208
2022/2 Trimestre,Oeiras,Fogos Vendidos,730
2022/2 Trimestre,Oeiras,Preço de Venda / m2,3248
2022/2 Trimestre,Sintra,Fogos Vendidos,1632
2022/2 Trimestre,Sintra,Preço de Venda / m2,1912
2022/2 Trimestre,Vila Franca de Xira,Preço de Venda / m2,1734
2022/2 Trimestre,Odivelas,Fogos Vendidos,465
2022/2 Trimestre,Odivelas,Preço de Venda / m2,2335
2022/2 Trimestre,Gondomar,Preço de Venda / m2,1463
2022/2 Trimestre,Valongo,Fogos Vendidos,418
2022/2 Trimestre,Valongo,Preço de Venda / m2,1393
2022/2 Trimestre,Vila do Conde,Fogos Vendidos,379
2022/2 Trimestre,Vila do Conde,Preço de Venda / m2,1571
2022/2 Trimestre,Vila Nova de Gaia,Fogos Vendidos,1530
2022/2 Trimestre,Vila Nova de Gaia,Preço de Venda / m2,1844
2022/2 Trimestre,Alcochete,Fogos Vendidos,113
2022/2 Trimestre,Alcochete,Preço de Venda / m2,1948
2022/2 Trimestre,Almada,Fogos Vendidos,858
2022/2 Trimestre,Almada,Preço de Venda / m2,2233
2022/2 Trimestre,Barreiro,Fogos Vendidos,394
2022/2 Trimestre,Barreiro,Preço de Venda / m2,1509
2022/2 Trimestre,Moita,Fogos Vendidos,287
2022/2 Trimestre,Moita,Preço de Venda / m2,1305
2022/2 Trimestre,Montijo,Fogos Vendidos,282
2022/2 Trimestre,Montijo,Preço de Venda / m2,1726
2022/2 Trimestre,Palmela,Fogos Vendidos,447
2022/2 Trimestre,Palmela,Preço de Venda / m2,1599
2022/2 Trimestre,Seixal,Fogos Vendidos,816
2022/2 Trimestre,Seixal,Preço de Venda / m2,1918
2022/2 Trimestre,Sesimbra,Fogos Vendidos,405
2022/2 Trimestre,Sesimbra,Preço de Venda / m2,2025
2022/2 Trimestre,Setúbal,Fogos Vendidos,908
2022/2 Trimestre,Setúbal,Preço de Venda / m2,1631
2022/3 Trimestre,Espinho,Fogos Vendidos,83
2022/3 Trimestre,Espinho,Preço de Venda / m2,1334
2022/3 Trimestre,Cascais,Fogos Vendidos,834
2022/3 Trimestre,Cascais,Preço de Venda / m2,4178
2022/3 Trimestre,Lisboa,Fogos Vendidos,2769
2022/3 Trimestre,Lisboa,Preço de Venda / m2,4576
2022/3 Trimestre,Loures,Fogos Vendidos,566
2022/3 Trimestre,Loures,Preço de Venda / m2,2409
2022/3 Trimestre,Mafra,Fogos Vendidos,367
2022/3 Trimestre,Mafra,Preço de Venda / m2,2264
2022/3 Trimestre,Oeiras,Fogos Vendidos,688
2022/3 Trimestre,Oeiras,Preço de Venda / m2,3405
2022/3 Trimestre,Sintra,Fogos Vendidos,1531
2022/3 Trimestre,Sintra,Preço de Venda / m2,2034
2022/3 Trimestre,Vila Franca de Xira,Fogos Vendidos,510
2022/3 Trimestre,Vila Franca de Xira,Preço de Venda / m2,1787
2022/3 Trimestre,Amadora,Fogos Vendidos,555
2022/3 Trimestre,Amadora,Preço de Venda / m2,2148
2022/3 Trimestre,Odivelas,Fogos Vendidos,436
2022/3 Trimestre,Odivelas,Preço de Venda / m2,2462
2022/3 Trimestre,Gondomar,Fogos Vendidos,567
2022/3 Trimestre,Gondomar,Preço de Venda / m2,1500
2022/3 Trimestre,Maia,Fogos Vendidos,538
2022/3 Trimestre,Maia,Preço de Venda / m2,1703
2022/3 Trimestre,Matosinhos,Fogos Vendidos,779
2022/3 Trimestre,Matosinhos,Preço de Venda / m2,2380
2022/3 Trimestre,Porto,Fogos Vendidos,1728
2022/3 Trimestre,Porto,Preço de Venda / m2,3076
2022/3 Trimestre,Póvoa de Varzim,Fogos Vendidos,324
2022/3 Trimestre,Póvoa de Varzim,Preço de Venda / m2,1999
2022/3 Trimestre,Valongo,Fogos Vendidos,403
2022/3 Trimestre,Valongo,Preço de Venda / m2,1410
2022/3 Trimestre,Vila do Conde,Fogos Vendidos,358
2022/3 Trimestre,Vila do Conde,Preço de Venda / m2,2268
2022/3 Trimestre,Vila Nova de Gaia,Fogos Vendidos,1464
2022/3 Trimestre,Vila Nova de Gaia,Preço de Venda / m2,1852
2022/3 Trimestre,Alcochete,Fogos Vendidos,109
2022/3 Trimestre,Alcochete,Preço de Venda / m2,2016
2022/3 Trimestre,Almada,Fogos Vendidos,801
2022/3 Trimestre,Almada,Preço de Venda / m2,2285
2022/3 Trimestre,Barreiro,Fogos Vendidos,374
2022/3 Trimestre,Barreiro,Preço de Venda / m2,1782
2022/3 Trimestre,Moita,Fogos Vendidos,266
2022/3 Trimestre,Moita,Preço de Venda / m2,1346
2022/3 Trimestre,Montijo,Fogos Vendidos,266
2022/3 Trimestre,Montijo,Preço de Venda / m2,1808
2022/3 Trimestre,Palmela,Fogos Vendidos,410
2022/3 Trimestre,Palmela,Preço de Venda / m2,1774
2022/3 Trimestre,Seixal,Fogos Vendidos,762
2022/3 Trimestre,Seixal,Preço de Venda / m2,1904
2022/3 Trimestre,Sesimbra,Fogos Vendidos,379
2022/3 Trimestre,Sesimbra,Preço de Venda / m2,2101
2022/3 Trimestre,Setúbal,Fogos Vendidos,853
2022/3 Trimestre,Setúbal,Preço de Venda / m2,1691
2022/4 Trimestre,Espinho,Fogos Vendidos,73
2022/4 Trimestre,Espinho,Preço de Venda / m2,1444
2022/4 Trimestre,Cascais,Fogos Vendidos,733
2022/4 Trimestre,Cascais,Preço de Venda / m2,4872
2022/4 Trimestre,Lisboa,Fogos Vendidos,2446
2022/4 Trimestre,Lisboa,Preço de Venda / m2,4598
2022/4 Trimestre,Loures,Fogos Vendidos,499
2022/4 Trimestre,Loures,Preço de Venda / m2,2453
2022/4 Trimestre,Mafra,Fogos Vendidos,324
2022/4 Trimestre,Mafra,Preço de Venda / m2,2385
2022/4 Trimestre,Oeiras,Fogos Vendidos,603
2022/4 Trimestre,Oeiras,Preço de Venda / m2,3876
2022/4 Trimestre,Sintra,Fogos Vendidos,1346
2022/4 Trimestre,Sintra,Preço de Venda / m2,2019
2022/4 Trimestre,Vila Franca de Xira,Fogos Vendidos,448
2022/4 Trimestre,Vila Franca de Xira,Preço de Venda / m2,1787
2022/4 Trimestre,Amadora,Fogos Vendidos,477
2022/4 Trimestre,Amadora,Preço de Venda / m2,2213
2022/4 Trimestre,Odivelas,Fogos Vendidos,383
2022/4 Trimestre,Odivelas,Preço de Venda / m2,2456
2022/4 Trimestre,Gondomar,Fogos Vendidos,516
2022/4 Trimestre,Gondomar,Preço de Venda / m2,1555
2022/4 Trimestre,Maia,Fogos Vendidos,496
2022/4 Trimestre,Maia,Preço de Venda / m2,1804
2022/4 Trimestre,Matosinhos,Fogos Vendidos,702
2022/4 Trimestre,Matosinhos,Preço de Venda / m2,2568
2022/4 Trimestre,Porto,Fogos Vendidos,1568
2022/4 Trimestre,Porto,Preço de Venda / m2,3074
2022/4 Trimestre,Póvoa de Varzim,Fogos Vendidos,294
2022/4 Trimestre,Póvoa de Varzim,Preço de Venda / m2,1596
2022/4 Trimestre,Valongo,Fogos Vendidos,363
2022/4 Trimestre,Valongo,Preço de Venda / m2,1521
2022/4 Trimestre,Vila do Conde,Fogos Vendidos,327
2022/4 Trimestre,Vila do Conde,Preço de Venda / m2,1611
2022/4 Trimestre,Vila Nova de Gaia,Fogos Vendidos,1340
2022/4 Trimestre,Vila Nova de Gaia,Preço de Venda / m2,1915
2022/4 Trimestre,Alcochete,Fogos Vendidos,97
2022/4 Trimestre,Alcochete,Preço de Venda / m2,2259
2022/4 Trimestre,Almada,Fogos Vendidos,704
2022/4 Trimestre,Almada,Preço de Venda / m2,2341
2022/4 Trimestre,Barreiro,Fogos Vendidos,330
2022/4 Trimestre,Barreiro,Preço de Venda / m2,1734
2022/4 Trimestre,Moita,Fogos Vendidos,239
2022/4 Trimestre,Moita,Preço de Venda / m2,1413
2022/4 Trimestre,Montijo,Fogos Vendidos,234
2022/4 Trimestre,Montijo,Preço de Venda / m2,1750
2022/4 Trimestre,Palmela,Fogos Vendidos,363
2022/4 Trimestre,Palmela,Preço de Venda / m2,1780
2022/4 Trimestre,Seixal,Fogos Vendidos,671
2022/4 Trimestre,Seixal,Preço de Venda / m2,1943
2022/4 Trimestre,Sesimbra,Fogos Vendidos,334
2022/4 Trimestre,Sesimbra,Preço de Venda / m2,2281
2022/4 Trimestre,Setúbal,Fogos Vendidos,747
2022/4 Trimestre,Setúbal,Preço de Venda / m2,1818
2023/1 Trimestre,Espinho,Fogos Vendidos,71
2023/1 Trimestre,Cascais,Fogos Vendidos,657
2023/1 Trimestre,Cascais,Preço de Venda / m2,4739
2023/1 Trimestre,Lisboa,Fogos Vendidos,2169
2023/1 Trimestre,Lisboa,Preço de Venda / m2,4924
2023/1 Trimestre,Loures,Fogos Vendidos,446
2023/1 Trimestre,Loures,Preço de Venda / m2,2506
2023/1 Trimestre,Mafra,Fogos Vendidos,299
2023/1 Trimestre,Mafra,Preço de Venda / m2,2394
2023/1 Trimestre,Oeiras,Fogos Vendidos,541
2023/1 Trimestre,Oeiras,Preço de Venda / m2,3799
2023/1 Trimestre,Sintra,Fogos Vendidos,1204
2023/1 Trimestre,Sintra,Preço de Venda / m2,2035
2023/1 Trimestre,Vila Franca de Xira,Fogos Vendidos,398
2023/1 Trimestre,Vila Franca de Xira,Preço de Venda / m2,1788
2023/1 Trimestre,Amadora,Fogos Vendidos,425
2023/1 Trimestre,Amadora,Preço de Venda / m2,2231
2023/1 Trimestre,Odivelas,Fogos Vendidos,339
2023/1 Trimestre,Odivelas,Preço de Venda / m2,2587
2023/1 Trimestre,Gondomar,Fogos Vendidos,482
2023/1 Trimestre,Gondomar,Preço de Venda / m2,1620
2023/1 Trimestre,Maia,Fogos Vendidos,468
2023/1 Trimestre,Maia,Preço de Venda / m2,1919
2023/1 Trimestre,Matosinhos,Fogos Vendidos,658
2023/1 Trimestre,Matosinhos,Preço de Venda / m2,2588
2023/1 Trimestre,Porto,Fogos Vendidos,1477
2023/1 Trimestre,Porto,Preço de Venda / m2,3158
2023/1 Trimestre,Póvoa de Varzim,Fogos Vendidos,280
2023/1 Trimestre,Póvoa de Varzim,Preço de Venda / m2,1825
2023/1 Trimestre,Valongo,Fogos Vendidos,344
2023/1 Trimestre,Valongo,Preço de Venda / m2,1508
2023/1 Trimestre,Vila do Conde,Fogos Vendidos,308
2023/1 Trimestre,Vila do Conde,Preço de Venda / m2,1740
2023/1 Trimestre,Vila Nova de Gaia,Fogos Vendidos,1257
2023/1 Trimestre,Vila Nova de Gaia,Preço de Venda / m2,1956
2023/1 Trimestre,Alcochete,Fogos Vendidos,86
2023/1 Trimestre,Alcochete,Preço de Venda / m2,1955
2023/1 Trimestre,Almada,Fogos Vendidos,631
2023/1 Trimestre,Almada,Preço de Venda / m2,2439
2023/1 Trimestre,Barreiro,Fogos Vendidos,288
2023/1 Trimestre,Barreiro,Preço de Venda / m2,1877
2023/1 Trimestre,Moita,Fogos Vendidos,213
2023/1 Trimestre,Moita,Preço de Venda / m2,1415
2023/1 Trimestre,Montijo,Fogos Vendidos,209
2023/1 Trimestre,Montijo,Preço de Venda / m2,1871
2023/1 Trimestre,Palmela,Fogos Vendidos,326
2023/1 Trimestre,Palmela,Preço de Venda / m2,1866
2023/1 Trimestre,Seixal,Fogos Vendidos,595
2023/1 Trimestre,Seixal,Preço de Venda / m2,1886
2023/1 Trimestre,Sesimbra,Fogos Vendidos,295
2023/1 Trimestre,Sesimbra,Preço de Venda / m2,2193
2023/1 Trimestre,Setúbal,Fogos Vendidos,669
2023/1 Trimestre,Setúbal,Preço de Venda / m2,1893
2023/2 Trimestre,Espinho,Fogos Vendidos,68
2023/2 Trimestre,Espinho,Preço de Venda / m2,1946
2023/2 Trimestre,Cascais,Fogos Vendidos,650
2023/2 Trimestre,Cascais,Preço de Venda / m2,4669
2023/2 Trimestre,Lisboa,Fogos Vendidos,2162
2023/2 Trimestre,Lisboa,Preço de Venda / m2,4871
2023/2 Trimestre,Loures,Fogos Vendidos,445
2023/2 Trimestre,Loures,Preço de Venda / m2,2703
2023/2 Trimestre,Mafra,Fogos Vendidos,296
2023/2 Trimestre,Mafra,Preço de Venda / m2,2490
2023/2 Trimestre,Oeiras,Fogos Vendidos,532
2023/2 Trimestre,Oeiras,Preço de Venda / m2,3814
2023/2 Trimestre,Sintra,Fogos Vendidos,1192
2023/2 Trimestre,Sintra,Preço de Venda / m2,2155
2023/2 Trimestre,Vila Franca de Xira,Fogos Vendidos,401
2023/2 Trimestre,Vila Franca de Xira,Preço de Venda / m2,1911
2023/2 Trimestre,Amadora,Fogos Vendidos,427
2023/2 Trimestre,Amadora,Preço de Venda / m2,2254
2023/2 Trimestre,Odivelas,Fogos Vendidos,339
2023/2 Trimestre,Odivelas,Preço de Venda / m2,2566
2023/2 Trimestre,Gondomar,Fogos Vendidos,454
2023/2 Trimestre,Gondomar,Preço de Venda / m2,1599
2023/2 Trimestre,Maia,Fogos Vendidos,433
2023/2 Trimestre,Maia,Preço de Venda / m2,1914
2023/2 Trimestre,Matosinhos,Fogos Vendidos,622
2023/2 Trimestre,Matosinhos,Preço de Venda / m2,2793
2023/2 Trimestre,Porto,Fogos Vendidos,1379
2023/2 Trimestre,Porto,Preço de Venda / m2,3316
2023/2 Trimestre,Póvoa de Varzim,Fogos Vendidos,259
2023/2 Trimestre,Póvoa de Varzim,Preço de Venda / m2,1928
2023/2 Trimestre,Valongo,Fogos Vendidos,321
2023/2 Trimestre,Valongo,Preço de Venda / m2,1483
2023/2 Trimestre,Vila do Conde,Fogos Vendidos,276
2023/2 Trimestre,Vila do Conde,Preço de Venda / m2,2104
2023/2 Trimestre,Vila Nova de Gaia,Fogos Vendidos,1177
2023/2 Trimestre,Vila Nova de Gaia,Preço de Venda / m2,2061
2023/2 Trimestre,Alcochete,Fogos Vendidos,82
2023/2 Trimestre,Alcochete,Preço de Venda / m2,2392
2023/2 Trimestre,Almada,Fogos Vendidos,630
2023/2 Trimestre,Almada,Preço de Venda / m2,2289
2023/2 Trimestre,Barreiro,Fogos Vendidos,294
2023/2 Trimestre,Barreiro,Preço de Venda / m2,1835
2023/2 Trimestre,Moita,Fogos Vendidos,213
2023/2 Trimestre,Moita,Preço de Venda / m2,1538
2023/2 Trimestre,Montijo,Fogos Vendidos,209
2023/2 Trimestre,Montijo,Preço de Venda / m2,1769
2023/2 Trimestre,Palmela,Fogos Vendidos,323
2023/2 Trimestre,Palmela,Preço de Venda / m2,1862
2023/2 Trimestre,Seixal,Fogos Vendidos,596
2023/2 Trimestre,Seixal,Preço de Venda / m2,1902
2023/2 Trimestre,Sesimbra,Fogos Vendidos,296
2023/2 Trimestre,Sesimbra,Preço de Venda / m2,2248
2023/2 Trimestre,Setúbal,Fogos Vendidos,665
2023/2 Trimestre,Setúbal,Preço de Venda / m2,1903
2023/3 Trimestre,Espinho,Fogos Vendidos,75
2023/3 Trimestre,Espinho,Preço de Venda / m2,1636
2023/3 Trimestre,Cascais,Fogos Vendidos,625
2023/3 Trimestre,Cascais,Preço de Venda / m2,4526
2023/3 Trimestre,Lisboa,Fogos Vendidos,2078
2023/3 Trimestre,Lisboa,Preço de Venda / m2,4921
2023/3 Trimestre,Loures,Fogos Vendidos,428
2023/3 Trimestre,Loures,Preço de Venda / m2,2836
2023/3 Trimestre,Mafra,Fogos Vendidos,285
2023/3 Trimestre,Mafra,Preço de Venda / m2,2534
2023/3 Trimestre,Oeiras,Fogos Vendidos,510
2023/3 Trimestre,Oeiras,Preço de Venda / m2,3788
2023/3 Trimestre,Sintra,Fogos Vendidos,1144
2023/3 Trimestre,Sintra,Preço de Venda / m2,2193
2023/3 Trimestre,Vila Franca de Xira,Fogos Vendidos,383
2023/3 Trimestre,Vila Franca de Xira,Preço de Venda / m2,2047
2023/3 Trimestre,Amadora,Fogos Vendidos,413
2023/3 Trimestre,Amadora,Preço de Venda / m2,2297
2023/3 Trimestre,Odivelas,Fogos Vendidos,327
2023/3 Trimestre,Odivelas,Preço de Venda / m2,2530
2023/3 Trimestre,Gondomar,Fogos Vendidos,490
2023/3 Trimestre,Gondomar,Preço de Venda / m2,1623
2023/3 Trimestre,Maia,Fogos Vendidos,458
2023/3 Trimestre,Maia,Preço de Venda / m2,1915
2023/3 Trimestre,Matosinhos,Fogos Vendidos,672
2023/3 Trimestre,Matosinhos,Preço de Venda / m2,2672
2023/3 Trimestre,Porto,Fogos Vendidos,1507
2023/3 Trimestre,Porto,Preço de Venda / m2,3162
2023/3 Trimestre,Póvoa de Varzim,Fogos Vendidos,283
2023/3 Trimestre,Póvoa de Varzim,Preço de Venda / m2,2266
2023/3 Trimestre,Valongo,Fogos Vendidos,353
2023/3 Trimestre,Valongo,Preço de Venda / m2,1606
2023/3 Trimestre,Vila do Conde,Fogos Vendidos,313
2023/3 Trimestre,Vila do Conde,Preço de Venda / m2,1754
2023/3 Trimestre,Vila Nova de Gaia,Fogos Vendidos,1283
2023/3 Trimestre,Vila Nova de Gaia,Preço de Venda / m2,1996
2023/3 Trimestre,Alcochete,Fogos Vendidos,80
2023/3 Trimestre,Alcochete,Preço de Venda / m2,2170
2023/3 Trimestre,Almada,Fogos Vendidos,599
2023/3 Trimestre,Almada,Preço de Venda / m2,2527
2023/3 Trimestre,Barreiro,Fogos Vendidos,278
2023/3 Trimestre,Barreiro,Preço de Venda / m2,1781
2023/3 Trimestre,Moita,Fogos Vendidos,202
2023/3 Trimestre,Moita,Preço de Venda / m2,1569
2023/3 Trimestre,Montijo,Fogos Vendidos,196
2023/3 Trimestre,Montijo,Preço de Venda / m2,1984
2023/3 Trimestre,Palmela,Fogos Vendidos,308
2023/3 Trimestre,Palmela,Preço de Venda / m2,1982
2023/3 Trimestre,Seixal,Fogos Vendidos,569
2023/3 Trimestre,Seixal,Preço de Venda / m2,2089
2023/3 Trimestre,Sesimbra,Fogos Vendidos,282
2023/3 Trimestre,Sesimbra,Preço de Venda / m2,2103
2023/3 Trimestre,Setúbal,Fogos Vendidos,639
2023/3 Trimestre,Setúbal,Preço de Venda / m2,1986
2023/4 Trimestre,Montijo,Fogos Vendidos,204
2023/4 Trimestre,Palmela,Fogos Vendidos,323
2023/4 Trimestre,Seixal,Fogos Vendidos,595
2023/4 Trimestre,Barreiro,Fogos Vendidos,294
2023/4 Trimestre,Espinho,Fogos Vendidos,63
2023/4 Trimestre,Espinho,Preço de Venda / m2,2459
2023/4 Trimestre,Cascais,Fogos Vendidos,658
2023/4 Trimestre,Cascais,Preço de Venda / m2,4859
2023/4 Trimestre,Moita,Fogos Vendidos,210
2023/4 Trimestre,Lisboa,Fogos Vendidos,2197
2023/4 Trimestre,Lisboa,Preço de Venda / m2,5060
2023/4 Trimestre,Loures,Fogos Vendidos,448
2023/4 Trimestre,Loures,Preço de Venda / m2,2595
2023/4 Trimestre,Mafra,Fogos Vendidos,290
2023/4 Trimestre,Mafra,Preço de Venda / m2,2473
2023/4 Trimestre,Oeiras,Fogos Vendidos,544
2023/4 Trimestre,Oeiras,Preço de Venda / m2,3499
2023/4 Trimestre,Sintra,Fogos Vendidos,1205
2023/4 Trimestre,Sintra,Preço de Venda / m2,2185
2023/4 Trimestre,Vila Franca de Xira,Fogos Vendidos,405
2023/4 Trimestre,Vila Franca de Xira,Preço de Venda / m2,1953
2023/4 Trimestre,Amadora,Fogos Vendidos,434
2023/4 Trimestre,Amadora,Preço de Venda / m2,2289
2023/4 Trimestre,Odivelas,Fogos Vendidos,341
2023/4 Trimestre,Odivelas,Preço de Venda / m2,2578
2023/4 Trimestre,Gondomar,Fogos Vendidos,439
2023/4 Trimestre,Gondomar,Preço de Venda / m2,1628
2023/4 Trimestre,Maia,Fogos Vendidos,420
2023/4 Trimestre,Maia,Preço de Venda / m2,1916
2023/4 Trimestre,Matosinhos,Fogos Vendidos,612
2023/4 Trimestre,Matosinhos,Preço de Venda / m2,2727
2023/4 Trimestre,Porto,Fogos Vendidos,1355
2023/4 Trimestre,Porto,Preço de Venda / m2,3102
2023/4 Trimestre,Póvoa de Varzim,Fogos Vendidos,259
2023/4 Trimestre,Póvoa de Varzim,Preço de Venda / m2,1931
2023/4 Trimestre,Valongo,Fogos Vendidos,316
2023/4 Trimestre,Valongo,Preço de Venda / m2,1657
2023/4 Trimestre,Vila do Conde,Fogos Vendidos,265
2023/4 Trimestre,Vila do Conde,Preço de Venda / m2,2077
2023/4 Trimestre,Vila Nova de Gaia,Fogos Vendidos,1166
2023/4 Trimestre,Vila Nova de Gaia,Preço de Venda / m2,1959
2023/4 Trimestre,Alcochete,Fogos Vendidos,85
2023/4 Trimestre,Alcochete,Preço de Venda / m2,2206
2023/4 Trimestre,Almada,Fogos Vendidos,634
2023/4 Trimestre,Almada,Preço de Venda / m2,2519
2023/4 Trimestre,Barreiro,Preço de Venda / m2,1820
2023/4 Trimestre,Moita,Preço de Venda / m2,1482
2023/4 Trimestre,Montijo,Preço de Venda / m2,1761
2023/4 Trimestre,Palmela,Preço de Venda / m2,1861
2023/4 Trimestre,Seixal,Preço de Venda / m2,1998
2023/4 Trimestre,Sesimbra,Fogos Vendidos,298
2023/4 Trimestre,Sesimbra,Preço de Venda / m2,1905
2023/4 Trimestre,Setúbal,Fogos Vendidos,673
2023/4 Trimestre,Setúbal,Preço de Venda / m2,1973
2024/1 Trimestre,Espinho,Fogos Vendidos,68
2024/1 Trimestre,Cascais,Fogos Vendidos,634
2024/1 Trimestre,Cascais,Preço de Venda / m2,4252
2024/1 Trimestre,Lisboa,Fogos Vendidos,2109
2024/1 Trimestre,Lisboa,Preço de Venda / m2,4575
2024/1 Trimestre,Loures,Fogos Vendidos,434
2024/1 Trimestre,Loures,Preço de Venda / m2,2633
2024/1 Trimestre,Mafra,Fogos Vendidos,293
2024/1 Trimestre,Mafra,Preço de Venda / m2,2328
2024/1 Trimestre,Oeiras,Fogos Vendidos,522
2024/1 Trimestre,Oeiras,Preço de Venda / m2,3681
2024/1 Trimestre,Sintra,Fogos Vendidos,1155
2024/1 Trimestre,Sintra,Preço de Venda / m2,2233
2024/1 Trimestre,Vila Franca de Xira,Fogos Vendidos,388
2024/1 Trimestre,Vila Franca de Xira,Preço de Venda / m2,1997
2024/1 Trimestre,Amadora,Fogos Vendidos,413
2024/1 Trimestre,Amadora,Preço de Venda / m2,2482
2024/1 Trimestre,Odivelas,Fogos Vendidos,330
2024/1 Trimestre,Odivelas,Preço de Venda / m2,2675
2024/1 Trimestre,Gondomar,Fogos Vendidos,481
2024/1 Trimestre,Gondomar,Preço de Venda / m2,1717
2024/1 Trimestre,Maia,Fogos Vendidos,462
2024/1 Trimestre,Maia,Preço de Venda / m2,1969
2024/1 Trimestre,Matosinhos,Fogos Vendidos,657
2024/1 Trimestre,Matosinhos,Preço de Venda / m2,2626
2024/1 Trimestre,Porto,Fogos Vendidos,1468
2024/1 Trimestre,Porto,Preço de Venda / m2,3035
2024/1 Trimestre,Póvoa de Varzim,Fogos Vendidos,276
2024/1 Trimestre,Póvoa de Varzim,Preço de Venda / m2,2186
2024/1 Trimestre,Valongo,Fogos Vendidos,345
2024/1 Trimestre,Valongo,Preço de Venda / m2,1529
2024/1 Trimestre,Vila do Conde,Fogos Vendidos,290
2024/1 Trimestre,Vila do Conde,Preço de Venda / m2,2035
2024/1 Trimestre,Vila Nova de Gaia,Fogos Vendidos,1265
2024/1 Trimestre,Vila Nova de Gaia,Preço de Venda / m2,2000
2024/1 Trimestre,Alcochete,Fogos Vendidos,79
2024/1 Trimestre,Alcochete,Preço de Venda / m2,2021
2024/1 Trimestre,Almada,Fogos Vendidos,606
2024/1 Trimestre,Almada,Preço de Venda / m2,2442
2024/1 Trimestre,Barreiro,Fogos Vendidos,287
2024/1 Trimestre,Barreiro,Preço de Venda / m2,1933
2024/1 Trimestre,Moita,Fogos Vendidos,205
2024/1 Trimestre,Moita,Preço de Venda / m2,1649
2024/1 Trimestre,Montijo,Fogos Vendidos,198
2024/1 Trimestre,Montijo,Preço de Venda / m2,1836
2024/1 Trimestre,Palmela,Fogos Vendidos,317
2024/1 Trimestre,Palmela,Preço de Venda / m2,1283
2024/1 Trimestre,Seixal,Fogos Vendidos,577
2024/1 Trimestre,Seixal,Preço de Venda / m2,2064
2024/1 Trimestre,Sesimbra,Fogos Vendidos,286
2024/1 Trimestre,Sesimbra,Preço de Venda / m2,2342
2024/1 Trimestre,Setúbal,Fogos Vendidos,643
2024/1 Trimestre,Setúbal,Preço de Venda / m2,1902
2024/2 Trimestre,Espinho,Fogos Vendidos,81
2024/2 Trimestre,Cascais,Fogos Vendidos,709
2024/2 Trimestre,Cascais,Preço de Venda / m2,4730
2024/2 Trimestre,Lisboa,Fogos Vendidos,2351
2024/2 Trimestre,Lisboa,Preço de Venda / m2,4821
2024/2 Trimestre,Loures,Fogos Vendidos,483
2024/2 Trimestre,Loures,Preço de Venda / m2,2811
2024/2 Trimestre,Mafra,Fogos Vendidos,323
2024/2 Trimestre,Mafra,Preço de Venda / m2,2437
2024/2 Trimestre,Oeiras,Fogos Vendidos,586
2024/2 Trimestre,Oeiras,Preço de Venda / m2,3719
2024/2 Trimestre,Sintra,Fogos Vendidos,1296
2024/2 Trimestre,Sintra,Preço de Venda / m2,2282
2024/2 Trimestre,Vila Franca de Xira,Fogos Vendidos,433
2024/2 Trimestre,Vila Franca de Xira,Preço de Venda / m2,2018
2024/2 Trimestre,Amadora,Fogos Vendidos,473
2024/2 Trimestre,Amadora,Preço de Venda / m2,2441
2024/2 Trimestre,Odivelas,Fogos Vendidos,369
2024/2 Trimestre,Odivelas,Preço de Venda / m2,2677
2024/2 Trimestre,Gondomar,Fogos Vendidos,533
2024/2 Trimestre,Gondomar,Preço de Venda / m2,1705
2024/2 Trimestre,Maia,Fogos Vendidos,511
2024/2 Trimestre,Maia,Preço de Venda / m2,2007
2024/2 Trimestre,Matosinhos,Fogos Vendidos,730
2024/2 Trimestre,Matosinhos,Preço de Venda / m2,2759
2024/2 Trimestre,Porto,Fogos Vendidos,1627
2024/2 Trimestre,Porto,Preço de Venda / m2,3203
2024/2 Trimestre,Póvoa de Varzim,Fogos Vendidos,308
2024/2 Trimestre,Póvoa de Varzim,Preço de Venda / m2,2152
2024/2 Trimestre,Valongo,Fogos Vendidos,383
2024/2 Trimestre,Valongo,Preço de Venda / m2,1666
2024/2 Trimestre,Vila do Conde,Fogos Vendidos,327
2024/2 Trimestre,Vila do Conde,Preço de Venda / m2,2039
2024/2 Trimestre,Vila Nova de Gaia,Fogos Vendidos,1399
2024/2 Trimestre,Vila Nova de Gaia,Preço de Venda / m2,2272
2024/2 Trimestre,Alcochete,Fogos Vendidos,88
2024/2 Trimestre,Alcochete,Preço de Venda / m2,2825
2024/2 Trimestre,Almada,Fogos Vendidos,679
2024/2 Trimestre,Almada,Preço de Venda / m2,2552
2024/2 Trimestre,Barreiro,Fogos Vendidos,315
2024/2 Trimestre,Barreiro,Preço de Venda / m2,1905
2024/2 Trimestre,Moita,Fogos Vendidos,228
2024/2 Trimestre,Moita,Preço de Venda / m2,1665
2024/2 Trimestre,Montijo,Fogos Vendidos,222
2024/2 Trimestre,Montijo,Preço de Venda / m2,1893
2024/2 Trimestre,Palmela,Fogos Vendidos,355
2024/2 Trimestre,Palmela,Preço de Venda / m2,1981
2024/2 Trimestre,Seixal,Fogos Vendidos,645
2024/2 Trimestre,Seixal,Preço de Venda / m2,2117
2024/2 Trimestre,Sesimbra,Fogos Vendidos,321
2024/2 Trimestre,Sesimbra,Preço de Venda / m2,2287
2024/2 Trimestre,Setúbal,Fogos Vendidos,719
2024/2 Trimestre,Setúbal,Preço de Venda / m2,2045
2024/3 Trimestre,Espinho,Fogos Vendidos,86
2024/3 Trimestre,Espinho,Preço de Venda / m2,1759
2024/3 Trimestre,Cascais,Fogos Vendidos,796
2024/3 Trimestre,Cascais,Preço de Venda / m2,4647
2024/3 Trimestre,Lisboa,Fogos Vendidos,2650
2024/3 Trimestre,Lisboa,Preço de Venda / m2,4766
2024/3 Trimestre,Loures,Fogos Vendidos,540
2024/3 Trimestre,Loures,Preço de Venda / m2,2744
2024/3 Trimestre,Mafra,Fogos Vendidos,357
2024/3 Trimestre,Mafra,Preço de Venda / m2,2519
2024/3 Trimestre,Oeiras,Fogos Vendidos,657
2024/3 Trimestre,Oeiras,Preço de Venda / m2,3921
2024/3 Trimestre,Sintra,Fogos Vendidos,1463
2024/3 Trimestre,Sintra,Preço de Venda / m2,2419
2024/3 Trimestre,Vila Franca de Xira,Fogos Vendidos,488
2024/3 Trimestre,Vila Franca de Xira,Preço de Venda / m2,2098
2024/3 Trimestre,Amadora,Fogos Vendidos,524
2024/3 Trimestre,Amadora,Preço de Venda / m2,2524
2024/3 Trimestre,Odivelas,Fogos Vendidos,412
2024/3 Trimestre,Odivelas,Preço de Venda / m2,2788
2024/3 Trimestre,Gondomar,Fogos Vendidos,611
2024/3 Trimestre,Gondomar,Preço de Venda / m2,1756
2024/3 Trimestre,Maia,Fogos Vendidos,587
2024/3 Trimestre,Maia,Preço de Venda / m2,2172
2024/3 Trimestre,Matosinhos,Fogos Vendidos,837
2024/3 Trimestre,Matosinhos,Preço de Venda / m2,2856
2024/3 Trimestre,Porto,Fogos Vendidos,1862
2024/3 Trimestre,Porto,Preço de Venda / m2,3283
2024/3 Trimestre,Póvoa de Varzim,Fogos Vendidos,350
2024/3 Trimestre,Póvoa de Varzim,Preço de Venda / m2,2171
2024/3 Trimestre,Valongo,Fogos Vendidos,433
2024/3 Trimestre,Valongo,Preço de Venda / m2,1668
2024/3 Trimestre,Vila do Conde,Fogos Vendidos,394
2024/3 Trimestre,Vila do Conde,Preço de Venda / m2,1982
2024/3 Trimestre,Vila Nova de Gaia,Fogos Vendidos,1606
2024/3 Trimestre,Vila Nova de Gaia,Preço de Venda / m2,2645
2024/3 Trimestre,Alcochete,Fogos Vendidos,102
2024/3 Trimestre,Alcochete,Preço de Venda / m2,2384
2024/3 Trimestre,Almada,Fogos Vendidos,770
2024/3 Trimestre,Almada,Preço de Venda / m2,2445
2024/3 Trimestre,Barreiro,Fogos Vendidos,353
2024/3 Trimestre,Barreiro,Preço de Venda / m2,1930
2024/3 Trimestre,Moita,Fogos Vendidos,261
2024/3 Trimestre,Moita,Preço de Venda / m2,1748
2024/3 Trimestre,Montijo,Fogos Vendidos,252
2024/3 Trimestre,Montijo,Preço de Venda / m2,2107
2024/3 Trimestre,Palmela,Fogos Vendidos,398
2024/3 Trimestre,Palmela,Preço de Venda / m2,2079
2024/3 Trimestre,Seixal,Fogos Vendidos,722
2024/3 Trimestre,Seixal,Preço de Venda / m2,2174
2024/3 Trimestre,Sesimbra,Fogos Vendidos,361
2024/3 Trimestre,Sesimbra,Preço de Venda / m2,2518
2024/3 Trimestre,Setúbal,Fogos Vendidos,813
2024/3 Trimestre,Setúbal,Preço de Venda / m2,2045
2024/4 Trimestre,Espinho,Fogos Vendidos,96
2024/4 Trimestre,Espinho,Preço de Venda / m2,2033
2024/4 Trimestre,Cascais,Fogos Vendidos,885
2024/4 Trimestre,Cascais,Preço de Venda / m2,4410
2024/4 Trimestre,Lisboa,Fogos Vendidos,2944
2024/4 Trimestre,Lisboa,Preço de Venda / m2,4852
2024/4 Trimestre,Loures,Fogos Vendidos,594
2024/4 Trimestre,Loures,Preço de Venda / m2,2913
2024/4 Trimestre,Mafra,Fogos Vendidos,404
2024/4 Trimestre,Mafra,Preço de Venda / m2,2528
2024/4 Trimestre,Oeiras,Fogos Vendidos,728
2024/4 Trimestre,Oeiras,Preço de Venda / m2,3921
2024/4 Trimestre,Sintra,Fogos Vendidos,1620
2024/4 Trimestre,Sintra,Preço de Venda / m2,2455
2024/4 Trimestre,Vila Franca de Xira,Fogos Vendidos,542
2024/4 Trimestre,Vila Franca de Xira,Preço de Venda / m2,2225
2024/4 Trimestre,Amadora,Fogos Vendidos,581
2024/4 Trimestre,Amadora,Preço de Venda / m2,2649
2024/4 Trimestre,Odivelas,Fogos Vendidos,459
2024/4 Trimestre,Odivelas,Preço de Venda / m2,2862
2024/4 Trimestre,Gondomar,Fogos Vendidos,637
2024/4 Trimestre,Gondomar,Preço de Venda / m2,1802
2024/4 Trimestre,Maia,Fogos Vendidos,611
2024/4 Trimestre,Maia,Preço de Venda / m2,2286
2024/4 Trimestre,Matosinhos,Fogos Vendidos,870
2024/4 Trimestre,Matosinhos,Preço de Venda / m2,3004
2024/4 Trimestre,Porto,Fogos Vendidos,1951
2024/4 Trimestre,Porto,Preço de Venda / m2,3448
2024/4 Trimestre,Póvoa de Varzim,Fogos Vendidos,372
2024/4 Trimestre,Póvoa de Varzim,Preço de Venda / m2,2201
2024/4 Trimestre,Valongo,Fogos Vendidos,453
2024/4 Trimestre,Valongo,Preço de Venda / m2,1827
2024/4 Trimestre,Vila do Conde,Fogos Vendidos,390
2024/4 Trimestre,Vila do Conde,Preço de Venda / m2,2119
2024/4 Trimestre,Vila Nova de Gaia,Fogos Vendidos,1670
2024/4 Trimestre,Vila Nova de Gaia,Preço de Venda / m2,2204
2024/4 Trimestre,Alcochete,Fogos Vendidos,113
2024/4 Trimestre,Alcochete,Preço de Venda / m2,2512
2024/4 Trimestre,Almada,Fogos Vendidos,848
2024/4 Trimestre,Almada,Preço de Venda / m2,2579
2024/4 Trimestre,Barreiro,Fogos Vendidos,396
2024/4 Trimestre,Barreiro,Preço de Venda / m2,2072
2024/4 Trimestre,Moita,Fogos Vendidos,286
2024/4 Trimestre,Moita,Preço de Venda / m2,1761
2024/4 Trimestre,Montijo,Fogos Vendidos,281
2024/4 Trimestre,Montijo,Preço de Venda / m2,2037
2024/4 Trimestre,Palmela,Fogos Vendidos,441
2024/4 Trimestre,Palmela,Preço de Venda / m2,2166
2024/4 Trimestre,Seixal,Fogos Vendidos,806
2024/4 Trimestre,Seixal,Preço de Venda / m2,2220
2024/4 Trimestre,Sesimbra,Fogos Vendidos,400
2024/4 Trimestre,Sesimbra,Preço de Venda / m2,3047
2024/4 Trimestre,Setúbal,Fogos Vendidos,901
2024/4 Trimestre,Setúbal,Preço de Venda / m2,2368
